leiden_r06,x_aligned,y_aligned,CD274
CAF,385.5699768066406,213.84988403320312,0.0
CAF,377.8816833496094,216.05517578125,0.0
CAF,376.3540344238281,243.3905029296875,0.0
CAF,381.86566162109375,239.95240783691406,0.0
CAF,412.4469299316406,195.98277282714844,0.0
CAF,428.4534606933594,187.93528747558594,0.0
CAF,419.8982849121094,195.68482971191406,0.0
CAF,451.530029296875,202.6133270263672,0.0
CAF,457.31719970703125,203.83290100097656,2.7045107
CAF,457.4796142578125,211.3877716064453,0.0
CAF,435.0941162109375,206.63546752929688,0.0
CAF,435.5294494628906,198.7084197998047,0.0
CAF,429.7301330566406,194.1802520751953,0.0
CAF,457.4962158203125,192.00758361816406,0.0
CAF,464.5855712890625,198.25064086914062,0.0
CAF,457.69781494140625,200.9487762451172,0.0
CAF,381.39349365234375,205.71092224121094,0.0
CAF,399.02880859375,197.5991668701172,0.0
CAF,423.0600280761719,202.73452758789062,0.0
CAF,407.9657897949219,196.72547912597656,0.0
CAF,412.0252380371094,201.6341094970703,0.0
CAF,405.0828552246094,199.47862243652344,0.0
CAF,681.8231811523438,262.0307922363281,0.0
CAF,589.3703002929688,327.42535400390625,0.0
CAF,586.162353515625,333.34185791015625,0.0
CAF,590.90478515625,373.834716796875,0.0
CAF,579.1133422851562,348.97076416015625,0.0
CAF,603.5621337890625,353.62109375,0.0
CAF,583.3877563476562,347.397216796875,0.0
CAF,560.3224487304688,390.5130615234375,0.0
CAF,575.8176879882812,357.0953369140625,0.0
CAF,445.49652099609375,178.12669372558594,0.0
CAF,448.7211608886719,174.45339965820312,0.0
CAF,451.78228759765625,187.7215118408203,0.0
CAF,472.5671081542969,186.34645080566406,0.0
CAF,479.6805419921875,196.37033081054688,0.0
CAF,481.0745849609375,182.5184326171875,0.0
CAF,473.8941650390625,174.58529663085938,0.0
CAF,468.7813415527343,186.50001525878906,0.0
CAF,462.6767272949219,178.3970184326172,0.0
CAF,571.6070556640625,141.53675842285156,0.0
CAF,555.34130859375,141.78163146972656,0.0
CAF,579.8365478515625,148.32810974121094,0.0
CAF,585.1907958984375,152.84234619140625,0.0
CAF,648.6148071289062,155.2285919189453,0.0
CAF,697.7654418945312,186.4116973876953,0.0
CAF,699.8976440429688,203.43121337890625,0.0
CAF,689.4619140625,201.10020446777344,0.0
CAF,685.5576782226562,195.16351318359375,0.0
CAF,658.4348754882812,153.52764892578125,0.0
CAF,574.7101440429688,158.6116485595703,2.167218
CAF,570.4796142578125,158.31398010253906,2.4331756
CAF,521.3449096679688,152.20654296875,0.0
CAF,513.8905029296875,167.51992797851562,0.0
CAF,507.7471923828125,173.3588104248047,0.0
CAF,493.2625732421875,189.3096160888672,0.0
CAF,532.1261596679688,169.59803771972656,0.0
CAF,547.7045288085938,153.111083984375,0.0
CAF,857.2216186523438,303.9846496582031,0.0
CAF,866.3818969726562,322.5779724121094,0.0
CAF,868.0759887695312,329.8075866699219,0.0
CAF,866.74072265625,314.6836242675781,0.0
CAF,892.5257568359375,359.88665771484375,3.2135155
CAF,889.8758544921875,336.8976135253906,0.0
CAF,893.8563842773438,333.7713623046875,0.0
CAF,914.9046630859375,484.5810546875,0.0
CAF,913.044677734375,483.7025146484375,0.0
CAF,919.1331787109375,521.3464965820312,0.0
CAF,934.5531616210938,521.0372314453125,0.0
CAF,934.419189453125,539.1458129882812,0.0
CAF,937.6959228515625,543.8882446289062,0.0
CAF,944.292724609375,519.1239013671875,2.5843675
CAF,947.4495239257812,534.4027709960938,0.0
CAF,946.1947631835938,519.1473999023438,0.0
CAF,937.4249877929688,518.22705078125,0.0
CAF,933.8043823242188,505.4903564453125,0.0
CAF,939.7249145507812,512.6244506835938,0.0
CAF,937.2927856445312,489.271240234375,0.0
CAF,933.6932983398438,500.7043762207031,0.0
CAF,934.3345336914062,487.77825927734375,0.0
CAF,929.473388671875,489.00738525390625,0.0
CAF,933.593017578125,495.6825256347656,0.0
CAF,927.1318359375,490.7335510253906,0.0
CAF,911.701171875,504.5321350097656,0.0
CAF,928.8329467773438,509.74822998046875,0.0
CAF,921.642333984375,494.06744384765625,0.0
CAF,899.4210205078125,508.0605773925781,0.0
CAF,901.47900390625,510.1531677246093,0.0
CAF,896.2343139648438,519.6100463867188,0.0
CAF,902.4893798828125,505.557861328125,0.0
CAF,909.48486328125,539.2892456054688,0.0
CAF,905.3291015625,515.6478881835938,0.0
CAF,907.3406982421875,510.2223815917969,0.0
CAF,909.8212890625,493.610107421875,0.0
CAF,903.12744140625,506.8981018066406,0.0
CAF,900.7072143554688,488.6479797363281,0.0
CAF,900.3604736328125,500.5176086425781,0.0
CAF,906.3737182617188,482.3973083496093,0.0
CAF,938.9619140625,390.79656982421875,0.0
CAF,855.3746337890625,290.3545227050781,0.0
CAF,921.3493041992188,346.86297607421875,0.0
CAF,928.9486694335938,352.5168151855469,0.0
CAF,925.3109130859375,334.73382568359375,3.6171656
CAF,925.9581909179688,343.1585998535156,3.6494415
CAF,912.9805297851562,341.4403381347656,0.0
CAF,906.0226440429688,320.4040832519531,0.0
CAF,913.843505859375,311.4266357421875,0.0
CAF,862.346923828125,514.875244140625,0.0
CAF,844.3682250976562,515.9110717773438,3.6828535
CAF,871.9005126953125,469.8791809082031,0.0
CAF,854.7697143554688,510.48077392578125,0.0
CAF,844.9645385742188,501.00933837890625,0.0
CAF,855.2738037109375,501.2122802734375,0.0
CAF,872.4768676757812,478.2773742675781,0.0
CAF,873.5034790039062,476.2430114746093,0.0
CAF,892.4417114257812,515.9185180664062,0.0
CAF,890.7069702148438,521.0835571289062,0.0
CAF,891.9777221679688,487.5872802734375,0.0
CAF,693.6937255859375,255.1629943847656,0.0
CAF,697.4271240234375,257.187255859375,0.0
CAF,691.9089965820312,275.51824951171875,0.0
CAF,685.4783325195312,263.34124755859375,0.0
CAF,679.7927856445312,303.87255859375,0.0
CAF,843.129638671875,499.5205383300781,0.0
CAF,843.9954223632812,512.9683227539062,0.0
CAF,833.8807373046875,505.0332336425781,0.0
CAF,837.3837280273438,511.5200500488281,0.0
CAF,815.14990234375,460.0972595214843,0.0
CAF,820.3676147460938,525.1008911132812,0.0
CAF,820.653076171875,537.3112182617188,1.7988781
CAF,819.259765625,472.6407775878906,0.0
CAF,816.154541015625,470.890625,0.0
CAF,827.2357177734375,416.78948974609375,0.0
CAF,830.5472412109375,425.393798828125,0.0
CAF,819.2125854492188,424.6295471191406,0.0
CAF,824.0469360351562,439.22686767578125,0.0
CAF,830.4913940429688,435.9939880371094,0.0
CAF,825.355224609375,426.148193359375,0.0
CAF,816.8387451171875,438.048828125,0.0
CAF,836.6380615234375,412.7421569824219,0.0
CAF,702.9848022460938,225.608154296875,0.0
CAF,702.7551879882812,211.23587036132812,0.0
CAF,688.8582763671875,225.7503356933594,0.0
CAF,692.9498901367188,212.71127319335938,0.0
CAF,694.7954711914062,219.93392944335938,0.0
CAF,789.143310546875,272.32159423828125,2.6750803
CAF,840.619384765625,272.9476318359375,0.0
CAF,836.2705078125,264.9991455078125,2.9855301
CAF,835.3746948242188,272.5406494140625,0.0
CAF,802.4866333007812,260.77142333984375,0.0
CAF,690.9849853515625,237.6479034423828,0.0
CAF,698.4102783203125,233.8938751220703,0.0
CAF,692.8092651367188,250.8789825439453,0.0
CAF,781.5721435546875,249.88623046875,0.0
CAF,784.8385009765625,273.3688049316406,0.0
CAF,739.7742919921875,256.5563659667969,0.0
CAF,738.9683837890625,259.2577819824219,0.0
CAF,230.7903594970703,426.5300598144531,0.0
CAF,223.64967346191406,418.2523193359375,0.0
CAF,223.32684326171875,398.737548828125,0.0
CAF,252.65843200683594,389.6807861328125,0.0
CAF,229.9386444091797,363.3525085449219,0.0
CAF,233.09629821777344,305.4505615234375,0.0
CAF,366.09771728515625,332.65032958984375,0.0
CAF,358.9112243652344,383.9166259765625,0.0
CAF,357.10101318359375,352.92510986328125,0.0
CAF,357.1265563964844,319.021484375,0.0
CAF,359.4026184082031,350.14276123046875,0.0
CAF,359.4219055175781,341.20831298828125,0.0
CAF,354.7062072753906,351.8309020996094,0.0
CAF,332.9242248535156,196.98782348632812,0.0
CAF,345.49908447265625,212.2506866455078,0.0
CAF,366.32159423828125,275.1270751953125,0.0
CAF,361.7529296875,239.4982452392578,0.0
CAF,366.6800842285156,220.27195739746094,0.0
CAF,249.9375915527344,251.8878936767578,0.0
CAF,354.4068603515625,208.49679565429688,0.0
CAF,359.8988952636719,211.4658660888672,0.0
CAF,354.95458984375,203.13662719726562,0.0
CAF,574.7092895507812,501.2847595214843,0.0
CAF,570.6729736328125,399.7144470214844,0.0
CAF,566.9097900390625,390.0230712890625,0.0
CAF,560.997802734375,401.27301025390625,0.0
CAF,565.5335083007812,396.8612060546875,0.0
CAF,585.7116088867188,458.79473876953125,0.0
CAF,591.349609375,466.0006408691406,0.0
CAF,587.5692749023438,463.503662109375,0.0
CAF,607.0338134765625,523.7685546875,0.0
CAF,588.701416015625,511.3043212890625,0.0
CAF,606.2898559570312,491.4278564453125,0.0
CAF,599.55859375,428.8353576660156,0.0
CAF,590.839111328125,450.9735107421875,0.0
CAF,585.503173828125,448.1377258300781,0.0
CAF,584.1130981445312,442.6080017089844,0.0
CAF,589.3278198242188,415.5867004394531,0.0
CAF,444.8547668457031,770.1864624023438,0.0
CAF,434.5821228027344,664.9364624023438,0.0
CAF,226.7074737548828,450.2540588378906,0.0
CAF,219.02325439453125,438.6962890625,0.0
CAF,218.52247619628906,356.7828063964844,0.0
CAF,209.5055694580078,413.0241394042969,0.0
CAF,214.48696899414062,406.1588134765625,0.0
CAF,213.3485107421875,388.2093505859375,0.0
CAF,219.89842224121094,377.28851318359375,0.0
CAF,211.59254455566406,400.6315612792969,0.0
CAF,208.00941467285156,428.2559509277344,0.0
CAF,211.98486328125,433.54669189453125,0.0
CAF,199.81893920898438,492.7318420410156,0.0
CAF,190.51577758789062,478.7980041503906,0.0
CAF,194.53797912597656,469.2718200683593,2.5337706
CAF,208.4716033935547,464.9456481933593,1.8644773
CAF,199.8239288330078,465.8456115722656,0.0
CAF,130.89602661132812,613.355712890625,0.0
CAF,169.95440673828125,514.1087646484375,2.0462136
CAF,147.69778442382812,559.9577026367188,2.596922
CAF,131.50946044921875,584.697509765625,0.0
CAF,132.16233825683594,573.8134155273438,0.0
CAF,132.43861389160156,560.8716430664062,0.0
CAF,147.93882751464844,541.9076538085938,0.0
CAF,157.33773803710938,517.6397705078125,0.0
CAF,159.66539001464844,540.6100463867188,0.0
CAF,406.0669860839844,321.6944274902344,1.9560932
CAF,406.6422424316406,392.444580078125,0.0
CAF,395.5982971191406,277.8642272949219,3.036935
CAF,393.6603698730469,273.7705078125,0.0
CAF,386.4071350097656,325.0434265136719,0.0
CAF,382.8528747558594,302.8457336425781,0.0
CAF,390.082763671875,309.2975769042969,0.0
CAF,381.6356506347656,298.9955749511719,0.0
CAF,379.40423583984375,267.4980773925781,0.0
CAF,562.2793579101562,1409.4443359375,0.0
CAF,562.538330078125,1462.0255126953125,0.0
CAF,549.1235961914062,1412.446044921875,0.0
CAF,559.0516967773438,1515.13916015625,0.0
CAF,546.5489501953125,1525.1417236328125,0.0
CAF,542.2965698242188,1471.2921142578125,0.0
CAF,562.1119995117188,1498.9456787109375,0.0
CAF,526.4351806640625,1518.845458984375,0.0
CAF,524.3619995117188,1521.418701171875,2.554308
CAF,533.828125,1469.5185546875,0.0
CAF,514.6891479492188,1585.9248046875,0.0
CAF,501.1008605957031,1426.62060546875,0.0
CAF,593.9285278320312,1375.5816650390625,2.4061174
CAF,599.8050537109375,1387.95166015625,2.879576
CAF,616.9190063476562,1399.4757080078125,0.0
CAF,618.9041748046875,1394.226806640625,0.0
CAF,618.7404174804688,1403.122802734375,2.842295
CAF,600.5451049804688,1401.8741455078125,0.0
CAF,598.7598266601562,1403.613037109375,0.0
CAF,595.8248291015625,1404.156982421875,0.0
CAF,583.8159790039062,1475.657958984375,0.0
CAF,587.1607055664062,1487.8194580078125,0.0
CAF,589.5947265625,1485.144775390625,0.0
CAF,597.7047119140625,1468.1937255859375,0.0
CAF,609.6331176757812,1462.1414794921875,0.0
CAF,618.4013671875,1457.8421630859375,0.0
CAF,611.1676635742188,1413.1099853515625,0.0
CAF,608.3524780273438,1409.943359375,0.0
CAF,579.223876953125,1417.6553955078125,3.3489397
CAF,576.5736083984375,1407.7420654296875,0.0
CAF,580.470947265625,1398.7054443359375,0.0
CAF,599.7734985351562,1419.7952880859375,0.0
CAF,602.7738037109375,1414.605224609375,0.0
CAF,581.6521606445312,1415.96728515625,0.0
CAF,578.5068359375,1407.41162109375,0.0
CAF,593.0926513671875,1417.529541015625,0.0
CAF,585.479248046875,1417.51806640625,0.0
CAF,586.0042724609375,1408.2452392578125,0.0
CAF,612.7239990234375,1392.88623046875,0.0
CAF,606.3729248046875,1397.76171875,0.0
CAF,612.217041015625,1397.724853515625,2.7032104
CAF,593.8878173828125,1392.4814453125,0.0
CAF,593.5095825195312,1396.202392578125,3.446653
CAF,552.5935668945312,1361.738525390625,0.0
CAF,576.2138671875,1389.1949462890625,0.0
CAF,587.8546752929688,1390.6806640625,2.6466115
CAF,564.225830078125,1386.1480712890625,3.0445225
CAF,555.6063232421875,1372.632080078125,0.0
CAF,517.5358276367188,1401.8614501953125,0.0
CAF,530.6610717773438,1351.2923583984375,3.0502548
CAF,483.6712341308593,1401.5982666015625,0.0
CAF,529.5975341796875,1257.7843017578125,0.0
CAF,537.5204467773438,1354.5450439453125,0.0
CAF,545.5255737304688,1413.4573974609375,0.0
CAF,544.0571899414062,1356.0882568359375,2.713668
CAF,544.0775756835938,1378.19677734375,0.0
CAF,489.611328125,1210.380615234375,0.0
CAF,527.9109497070312,1195.693359375,0.0
CAF,470.9516296386719,1206.0321044921875,2.8955812
CAF,483.8728942871093,1204.4114990234375,0.0
CAF,184.1370849609375,801.07861328125,0.0
CAF,182.532958984375,845.7901000976562,0.0
CAF,162.88645935058594,818.2210693359375,0.0
CAF,117.3519515991211,882.3642578125,0.0
CAF,189.4239959716797,906.490966796875,0.0
CAF,186.95416259765625,907.4686279296875,0.0
CAF,171.51116943359375,920.7586059570312,0.0
CAF,179.56129455566406,896.8731079101562,0.0
CAF,193.916015625,854.742431640625,4.7588086
CAF,110.36690521240234,868.2902221679688,0.0
CAF,135.6005401611328,920.1260375976562,0.0
CAF,151.15138244628906,933.746826171875,0.0
CAF,126.3357391357422,873.4563598632812,0.0
CAF,151.23680114746094,899.2984619140625,0.0
CAF,640.504638671875,135.38221740722656,0.0
CAF,648.4028930664062,139.7957305908203,2.915173
CAF,647.5626831054688,147.8120880126953,0.0
CAF,655.8311157226562,143.4102020263672,0.0
CAF,658.0530395507812,137.8919219970703,0.0
CAF,660.1983642578125,170.46630859375,0.0
CAF,668.2626342773438,166.38925170898438,0.0
CAF,687.355224609375,169.315185546875,0.0
CAF,687.7373046875,166.9339141845703,0.0
CAF,678.25390625,157.1186065673828,0.0
CAF,674.24365234375,157.7635040283203,0.0
CAF,678.2001342773438,152.52223205566406,0.0
CAF,619.3941650390625,133.4541778564453,0.0
CAF,615.2594604492188,133.0053253173828,0.0
CAF,620.8690795898438,148.7664337158203,2.3018656
CAF,630.541748046875,140.64910888671875,1.6282605
CAF,627.7836303710938,136.47390747070312,2.9045076
CAF,586.52001953125,181.83509826660156,0.0
CAF,620.929443359375,158.87757873535156,0.0
CAF,668.8902587890625,179.10032653808594,0.0
CAF,666.55859375,187.89044189453125,0.0
CAF,689.9736938476562,212.06021118164062,0.0
CAF,689.8064575195312,233.2641296386719,0.0
CAF,676.3298950195312,190.37991333007812,0.0
CAF,678.1595458984375,174.68699645996094,3.0598898
CAF,659.98388671875,158.68206787109375,2.9864228
CAF,591.3247680664062,133.56802368164062,2.3157403
CAF,607.3862915039062,133.13169860839844,0.0
CAF,601.9209594726562,130.72601318359375,0.0
CAF,606.3974609375,131.05197143554688,2.8939679
CAF,602.3201904296875,137.31504821777344,0.0
CAF,598.0473022460938,141.85557556152344,0.0
CAF,586.1260375976562,135.27902221679688,0.0
CAF,592.45556640625,140.10415649414062,0.0
CAF,589.0653076171875,143.4977264404297,0.0
CAF,590.69140625,158.4291534423828,0.0
CAF,583.52685546875,168.1697540283203,0.0
CAF,571.6156005859375,163.23802185058594,0.0
CAF,569.4395141601562,161.91824340820312,0.0
CAF,597.8019409179688,158.1987762451172,0.0
CAF,596.8056640625,151.71702575683594,0.0
CAF,593.6959228515625,163.27108764648438,0.0
CAF,602.52978515625,162.34735107421875,0.0
CAF,606.7147827148438,161.2865447998047,0.0
CAF,605.7677612304688,150.25111389160156,0.0
CAF,591.0523681640625,152.09796142578125,0.0
CAF,584.2399291992188,148.71652221679688,2.107231
CAF,582.2142944335938,143.6881561279297,0.0
CAF,579.9473876953125,141.88645935058594,0.0
CAF,684.1860961914062,174.9415740966797,0.0
CAF,698.8284301757812,184.57339477539062,0.0
CAF,685.961181640625,182.4273681640625,0.0
CAF,694.8804931640625,178.1707000732422,0.0
CAF,686.5006713867188,210.1280517578125,0.0
CAF,695.761962890625,205.21632385253906,0.0
CAF,701.538818359375,185.77586364746094,0.0
CAF,701.1210327148438,191.92726135253906,0.0
CAF,691.8072509765625,189.94229125976562,0.0
CAF,684.2129516601562,187.62266540527344,0.0
CAF,685.3060913085938,205.3982391357422,0.0
CAF,702.4234619140625,204.0682373046875,0.0
CAF,695.636474609375,248.0500946044922,0.0
CAF,705.1546020507812,224.4085693359375,0.0
CAF,595.1710205078125,322.92138671875,0.0
CAF,608.746337890625,334.21087646484375,0.0
CAF,599.2752075195312,344.886474609375,0.0
CAF,618.4573974609375,326.0859069824219,0.0
CAF,579.3253173828125,333.1341857910156,0.0
CAF,592.865966796875,327.17755126953125,0.0
CAF,574.5901489257812,336.0655212402344,0.0
CAF,680.9879150390625,300.37152099609375,0.0
CAF,679.5119018554688,297.3803405761719,0.0
CAF,683.3762817382812,296.1821594238281,0.0
CAF,676.9729614257812,258.8610534667969,0.0
CAF,674.390380859375,267.04559326171875,2.603848
CAF,681.0897216796875,275.08587646484375,0.0
CAF,671.7745361328125,266.9924621582031,0.0
CAF,684.6392211914062,258.5415954589844,0.0
CAF,884.7704467773438,327.63336181640625,0.0
CAF,867.3565063476562,331.8294982910156,0.0
CAF,895.1832275390625,331.5619812011719,0.0
CAF,909.0510864257812,315.9458312988281,0.0
CAF,935.0035400390625,344.62542724609375,0.0
CAF,925.192138671875,311.0482482910156,3.8164907
CAF,919.4788208007812,312.1776123046875,0.0
CAF,847.3055419921875,272.2716064453125,0.0
CAF,856.6397094726562,295.5328674316406,0.0
CAF,690.3916015625,283.2427978515625,0.0
CAF,691.937255859375,266.30487060546875,0.0
CAF,689.5180053710938,263.05828857421875,0.0
CAF,701.1919555664062,248.39015197753906,0.0
CAF,734.4157104492188,256.5968017578125,0.0
CAF,745.560302734375,258.8831787109375,0.0
CAF,733.5776977539062,258.0470886230469,0.0
CAF,699.5389404296875,235.8203582763672,0.0
CAF,759.7771606445312,241.0390319824219,0.0
CAF,757.9542236328125,237.5005340576172,0.0
CAF,712.6527709960938,276.70166015625,0.0
CAF,841.7750244140625,285.55023193359375,0.0
CAF,786.5405883789062,245.7617492675781,0.0
CAF,809.9652709960938,254.4200439453125,0.0
CAF,805.8655395507812,252.1239929199219,0.0
CAF,791.917236328125,247.5445098876953,0.0
CAF,806.1616821289062,247.0352478027344,0.0
CAF,838.84716796875,259.3752746582031,0.0
CAF,826.8062133789062,256.29473876953125,0.0
CAF,830.0404663085938,259.6387634277344,0.0
CAF,821.0149536132812,268.1861572265625,0.0
CAF,828.3985595703125,261.025634765625,0.0
CAF,843.3048706054688,265.53692626953125,0.0
CAF,844.5426025390625,262.9156188964844,0.0
CAF,855.0880126953125,233.0705108642578,0.0
CAF,818.5701293945312,253.67774963378906,0.0
CAF,779.3829345703125,275.211181640625,0.0
CAF,802.4805908203125,266.740234375,0.0
CAF,814.9987182617188,264.62554931640625,0.0
CAF,805.9953002929688,259.37359619140625,0.0
CAF,799.6376953125,273.62677001953125,0.0
CAF,785.087890625,269.2188415527344,0.0
CAF,787.8796997070312,253.2129821777344,0.0
CAF,771.6843872070312,250.6066131591797,2.146267
CAF,757.2200317382812,251.05467224121094,0.0
CAF,761.90380859375,258.56048583984375,0.0
CAF,695.6234130859375,337.5263366699219,0.0
CAF,698.8267822265625,342.1145324707031,0.0
CAF,691.2537841796875,327.7864074707031,0.0
CAF,695.46728515625,306.65789794921875,0.0
CAF,707.6041870117188,335.6308288574219,0.0
CAF,706.145751953125,296.5680236816406,2.7749355
CAF,949.8309326171875,484.72943115234375,0.0
CAF,933.5556640625,485.4013671875,0.0
CAF,949.1337890625,546.3382568359375,0.0
CAF,953.2769775390625,563.1533813476562,0.0
CAF,955.0897827148438,538.8313598632812,0.0
CAF,937.430419921875,538.67822265625,0.0
CAF,923.8914184570312,513.3161010742188,0.0
CAF,948.361572265625,512.0659790039062,0.0
CAF,931.6167602539062,495.7515563964843,0.0
CAF,945.3142700195312,499.16302490234375,0.0
CAF,944.7544555664062,495.8855285644531,0.0
CAF,938.0906982421875,487.09136962890625,0.0
CAF,944.7830200195312,493.442138671875,0.0
CAF,922.349853515625,491.7601318359375,0.0
CAF,892.2985229492188,474.48040771484375,0.0
CAF,898.0213012695312,476.57843017578125,0.0
CAF,899.8890991210938,467.823486328125,0.0
CAF,903.10302734375,474.8913879394531,0.0
CAF,903.49951171875,471.42913818359375,0.0
CAF,912.24365234375,445.6218566894531,0.0
CAF,934.5230712890625,348.21685791015625,0.0
CAF,822.780029296875,545.6677856445312,0.0
CAF,767.0053100585938,606.296142578125,2.5719936
CAF,903.4296875,493.3101501464843,0.0
CAF,884.3564453125,509.05242919921875,0.0
CAF,920.0730590820312,524.61328125,0.0
CAF,940.8912963867188,516.0825805664062,0.0
CAF,941.747314453125,507.51123046875,0.0
CAF,940.143310546875,503.69366455078125,0.0
CAF,905.4152221679688,499.0127868652343,0.0
CAF,908.2440185546875,499.7739562988281,0.0
CAF,908.7764282226562,521.9599609375,0.0
CAF,905.8255004882812,517.7470092773438,0.0
CAF,876.5809936523438,511.4258728027343,0.0
CAF,874.0366821289062,521.6234741210938,0.0
CAF,889.7890014648438,531.1127319335938,0.0
CAF,884.7559204101562,522.2271118164062,0.0
CAF,864.430419921875,502.0855407714843,0.0
CAF,858.296630859375,508.3000793457031,0.0
CAF,851.820068359375,512.546875,0.0
CAF,851.8616333007812,515.7796630859375,0.0
CAF,859.2617797851562,511.6299743652343,0.0
CAF,942.410888671875,543.0095825195312,0.0
CAF,931.905517578125,522.103271484375,2.8560932
CAF,914.3102416992188,561.3131103515625,2.8499343
CAF,927.20361328125,548.4866943359375,0.0
CAF,878.8431396484375,537.7883911132812,0.0
CAF,887.9656372070312,535.7635498046875,0.0
CAF,876.5283813476562,542.23828125,0.0
CAF,888.1410522460938,545.8175659179688,0.0
CAF,888.885009765625,475.8474426269531,0.0
CAF,886.438720703125,475.1933288574219,0.0
CAF,877.8238525390625,471.9615783691406,0.0
CAF,886.7869262695312,478.0792541503906,0.0
CAF,887.7326049804688,491.18609619140625,0.0
CAF,880.884033203125,491.4438171386719,0.0
CAF,876.8939208984375,478.5123596191406,0.0
CAF,871.0888671875,484.0262451171875,0.0
CAF,869.3905639648438,469.3754577636719,0.0
CAF,848.992431640625,490.14837646484375,0.0
CAF,857.37646484375,491.0968933105469,0.0
CAF,855.3842163085938,496.77288818359375,0.0
CAF,864.258544921875,496.39190673828125,2.5210495
CAF,846.3796997070312,434.598388671875,0.0
CAF,880.1192016601562,473.8254699707031,0.0
CAF,217.80059814453125,328.7077941894531,0.0
CAF,215.9178009033203,318.02947998046875,0.0
CAF,217.07614135742188,324.48486328125,0.0
CAF,229.1965026855469,321.0220031738281,0.0
CAF,216.89080810546875,305.4526062011719,0.0
CAF,218.314208984375,303.9336242675781,0.0
CAF,241.9430847167969,330.04034423828125,0.0
CAF,210.05459594726562,343.3773193359375,0.0
CAF,215.71005249023438,348.73809814453125,0.0
CAF,221.13592529296875,342.02191162109375,0.0
CAF,227.71202087402344,349.313720703125,2.9036927
CAF,214.3964385986328,334.5414733886719,2.9385843
CAF,216.38323974609375,336.2853698730469,0.0
CAF,243.5718994140625,300.7311706542969,0.0
CAF,240.9218292236328,300.979248046875,0.0
CAF,256.50201416015625,250.9516906738281,0.0
CAF,262.5909118652344,249.3790283203125,2.6877544
CAF,245.3656463623047,255.88401794433594,0.0
CAF,256.0506286621094,263.9781494140625,0.0
CAF,258.3711242675781,255.1405029296875,0.0
CAF,231.1110382080078,286.5110168457031,0.0
CAF,235.8220672607422,304.568359375,0.0
CAF,238.6682434082031,301.5133361816406,0.0
CAF,217.8526611328125,293.92901611328125,0.0
CAF,213.505126953125,303.3831481933594,0.0
CAF,218.58509826660156,297.77545166015625,0.0
CAF,223.34759521484375,294.8493347167969,0.0
CAF,226.6086120605469,293.34033203125,0.0
CAF,228.2055969238281,301.0939636230469,0.0
CAF,225.55296325683594,300.9566345214844,0.0
CAF,238.8247375488281,266.5020751953125,0.0
CAF,243.42503356933594,268.0753479003906,0.0
CAF,241.01075744628906,283.98040771484375,0.0
CAF,243.7372283935547,258.565673828125,0.0
CAF,247.8937530517578,270.8931579589844,0.0
CAF,256.35076904296875,272.6072998046875,0.0
CAF,259.9425048828125,260.1659851074219,0.0
CAF,232.7135467529297,272.0609436035156,0.0
CAF,224.96817016601562,281.07525634765625,0.0
CAF,231.96510314941406,275.6934814453125,0.0
CAF,229.0557403564453,275.0029602050781,0.0
CAF,222.22557067871094,287.79888916015625,0.0
CAF,227.5797576904297,286.21148681640625,0.0
CAF,218.19613647460938,290.4767761230469,0.0
CAF,235.95135498046875,270.0189514160156,0.0
CAF,233.0597381591797,397.8174743652344,0.0
CAF,237.7318878173828,395.7088623046875,0.0
CAF,219.47906494140625,401.67486572265625,0.0
CAF,217.09796142578125,396.2002868652344,0.0
CAF,211.5963134765625,419.0013427734375,0.0
CAF,206.3856658935547,419.9493103027344,0.0
CAF,215.3343048095703,418.6028137207031,0.0
CAF,237.413330078125,417.2816467285156,0.0
CAF,233.6841735839844,420.14373779296875,0.0
CAF,228.7694091796875,400.1783142089844,0.0
CAF,219.81869506835938,427.3808288574219,0.0
CAF,215.9186248779297,412.59649658203125,0.0
CAF,243.47776794433594,383.1416320800781,0.0
CAF,249.9982604980469,389.9994201660156,2.6405444
CAF,244.3612060546875,392.80853271484375,0.0
CAF,253.6373291015625,380.0028381347656,0.0
CAF,245.2453918457031,402.222412109375,0.0
CAF,244.01219177246094,426.53814697265625,1.8009853
CAF,215.16757202148438,440.1767883300781,0.0
CAF,216.17568969726562,421.1966247558594,0.0
CAF,212.0262451171875,428.11279296875,0.0
CAF,202.87652587890625,427.0245056152344,0.0
CAF,204.00796508789062,459.96539306640625,0.0
CAF,208.2854461669922,456.8012390136719,0.0
CAF,204.05726623535156,437.5410461425781,0.0
CAF,210.17474365234375,455.0489501953125,0.0
CAF,212.7914276123047,453.9506530761719,0.0
CAF,216.4599151611328,443.1942443847656,0.0
CAF,209.8043975830078,434.197509765625,0.0
CAF,201.4256591796875,440.6485290527344,0.0
CAF,227.4010467529297,352.00341796875,0.0
CAF,217.14247131347656,382.62725830078125,0.0
CAF,215.9670867919922,365.3926086425781,3.6641464
CAF,220.55003356933594,363.8838195800781,0.0
CAF,224.74607849121094,380.9815979003906,0.0
CAF,224.7746124267578,368.73828125,0.0
CAF,219.5845489501953,350.36712646484375,0.0
CAF,220.38998413085938,354.9912414550781,0.0
CAF,235.66346740722656,372.4615783691406,0.0
CAF,230.5286102294922,381.7714538574219,2.2225082
CAF,236.58119201660156,386.61077880859375,2.2986348
CAF,240.20326232910156,391.27056884765625,0.0
CAF,215.52035522460938,369.6430358886719,0.0
CAF,216.87437438964844,391.65557861328125,0.0
CAF,220.79798889160156,387.49334716796875,0.0
CAF,247.1567840576172,346.6511535644531,0.0
CAF,246.4293670654297,357.710693359375,0.0
CAF,251.2238464355469,376.9280700683594,0.0
CAF,374.7860412597656,286.57568359375,0.0
CAF,358.64947509765625,296.38140869140625,0.0
CAF,379.4244079589844,288.97650146484375,0.0
CAF,380.5369567871094,335.34918212890625,0.0
CAF,360.3298645019531,355.37384033203125,0.0
CAF,386.399169921875,309.5982971191406,0.0
CAF,361.9905700683594,314.3367004394531,0.0
CAF,367.8046875,321.56536865234375,0.0
CAF,375.0448303222656,322.37188720703125,0.0
CAF,379.2795715332031,329.5180969238281,0.0
CAF,382.6249084472656,323.5846252441406,0.0
CAF,361.69482421875,300.1757507324219,0.0
CAF,396.6416931152344,286.7235107421875,0.0
CAF,392.0231628417969,287.37750244140625,0.0
CAF,402.2457275390625,356.8313903808594,0.0
CAF,406.9930114746094,352.14801025390625,0.0
CAF,395.52313232421875,332.9945068359375,0.0
CAF,393.4465026855469,322.4305114746094,0.0
CAF,392.96728515625,299.4834899902344,0.0
CAF,392.1577453613281,307.3336181640625,0.0
CAF,404.91998291015625,309.2893371582031,2.8732533
CAF,402.3116149902344,391.0629577636719,0.0
CAF,354.81427001953125,400.9999084472656,0.0
CAF,383.1196594238281,404.0730285644531,0.0
CAF,360.30035400390625,364.8048400878906,0.0
CAF,406.0924987792969,364.7057189941406,0.0
CAF,397.21142578125,370.4629211425781,0.0
CAF,349.9344177246094,300.3817443847656,2.33658
CAF,349.25482177734375,343.0716247558594,0.0
CAF,358.5875549316406,330.4782409667969,0.0
CAF,353.38568115234375,326.6234130859375,0.0
CAF,351.7791442871094,374.1173095703125,0.0
CAF,353.8907470703125,386.6436767578125,0.0
CAF,358.132080078125,359.265380859375,0.0
CAF,350.8266906738281,345.0818176269531,0.0
CAF,150.9705047607422,576.4783935546875,2.580975
CAF,129.302001953125,601.7349853515625,0.0
CAF,130.1795654296875,607.6810302734375,0.0
CAF,126.98475646972658,612.9617919921875,0.0
CAF,128.09129333496094,614.8541870117188,0.0
CAF,135.7431182861328,563.0927124023438,0.0
CAF,138.83145141601562,566.1380004882812,0.0
CAF,128.245849609375,567.4525146484375,0.0
CAF,136.33282470703125,575.4890747070312,0.0
CAF,127.24285125732422,589.6492919921875,0.0
CAF,126.12067413330078,580.1795654296875,0.0
CAF,134.07420349121094,573.1041259765625,0.0
CAF,125.12002563476562,624.2685546875,0.0
CAF,130.55226135253906,557.3267822265625,0.0
CAF,144.5835723876953,553.457275390625,0.0
CAF,137.59695434570312,552.9349975585938,2.915173
CAF,143.19630432128906,547.2759399414062,0.0
CAF,147.95094299316406,533.2132568359375,0.0
CAF,141.00045776367188,539.3604736328125,0.0
CAF,133.91041564941406,578.05419921875,0.0
CAF,131.81321716308594,586.6802978515625,0.0
CAF,197.1741180419922,857.2053833007812,0.0
CAF,192.06173706054688,912.6505126953125,0.0
CAF,193.8304443359375,915.279541015625,0.0
CAF,171.24557495117188,903.6597900390625,0.0
CAF,172.5469207763672,927.3782348632812,0.0
CAF,192.93504333496094,906.2193603515625,0.0
CAF,183.3077850341797,905.7850341796875,0.0
CAF,181.87815856933594,923.640625,0.0
CAF,182.40701293945312,917.5376586914062,0.0
CAF,176.7601318359375,922.4244384765625,0.0
CAF,179.06607055664062,920.8904418945312,0.0
CAF,178.66075134277344,869.0700073242188,0.0
CAF,171.9269561767578,841.2864990234375,0.0
CAF,123.9178237915039,1065.534423828125,0.0
CAF,96.43778228759766,1077.541259765625,0.0
CAF,125.32087707519533,907.9834594726562,0.0
CAF,114.20507049560547,932.2230224609375,0.0
CAF,109.49226379394533,932.8242797851562,0.0
CAF,107.04432678222658,920.594970703125,0.0
CAF,94.08259582519533,1070.8089599609375,0.0
CAF,83.94148254394531,1074.9036865234375,0.0
CAF,79.8001937866211,1086.6251220703125,2.1713376
CAF,81.73358917236328,1080.06591796875,0.0
CAF,91.5718994140625,1077.999755859375,0.0
CAF,95.2036361694336,1083.5447998046875,0.0
CAF,160.09996032714844,915.6470947265625,0.0
CAF,162.48162841796875,932.9678955078125,0.0
CAF,161.2918701171875,926.0531616210938,0.0
CAF,170.4854278564453,931.4691772460938,0.0
CAF,156.96507263183594,932.9751586914062,3.8747325
CAF,168.5142059326172,899.4151000976562,0.0
CAF,151.66616821289062,893.2744750976562,0.0
CAF,132.69342041015625,922.1605834960938,0.0
CAF,147.10134887695312,932.5110473632812,0.0
CAF,147.4939727783203,929.880126953125,0.0
CAF,147.4246063232422,919.8320922851562,0.0
CAF,133.01800537109375,918.6656494140625,0.0
CAF,129.18971252441406,910.3244018554688,0.0
CAF,131.99627685546875,893.1297607421875,0.0
CAF,120.74117279052734,883.2748413085938,0.0
CAF,122.31387329101562,901.6661376953125,0.0
CAF,120.61685180664062,896.9025268554688,0.0
CAF,118.1219253540039,892.2673950195312,0.0
CAF,114.17085266113283,881.9631958007812,0.0
CAF,115.27896118164062,884.0333251953125,0.0
CAF,114.0125961303711,872.8065185546875,0.0
CAF,106.27063751220703,870.87451171875,0.0
CAF,108.40422821044922,849.0389404296875,0.0
CAF,102.79573822021484,844.1146240234375,0.0
CAF,105.24922180175783,855.0392456054688,0.0
CAF,102.60699462890625,851.9937133789062,2.387955
CAF,108.8493423461914,855.677001953125,0.0
CAF,119.86158752441406,769.5123291015625,0.0
CAF,101.6056137084961,773.9202270507812,0.0
CAF,100.87385559082033,819.29931640625,0.0
CAF,104.5103759765625,816.306640625,0.0
CAF,104.4929656982422,828.9619140625,2.603848
CAF,107.7236557006836,840.4092407226562,0.0
CAF,101.86202239990234,827.1602172851562,0.0
CAF,183.32557678222656,806.5570678710938,0.0
CAF,200.3008575439453,809.901611328125,0.0
CAF,146.8489227294922,802.1554565429688,0.0
CAF,131.5581817626953,677.0051879882812,0.0
CAF,225.1998596191406,421.3768310546875,0.0
CAF,200.91514587402344,458.01885986328125,0.0
CAF,229.8693084716797,446.4861755371094,0.0
CAF,223.69737243652344,447.8783264160156,0.0
CAF,200.1591796875,455.4049987792969,0.0
CAF,188.14785766601562,466.2309875488281,0.0
CAF,180.2109832763672,476.19964599609375,0.0
CAF,194.9721221923828,478.22027587890625,2.596922
CAF,185.26376342773438,485.02825927734375,0.0
CAF,158.96548461914062,487.26385498046875,0.0
CAF,174.73207092285156,482.3302917480469,0.0
CAF,174.97422790527344,473.4832763671875,0.0
CAF,174.52943420410156,496.89068603515625,0.0
CAF,175.36639404296875,489.2783508300781,0.0
CAF,180.7758331298828,509.5167541503906,0.0
CAF,179.1505584716797,506.8154296875,0.0
CAF,176.8715057373047,511.2137451171875,3.3941991
CAF,157.1463623046875,511.52398681640625,0.0
CAF,157.19894409179688,534.0413208007812,0.0
CAF,159.1975555419922,531.2091064453125,0.0
CAF,160.54237365722656,514.6716918945312,0.0
CAF,155.3181915283203,541.6195678710938,3.0637722
CAF,150.16737365722656,522.9803466796875,0.0
CAF,144.8636474609375,526.7122192382812,0.0
CAF,150.51808166503906,535.3601684570312,0.0
CAF,155.26385498046875,498.6263732910156,3.4205358
CAF,160.80239868164062,491.3263244628906,0.0
CAF,158.01666259765625,492.71759033203125,2.5821044
CAF,166.18539428710938,493.4052429199219,0.0
CAF,151.14071655273438,503.38616943359375,2.8347206
CAF,145.92837524414062,521.0908203125,0.0
CAF,151.8248748779297,514.1953125,0.0
CAF,158.72348022460938,503.97515869140625,0.0
CAF,165.88357543945312,499.6857604980469,0.0
CAF,822.1549682617188,389.405029296875,0.0
CAF,810.84228515625,407.809326171875,0.0
CAF,826.5979614257812,400.74957275390625,0.0
CAF,833.4658813476562,411.23779296875,0.0
CAF,840.6708984375,410.134033203125,0.0
CAF,827.6536254882812,407.50054931640625,0.0
CAF,824.1676025390625,391.8600158691406,0.0
CAF,808.501220703125,452.3852233886719,0.0
CAF,809.4934692382812,435.8791198730469,0.0
CAF,820.96826171875,435.827392578125,0.0
CAF,821.9628295898438,446.9521179199219,0.0
CAF,818.398193359375,435.5948181152344,0.0
CAF,811.217041015625,449.9957275390625,0.0
CAF,814.7551879882812,447.7395935058594,0.0
CAF,802.0011596679688,436.7441101074219,0.0
CAF,804.7061157226562,456.36865234375,0.0
CAF,833.9957275390625,432.75244140625,0.0
CAF,837.5955200195312,432.65411376953125,0.0
CAF,838.1732788085938,421.3546447753906,0.0
CAF,834.8379516601562,437.0148620605469,0.0
CAF,830.3292236328125,414.2142639160156,0.0
CAF,827.401123046875,443.8826904296875,0.0
CAF,831.84765625,443.1213073730469,0.0
CAF,843.4358520507812,420.4671325683594,0.0
CAF,784.6559448242188,483.3640441894531,0.0
CAF,791.3272094726562,479.3102111816406,2.464082
CAF,793.4697875976562,466.89068603515625,0.0
CAF,841.7479858398438,530.462646484375,0.0
CAF,832.8587646484375,529.7822265625,0.0
CAF,819.554931640625,521.241943359375,0.0
CAF,817.6041259765625,514.6253051757812,0.0
CAF,816.7022705078125,492.9482421875,0.0
CAF,819.3353881835938,491.8904724121093,0.0
CAF,796.9796142578125,512.8905639648438,0.0
CAF,806.1278686523438,493.78668212890625,0.0
CAF,799.0587768554688,498.24200439453125,0.0
CAF,802.1153564453125,460.6268005371093,0.0
CAF,822.9768676757812,458.3446044921875,0.0
CAF,812.4065551757812,465.4894714355469,0.0
CAF,816.3165893554688,467.8586730957031,0.0
CAF,831.5670166015625,502.4288635253906,0.0
CAF,813.53466796875,481.64501953125,0.0
CAF,810.6541137695312,478.1784973144531,0.0
CAF,817.0745849609375,480.61334228515625,0.0
CAF,814.56494140625,488.291748046875,0.0
CAF,799.0431518554688,483.0753479003906,0.0
CAF,802.82470703125,478.73028564453125,0.0
CAF,807.9541625976562,480.5414733886719,0.0
CAF,808.1817016601562,484.92236328125,0.0
CAF,803.4857177734375,482.67803955078125,2.3408122
CAF,604.3785400390625,456.9976501464843,0.0
CAF,608.9715576171875,442.0881042480469,0.0
CAF,594.4960327148438,511.4026794433593,0.0
CAF,607.5355224609375,498.6708068847656,2.0409508
CAF,592.3133544921875,472.54376220703125,0.0
CAF,596.400390625,466.20819091796875,0.0
CAF,581.2962036132812,466.56011962890625,0.0
CAF,570.404052734375,482.6672058105469,0.0
CAF,573.3465576171875,473.7489929199219,0.0
CAF,582.1885375976562,472.43560791015625,0.0
CAF,588.340576171875,425.3322448730469,0.0
CAF,590.883544921875,460.3243408203125,0.0
CAF,590.3193359375,454.3113708496093,0.0
CAF,592.2100830078125,433.928955078125,2.9402802
CAF,595.6996459960938,441.2264404296875,0.0
CAF,585.5004272460938,435.30316162109375,0.0
CAF,574.651123046875,423.3125,0.0
CAF,579.77734375,425.3601379394531,0.0
CAF,604.268798828125,365.5854187011719,0.0
CAF,605.3269653320312,373.3638610839844,0.0
CAF,685.6088256835938,349.6585388183594,0.0
CAF,577.7286376953125,355.1963195800781,0.0
CAF,593.5621948242188,354.94403076171875,0.0
CAF,589.482666015625,362.8786315917969,0.0
CAF,598.5254516601562,352.5264587402344,0.0
CAF,597.3009643554688,361.729248046875,4.091399
CAF,585.5242919921875,372.06842041015625,0.0
CAF,575.3409423828125,395.30194091796875,0.0
CAF,592.5293579101562,370.93646240234375,0.0
CAF,592.840576171875,372.4079284667969,0.0
CAF,587.1195068359375,395.5479736328125,0.0
CAF,598.1438598632812,380.9335632324219,0.0
CAF,506.9985656738281,158.1700439453125,0.0
CAF,507.39544677734375,182.67318725585938,0.0
CAF,513.4488525390625,181.10317993164062,0.0
CAF,511.5093688964843,174.6072235107422,0.0
CAF,515.9605712890625,179.66050720214844,0.0
CAF,513.179931640625,169.65023803710938,0.0
CAF,514.3558349609375,159.58642578125,0.0
CAF,513.1056518554688,157.5849609375,0.0
CAF,453.0440368652343,216.20938110351562,0.0
CAF,446.5379943847656,227.2267303466797,1.9421482
CAF,446.8718566894531,213.36544799804688,0.0
CAF,448.5856018066406,195.1162872314453,0.0
CAF,457.22503662109375,170.12408447265625,0.0
CAF,462.37774658203125,167.16127014160156,0.0
CAF,443.9244079589844,186.19117736816406,0.0
CAF,439.36248779296875,175.76309204101562,0.0
CAF,436.4849853515625,184.6871795654297,0.0
CAF,453.6715393066406,182.16476440429688,0.0
CAF,393.59014892578125,240.3405456542969,0.0
CAF,392.62451171875,222.78636169433594,2.6285357
CAF,394.0412902832031,220.77394104003906,0.0
CAF,399.4999084472656,227.6725616455078,0.0
CAF,538.7112426757812,169.96896362304688,2.3623042
CAF,519.06201171875,186.9408721923828,0.0
CAF,530.108642578125,171.74118041992188,1.8512362
CAF,501.87115478515625,170.80032348632812,3.1096535
CAF,486.9432067871093,183.38560485839844,0.0
CAF,496.5870361328125,208.9365997314453,0.0
CAF,503.5021667480469,202.0623321533203,0.0
CAF,490.0826110839843,182.35739135742188,0.0
CAF,502.95489501953125,184.89404296875,0.0
CAF,495.7523498535156,192.30654907226562,2.6903114
CAF,499.7978210449219,191.90090942382812,0.0
CAF,564.1471557617188,171.35733032226562,0.0
CAF,457.56707763671875,175.1458740234375,0.0
CAF,477.08233642578125,168.02052307128906,0.0
CAF,469.6941223144531,166.52256774902344,0.0
CAF,477.15087890625,175.7782745361328,0.0
CAF,471.0588073730469,210.8509063720703,0.0
CAF,459.76092529296875,213.06358337402344,0.0
CAF,464.6844482421875,213.59329223632812,0.0
CAF,450.76873779296875,207.47032165527344,0.0
CAF,461.190185546875,206.28457641601562,0.0
CAF,468.2038269042969,197.5523681640625,0.0
CAF,409.4604797363281,194.84690856933594,0.0
CAF,432.24212646484375,214.5219268798828,0.0
CAF,434.1368103027344,182.76580810546875,2.195094
CAF,432.7716064453125,186.52198791503906,0.0
CAF,421.7698974609375,199.89976501464844,0.0
CAF,412.45269775390625,190.82492065429688,0.0
CAF,425.44964599609375,187.668701171875,0.0
CAF,559.6192626953125,139.3006134033203,0.0
CAF,561.893310546875,154.3706512451172,0.0
CAF,558.826904296875,148.76513671875,0.0
CAF,559.9148559570312,157.17266845703125,0.0
CAF,476.89520263671875,164.261474609375,0.0
CAF,478.8829345703125,178.94158935546875,0.0
CAF,495.7063293457031,158.11256408691406,3.4949572
CAF,498.1266174316406,159.06651306152344,0.0
CAF,496.30096435546875,175.6149139404297,0.0
CAF,484.08599853515625,169.0315399169922,0.0
CAF,490.5511169433593,163.48379516601562,0.0
CAF,488.908447265625,158.61643981933594,0.0
CAF,483.7366027832031,160.97738647460938,0.0
CAF,502.0315856933593,158.38308715820312,0.0
CAF,520.8255615234375,156.41134643554688,0.0
CAF,533.3331909179688,159.4906005859375,0.0
CAF,537.2182006835938,150.28672790527344,0.0
CAF,535.0700073242188,145.37698364257812,2.5423577
CAF,535.5739135742188,151.4398193359375,0.0
CAF,532.6592407226562,149.78515625,2.611999
CAF,548.6124267578125,145.0616455078125,2.8685405
CAF,551.4776000976562,160.54103088378906,0.0
CAF,543.4053955078125,144.81411743164062,0.0
CAF,541.8140258789062,150.76731872558594,0.0
CAF,544.5886840820312,153.68661499023438,0.0
CAF,464.41119384765625,224.73641967773438,0.0
CAF,564.2293701171875,348.3175354003906,0.0
CAF,562.174560546875,351.2059631347656,0.0
CAF,568.9642944335938,396.0909729003906,0.0
CAF,564.8175048828125,377.7510986328125,0.0
CAF,555.8301391601562,400.449462890625,0.0
CAF,353.9006652832031,231.2637481689453,0.0
CAF,356.4099426269531,269.25201416015625,0.0
CAF,408.2665710449219,311.53521728515625,0.0
CAF,361.7481689453125,275.0849304199219,0.0
CAF,379.98199462890625,281.8433837890625,0.0
CAF,363.2323913574219,260.5723876953125,0.0
CAF,374.4526672363281,283.0876159667969,0.0
CAF,375.93768310546875,276.5057373046875,0.0
CAF,371.959228515625,262.6983337402344,0.0
CAF,392.35076904296875,264.36669921875,3.0426197
CAF,391.422119140625,276.0548400878906,0.0
CAF,387.30426025390625,281.1640319824219,0.0
CAF,418.1331787109375,281.24505615234375,0.0
CAF,372.09478759765625,253.6518859863281,0.0
CAF,374.1047668457031,249.7279968261719,0.0
CAF,368.1590576171875,255.13165283203125,0.0
CAF,353.0933532714844,205.55892944335938,0.0
CAF,364.468505859375,204.82290649414062,0.0
CAF,366.6556396484375,225.1282196044922,0.0
CAF,385.3074645996094,220.68942260742188,0.0
CAF,384.87677001953125,217.6302490234375,2.7163024
CAF,372.90509033203125,221.329833984375,0.0
CAF,372.19110107421875,204.0164337158203,0.0
CAF,371.0644836425781,207.17013549804688,0.0
CAF,375.48388671875,208.07728576660156,0.0
CAF,385.55865478515625,227.1204833984375,0.0
CAF,364.44232177734375,235.4559020996094,0.0
CAF,372.0849304199219,236.0199890136719,0.0
CAF,368.68798828125,227.4504852294922,0.0
CAF,410.9896545410156,211.93028259277344,0.0
CAF,408.89630126953125,209.5835723876953,0.0
CAF,425.8522644042969,198.9475860595703,0.0
CAF,324.48101806640625,208.18881225585938,0.0
CAF,341.21124267578125,202.11354064941406,0.0
CAF,331.77801513671875,209.7536163330078,0.0
CAF,356.779052734375,227.15980529785156,0.0
CAF,353.49163818359375,216.50827026367188,0.0
CAF,345.76885986328125,223.86354064941406,0.0
CAF,342.3937072753906,213.6383514404297,0.0
CAF,343.5796203613281,203.08590698242188,0.0
CAF,344.49127197265625,208.82972717285156,0.0
CAF,338.6627502441406,216.39044189453125,0.0
CAF,328.68011474609375,199.86622619628906,0.0
CAF,324.8113098144531,206.12078857421875,0.0
CAF,322.5968017578125,198.25694274902344,0.0
CAF,323.2280578613281,200.29434204101562,0.0
CAF,314.51116943359375,209.21377563476562,0.0
CAF,317.5179443359375,199.6194610595703,0.0
CAF,314.35400390625,200.3594970703125,0.0
CAF,296.13482666015625,212.00961303710938,0.0
CAF,301.63616943359375,212.20587158203125,0.0
CAF,310.3666687011719,205.7472686767578,0.0
CAF,471.1301574707031,667.4025268554688,0.0
CAF,533.0819091796875,1255.5877685546875,3.206669
CAF,532.450439453125,1244.2449951171875,2.9713638
CAF,538.5486450195312,1237.0394287109375,3.190889
CAF,530.666259765625,1212.407958984375,0.0
CAF,525.08935546875,1197.9375,0.0
CAF,522.7608032226562,1188.2578125,0.0
CAF,496.648193359375,1194.63037109375,0.0
CAF,490.50390625,1196.81005859375,0.0
CAF,478.32257080078125,1190.34521484375,0.0
CAF,465.66326904296875,1196.0404052734375,0.0
CAF,473.65313720703125,740.135986328125,2.5866365
CAF,475.84619140625,776.9944458007812,2.4379303
CAF,470.5703125,1216.5621337890625,0.0
CAF,478.39178466796875,1203.0445556640625,0.0
CAF,489.85443115234375,1204.9031982421875,3.4049265
CAF,485.80877685546875,1222.3636474609375,0.0
CAF,480.90350341796875,1218.579345703125,0.0
CAF,473.5975036621093,1213.46484375,0.0
CAF,521.3729248046875,1225.255859375,0.0
CAF,512.3668212890625,1221.8343505859375,0.0
CAF,493.8868408203125,1204.1787109375,0.0
CAF,468.65155029296875,1209.1470947265625,0.0
CAF,465.4106140136719,1204.291259765625,0.0
CAF,470.564208984375,1409.056884765625,0.0
CAF,504.7372131347656,1358.1143798828125,0.0
CAF,508.83685302734375,1370.5589599609375,0.0
CAF,501.3154296875,1360.76318359375,2.8438175
CAF,519.6610717773438,1369.93798828125,0.0
CAF,516.9276733398438,1372.697998046875,0.0
CAF,487.2169189453125,1402.203857421875,0.0
CAF,493.8537902832031,1420.1243896484375,0.0
CAF,509.9424133300781,1383.601318359375,0.0
CAF,500.218017578125,1418.0008544921875,0.0
CAF,517.9149169921875,1382.4195556640625,2.4680264
CAF,517.2271118164062,1394.3861083984375,0.0
CAF,523.7212524414062,1375.9468994140625,3.1515114
CAF,489.7635803222656,1349.364013671875,2.9731224
CAF,623.9050903320312,1397.718017578125,2.782014
CAF,623.8810424804688,1407.5152587890625,0.0
CAF,621.32275390625,1407.067138671875,0.0
CAF,611.4598999023438,1406.830810546875,0.0
CAF,604.9246215820312,1418.638671875,0.0
CAF,613.3967895507812,1415.175048828125,0.0
CAF,591.6154174804688,1402.3123779296875,0.0
CAF,587.3034057617188,1411.9119873046875,0.0
CAF,587.5501098632812,1454.8531494140625,3.093432
CAF,641.3169555664062,1430.15673828125,0.0
CAF,627.8500366210938,1443.734130859375,2.0804048
CAF,591.7269897460938,1482.8441162109375,0.0
CAF,587.8170776367188,1484.7186279296875,0.0
CAF,601.5733642578125,1464.4879150390625,3.2629168
CAF,611.1951904296875,1465.667724609375,2.6441796
CAF,600.6971435546875,1466.9332275390625,0.0
CAF,612.281494140625,1463.2298583984375,0.0
CAF,545.10302734375,1514.408935546875,3.4359248
CAF,525.2069702148438,1515.3570556640625,0.0
CAF,529.425537109375,1519.9024658203125,0.0
CAF,531.126708984375,1515.0867919921875,0.0
CAF,535.39697265625,1517.4490966796875,0.0
CAF,544.271240234375,1529.8406982421875,0.0
CAF,542.2074584960938,1536.9639892578125,0.0
CAF,542.0171508789062,1545.983154296875,0.0
CAF,549.6821899414062,1542.16259765625,0.0
CAF,537.5054931640625,1533.275390625,0.0
CAF,523.7731323242188,1537.1893310546875,0.0
CAF,529.0442504882812,1542.26806640625,0.0
CAF,527.5170288085938,1536.730712890625,0.0
CAF,554.4246826171875,1511.40185546875,0.0
CAF,549.8413696289062,1518.880126953125,0.0
CAF,567.6578369140625,1530.6427001953125,0.0
CAF,562.9766845703125,1513.329833984375,0.0
CAF,559.98828125,1508.4705810546875,0.0
CAF,559.3435668945312,1512.2430419921875,0.0
CAF,547.49609375,1471.2508544921875,0.0
CAF,529.3277587890625,1483.6885986328125,0.0
CAF,547.9403686523438,1482.7899169921875,2.4860075
CAF,538.1657104492188,1478.9530029296875,0.0
CAF,533.7153930664062,1493.027587890625,0.0
CAF,536.5233154296875,1475.86962890625,0.0
CAF,530.35107421875,1467.4915771484375,0.0
CAF,553.8091430664062,1494.986328125,0.0
CAF,559.8021850585938,1493.9139404296875,0.0
CAF,578.3871459960938,1497.015380859375,0.0
CAF,562.8741455078125,1506.474365234375,0.0
CAF,571.5468139648438,1503.208251953125,0.0
CAF,567.4948120117188,1508.5662841796875,0.0
CAF,535.0717163085938,1500.1171875,0.0
CAF,536.53662109375,1506.062255859375,0.0
CAF,544.5450439453125,1500.912841796875,0.0
CAF,536.288330078125,1503.674560546875,0.0
CAF,572.7836303710938,1486.4595947265625,0.0
CAF,565.1325073242188,1466.0421142578125,0.0
CAF,562.12158203125,1477.346923828125,0.0
CAF,575.9111938476562,1490.6336669921875,0.0
CAF,582.2041625976562,1495.9559326171875,3.9821382
CAF,567.0536499023438,1489.9779052734375,0.0
CAF,584.8806762695312,1472.2449951171875,0.0
CAF,578.3396606445312,1478.593505859375,0.0
CAF,581.1671142578125,1482.189208984375,0.0
CAF,554.034912109375,1480.4337158203125,0.0
CAF,554.8089599609375,1471.6734619140625,0.0
CAF,530.2061767578125,1452.71826171875,0.0
CAF,571.7738037109375,1457.008056640625,0.0
CAF,579.9193725585938,1460.2314453125,0.0
CAF,558.6680908203125,1423.7152099609375,0.0
CAF,582.1879272460938,1398.0093994140625,0.0
CAF,541.849609375,1418.662109375,0.0
CAF,547.2245483398438,1422.1348876953125,0.0
CAF,565.46923828125,1453.4879150390625,0.0
CAF,556.896728515625,1458.9508056640625,3.4320538
CAF,552.5744018554688,1455.1358642578125,0.0
CAF,538.7559814453125,1450.329345703125,0.0
CAF,543.8367919921875,1457.4053955078125,2.784861
CAF,539.2138671875,1458.7060546875,0.0
CAF,526.4228515625,1455.9769287109375,0.0
CAF,524.1702270507812,1464.7738037109375,0.0
CAF,574.4271850585938,1409.629638671875,0.0
CAF,572.3626098632812,1418.646728515625,4.4597983
CAF,579.1502075195312,1450.793701171875,0.0
CAF,580.683837890625,1420.606201171875,3.8407006
CAF,584.699951171875,1420.2623291015625,0.0
CAF,579.748046875,1403.784912109375,0.0
CAF,509.967529296875,1482.919189453125,0.0
CAF,513.6273803710938,1507.6976318359375,0.0
CAF,522.64404296875,1488.45361328125,0.0
CAF,490.9150695800781,1499.572998046875,0.0
CAF,514.1791381835938,1480.7034912109375,0.0
CAF,515.3239135742188,1469.33056640625,2.913524
CAF,513.4428100585938,1550.6126708984375,0.0
CAF,498.7668151855469,1541.1617431640625,0.0
CAF,507.121826171875,1544.5726318359375,0.0
CAF,505.000244140625,1533.6943359375,0.0
CAF,520.5663452148438,1545.031982421875,0.0
CAF,520.94921875,1539.99365234375,0.0
CAF,509.07147216796875,1539.1854248046875,0.0
CAF,511.6465148925781,1513.7921142578125,0.0
CAF,516.770263671875,1510.8447265625,2.4719892
CAF,522.248779296875,1357.5589599609375,3.2689776
CAF,526.1294555664062,1357.091064453125,0.0
CAF,533.0335693359375,1404.2236328125,0.0
CAF,529.3567504882812,1362.9842529296875,0.0
CAF,532.4356079101562,1384.6248779296875,0.0
CAF,532.2134399414062,1373.89306640625,0.0
CAF,526.0042114257812,1383.886962890625,2.0509222
CAF,537.6500854492188,1364.7269287109375,0.0
CAF,524.00927734375,1388.218505859375,0.0
CAF,522.7645874023438,1395.935302734375,0.0
CAF,524.2124633789062,1353.9095458984375,2.4670386
CAF,537.045654296875,1339.3187255859375,0.0
CAF,533.1543579101562,1335.6544189453125,0.0
CAF,554.9224853515625,1375.665283203125,0.0
CAF,544.2991943359375,1372.0272216796875,0.0
CAF,561.0474853515625,1413.302978515625,3.7893505
CAF,568.6015625,1418.9638671875,0.0
CAF,563.85791015625,1415.8929443359375,0.0
CAF,561.31689453125,1391.6156005859375,0.0
CAF,568.9376220703125,1391.4295654296875,0.0
CAF,567.9945068359375,1378.19873046875,0.0
CAF,556.7935180664062,1383.77978515625,2.5488553
CAF,556.0133056640625,1388.8955078125,0.0
CAF,565.01416015625,1394.15869140625,3.4584982
CAF,563.4220581054688,1401.933349609375,0.0
CAF,550.9663696289062,1400.595947265625,0.0
CAF,547.4639282226562,1408.002685546875,0.0
CAF,553.7478637695312,1409.2789306640625,0.0
CAF,545.8347778320312,1394.1783447265625,2.606169
CAF,556.4681396484375,1394.0189208984375,0.0
CAF,542.895263671875,1390.0162353515625,0.0
CAF,538.4034423828125,1394.0782470703125,3.440786
CAF,542.247802734375,1394.401123046875,0.0
CAF,537.2655029296875,1409.32568359375,0.0
CAF,555.2417602539062,1416.605224609375,0.0
CAF,545.2837524414062,1409.044189453125,0.0
CAF,544.552001953125,1359.5421142578125,3.5105758
CAF,547.4346313476562,1366.81787109375,0.0
CAF,542.82470703125,1352.04150390625,3.2414207
CAF,553.4652709960938,1355.84716796875,0.0
CAF,549.81103515625,1369.3194580078125,0.0
CAF,558.2514038085938,1362.94775390625,0.0
CAF,555.0797729492188,1347.555908203125,0.0
CAF,551.3118896484375,1348.252197265625,0.0
CAF,540.0617065429688,1341.417236328125,0.0
CAF,545.96337890625,1343.08056640625,0.0
CAF,628.3322143554688,1369.8350830078125,0.0
CAF,612.511962890625,1385.131103515625,2.5877733
CAF,622.1898803710938,1366.7984619140625,3.8078365
CAF,621.7703247070312,1362.9736328125,3.5393586
CAF,549.9255981445312,1376.744384765625,0.0
CAF,572.3832397460938,1373.1029052734375,0.0
CAF,600.5101928710938,1376.897216796875,0.0
CAF,606.945068359375,1376.6727294921875,3.322802
CAF,606.6233520507812,1390.139404296875,2.210128
CAF,607.13671875,1393.2415771484375,0.0
CAF,579.19189453125,1373.3978271484375,3.1158116
CAF,574.7293090820312,1394.9744873046875,0.0
CAF,576.3336791992188,1383.0665283203125,0.0
CAF,572.0280151367188,1377.518798828125,2.7540352
CAF,587.8154907226562,1373.7396240234375,3.2378862
CAF,589.4801635742188,1377.71728515625,3.4780712
CAF,588.6640014648438,1385.3221435546875,0.0
CAF,590.87939453125,1388.9735107421875,0.0
CAF,586.9193725585938,1387.7991943359375,3.0774934
CAF,579.987548828125,1370.954833984375,3.721409
CAF,574.0677490234375,1362.1510009765625,0.0
CAF,231.81773376464844,815.0364379882812,4.355722
CAF,389.4364013671875,1303.002197265625,3.5251772
CAF,621.6121215820312,127.74755096435547,0.0
CAF,681.8019409179688,194.02967834472656,0.0
CAF,577.2881469726562,151.86492919921875,0.0
CAF,902.4988403320312,298.33929443359375,0.0
CAF,693.3197631835938,283.61273193359375,0.0
CAF,825.1493530273438,251.4558868408203,0.0
CAF,347.9267272949219,326.0762939453125,0.0
CAF,394.531982421875,201.24073791503906,0.0
CAF,402.1273498535156,217.72088623046875,0.0
CAF,649.408447265625,1428.1859130859375,0.0
CAF,534.5744018554688,1362.825439453125,0.0
CAF,670.0882505720075,220.75850346390618,0.0
CAF,731.7041691093073,226.57553256811275,0.0
CAF,758.922948341686,222.3120452053995,0.0
CAF,735.2201187851039,223.44445062513813,0.0
CAF,756.1177100307394,226.0230102552552,0.0
CAF,680.4369888706123,221.1364871763332,0.0
CAF,679.0409350308862,218.80866842796314,3.0182397
CAF,688.1316823432417,220.01407314730668,0.0
CAF,698.4436421254773,227.096232221876,0.0
CAF,722.7962626534605,225.01402321042156,0.0
CAF,709.968002194078,226.3024345553145,0.0
CAF,717.3885618638033,225.08415416819523,0.0
CAF,640.9120192626006,184.0376567005731,0.0
CAF,642.1524177522851,179.06027092653062,2.9268024
CAF,627.2286264271654,174.57816811058018,0.0
CAF,551.5567652562503,271.3031643305457,0.0
CAF,544.9925012345426,269.89063346052234,0.0
CAF,535.2152163048814,271.9762685469419,0.0
CAF,536.4910228809493,267.1177436713392,0.0
CAF,598.7235871062671,252.1245862796008,0.0
CAF,596.8778091378683,253.7206910268231,0.0
CAF,592.7039574573811,267.142985079454,0.0
CAF,560.3293019128952,264.74919446896564,0.0
CAF,599.385122343944,263.5077761244077,0.0
CAF,582.3379613020916,261.5676297097613,0.0
CAF,591.9498066490203,256.83591741356395,0.0
CAF,653.7057162029166,247.9565828294028,0.0
CAF,660.7969902304163,243.27474781060414,0.0
CAF,670.903433320444,247.28264998092206,0.0
CAF,668.3768384831695,248.7697418033251,0.0
CAF,658.203722380798,237.112450026079,0.0
CAF,665.591487342253,239.9879627118907,0.0
CAF,631.997308462521,247.1608729349538,0.0
CAF,633.2094697204002,263.92884870523284,0.0
CAF,613.6156673189193,273.9881872482987,0.0
CAF,610.0181929941862,252.4736156747647,0.0
CAF,618.8121147327062,258.2681601660609,0.0
CAF,639.3519281405926,256.1794177093242,0.0
CAF,624.8601409657213,254.6619852044396,0.0
CAF,635.5139592885429,264.3750989532432,0.0
CAF,667.3885353699856,270.3587149769148,0.0
CAF,662.6597551565491,263.630318061531,0.0
CAF,661.8546116045218,267.47217511028526,0.0
CAF,631.8095276839695,274.125708303874,0.0
CAF,647.254241756106,272.7130180815266,0.0
CAF,653.8711239151845,270.1426650960934,0.0
CAF,644.229288460887,272.4335778462349,0.0
CAF,651.0765303394783,249.071937550478,0.0
CAF,664.6853144168366,259.7634108274506,0.0
CAF,657.9382095386202,262.1325336981904,0.0
CAF,748.9983581237585,248.8601105062414,0.0
CAF,747.480845942712,242.6903072272579,0.0
CAF,700.6017028431354,243.192155501097,0.0
CAF,730.5894517975279,232.4480322162889,2.8560932
CAF,717.6322912432963,231.1117354980467,0.0
CAF,686.183313348679,257.80352065986585,0.0
CAF,684.0819023821878,256.2394616649913,3.613646
CAF,675.9240991856734,267.08711615467456,0.0
CAF,676.59560987883,274.0111658534133,3.7372792
CAF,682.6300752290764,264.21620875102525,0.0
CAF,668.0044321020811,251.1818260606039,0.0
CAF,671.0152986518622,249.6704489440297,0.0
CAF,689.1821169275366,252.394784080103,0.0
CAF,762.4311375593059,247.9326640455768,0.0
CAF,756.7599955076822,251.32003233117214,0.0
CAF,723.42681979936,274.4936528198916,0.0
CAF,736.1198220061675,281.7310529284603,2.5488553
CAF,731.3394116397687,263.5550559589259,0.0
CAF,743.4003906592961,268.58305203105726,0.0
CAF,739.4378242251443,254.10978159623,0.0
CAF,737.1001096974563,257.0882677537829,0.0
CAF,750.8012065760831,255.9110524605475,0.0
CAF,691.995083826195,230.7796930606166,0.0
CAF,690.0693906673315,237.75792254950096,0.0
CAF,675.156514976403,239.1200024737594,0.0
CAF,684.1297240146073,241.1116674947413,0.0
CAF,676.3507650330693,241.9649035781389,0.0
CAF,817.874065771143,349.2508316512911,0.0
CAF,813.1963022042214,358.9267366324506,0.0
CAF,792.3356727301277,349.9178486089121,0.0
CAF,816.0563577146092,322.55992292725375,0.0
CAF,762.5659655606062,327.4673370958466,0.0
CAF,771.2757652073091,340.556282021991,0.0
CAF,796.1408309386746,340.05062522760926,0.0
CAF,849.1848931685053,387.5505253051619,0.0
CAF,815.5993352494994,375.8677052856178,0.0
CAF,822.752127241663,386.1823581221283,0.0
CAF,837.0295457027303,375.5178950640665,0.0
CAF,803.0556700730887,417.741002286093,0.0
CAF,852.737366396953,395.3308069109887,0.0
CAF,855.952219856632,441.7742648216332,0.0
CAF,809.67652807265,423.9270595021202,0.0
CAF,851.8162143530845,331.47010812133306,0.0
CAF,845.6922408024712,326.5143464576516,0.0
CAF,845.4024825042032,322.5365300060968,0.0
CAF,860.747617309099,346.535404310127,0.0
CAF,856.5214502606565,339.123513406825,0.0
CAF,834.5797108799061,349.8240857014955,0.0
CAF,840.2788830053137,325.90775590127527,0.0
CAF,864.7775818086687,404.065832030574,0.0
CAF,851.776001794134,402.7150979917813,0.0
CAF,866.451960417419,393.2929137808268,0.0
CAF,880.8315436371837,418.22355299350085,0.0
CAF,876.6320123296907,414.1386836507115,0.0
CAF,863.5835707804882,417.47995130898596,0.0
CAF,858.4803683790651,413.7175791994216,0.0
CAF,871.2924545775659,418.6073371305199,0.0
CAF,847.026665130907,362.87778189358056,3.3202283
CAF,846.3779258848439,372.0227568017787,0.0
CAF,853.1014784895794,362.8430749574226,0.0
CAF,844.2386846766451,361.4300979008921,0.0
CAF,834.532869264279,360.6177197533572,0.0
CAF,839.1433303771769,352.7938712221604,0.0
CAF,839.8525438301818,361.43577084362505,0.0
CAF,829.728093927547,311.09633983501027,0.0
CAF,817.502201187956,306.8513851475733,0.0
CAF,816.0995262591694,315.94759824464046,0.0
CAF,813.6970350117929,306.1455180933715,0.0
CAF,820.9944631407963,301.50422230578755,0.0
CAF,821.7913442748263,298.2958863561584,2.7805936
CAF,824.91247466517,321.02379839476896,0.0
CAF,768.0340290105783,245.7865228817506,0.0
CAF,780.1648999593936,248.943164937488,2.3924584
CAF,759.773140795696,237.7790686028901,0.0
CAF,754.8831757065765,229.98509863243535,0.0
CAF,772.7035620299675,230.226039346259,0.0
CAF,761.4279350038319,255.6280586684315,0.0
CAF,773.1615406090212,254.3981774321281,0.0
CAF,791.028505616705,273.4353302955608,2.9963024
CAF,765.8263778497046,272.9455768631101,2.711042
CAF,756.7558842177242,265.0257344919614,0.0
CAF,770.8000985202962,268.26715198404406,0.0
CAF,783.6192599619807,287.6230732363212,2.9284763
CAF,773.1423545892167,275.072420460505,0.0
CAF,766.2048236838712,293.3813332034523,0.0
CAF,765.769855580397,284.23017542508455,0.0
CAF,755.9978770831235,278.2113744082831,0.0
CAF,772.7204693115394,291.3196009656264,0.0
CAF,774.650353436523,284.9986360721368,0.0
CAF,811.5243138803305,297.988113277667,0.0
CAF,811.8542130290034,292.53870998483023,0.0
CAF,808.7169721187079,286.99847586733773,0.0
CAF,801.8841436578185,282.20620968803655,0.0
CAF,803.9173040239589,285.454861775627,2.7735267
CAF,769.1828955253818,294.8047000315048,0.0
CAF,753.6917143155792,323.5308885075911,0.0
CAF,752.7387714830815,315.0031488910096,0.0
CAF,762.7443445520443,306.9091025593107,0.0
CAF,745.7930976739817,311.27631234968777,2.1624384
CAF,752.3083130503753,300.0000957199534,0.0
CAF,741.7377403815892,297.9346027672821,0.0
CAF,750.7185505256465,290.6730767168663,0.0
CAF,734.8407965131556,318.5219031677079,0.0
CAF,736.1543377195367,306.49778234071175,0.0
CAF,728.5627292652753,291.11489697027065,0.0
CAF,751.4800793466065,318.18621156205916,0.0
CAF,735.89781234843,309.7819381260799,0.0
CAF,742.5407804829402,317.31786887835034,0.0
CAF,593.3156154176593,278.8387445077035,0.0
CAF,600.7776066916135,274.9090205875191,0.0
CAF,587.0321301907645,281.3327677299611,0.0
CAF,584.9506063943031,279.1479198866457,0.0
CAF,590.6906683260382,285.00472333091204,0.0
CAF,588.041435940246,288.89875233053,0.0
CAF,596.7377703155746,289.2731984213651,0.0
CAF,729.2795119536682,287.8595839555388,0.0
CAF,603.4844927482135,313.28842227383336,0.0
CAF,644.2824483961592,283.3097245314417,0.0
CAF,692.006111007013,285.2800522762457,0.0
CAF,640.3699026564974,276.715342920506,3.031286
CAF,636.469850139034,289.3144706732701,2.1570113
CAF,601.630109754321,302.16719171438,0.0
CAF,595.821112007242,300.8967075059323,2.729593
CAF,585.7730237382474,298.5219435629244,0.0
CAF,594.3811087965682,294.7408634905274,0.0
CAF,642.7481404801675,1199.024284660717,0.0
CAF,651.1269494147784,1199.8272928916033,0.0
CAF,619.4506076243388,1169.8337435126186,0.0
CAF,611.8664887293036,1168.0319149151674,0.0
CAF,495.40508571314774,1157.245547329278,0.0
CAF,498.4974131709359,1122.7952321538523,0.0
CAF,589.0490525550937,1153.2932272495566,2.7595606
CAF,594.0756622620066,1153.0587881105503,0.0
CAF,591.3700191535336,1138.461095381177,3.2714128
CAF,607.0159633403636,1120.8187534093436,0.0
CAF,601.2199368724546,1129.3545562535173,0.0
CAF,618.997090910356,1118.0775109916985,0.0
CAF,611.9146131311387,1131.4242242370765,0.0
CAF,628.1515950875267,1137.7009210549706,0.0
CAF,641.482086266326,1119.887880873714,0.0
CAF,626.9579505696913,1120.544030002841,2.6026897
CAF,618.2883873847877,1141.9162362101515,0.0
CAF,479.4782352496456,1276.7766179027553,0.0
CAF,480.2953620964345,1271.092839211842,0.0
CAF,529.1165797737773,1288.2108482969259,0.0
CAF,485.058530541381,1266.684644003743,0.0
CAF,477.2571188173973,1279.6362909675659,0.0
CAF,572.5831131796435,1213.1260729579346,0.0
CAF,557.6893757028222,1229.3765679913945,3.0502548
CAF,557.7472524668835,1257.9195012949297,0.0
CAF,553.1149760208356,1258.4080117792537,0.0
CAF,553.7919684339363,1244.7445061138483,0.0
CAF,549.2803216971241,1247.1753302044244,0.0
CAF,546.5684957184816,1240.353775920455,3.0426197
CAF,482.7728445474652,1251.1203838181737,0.0
CAF,492.3370754199955,1238.584327715232,0.0
CAF,529.8154034552603,1427.3080895789099,3.0984704
CAF,537.565567471859,1439.559606172193,0.0
CAF,631.6812809336485,1425.111194699903,0.0
CAF,620.3183447692165,1432.6351740278767,0.0
CAF,522.4181092248326,1466.3601174246483,0.0
CAF,574.09224342845,1458.3037738527976,0.0
CAF,602.7236172717816,1451.3484910985633,0.0
CAF,625.4464937769551,1455.8716749436298,0.0
CAF,638.8219860520398,1457.3725188715905,0.0
CAF,601.7387242983303,1418.6269574152868,0.0
CAF,578.239515141301,1396.4989112649814,3.1117015
CAF,567.4665331506243,1379.3974748215892,0.0
CAF,582.3711384559396,1379.4793181751736,0.0
CAF,532.2715008244159,1418.0988000727623,0.0
CAF,525.8660154582993,1425.5647751548154,2.9295936
CAF,537.5520225243226,1405.420856660569,0.0
CAF,544.5689427574638,1384.732718109543,0.0
CAF,605.601775206171,1475.4002385036824,0.0
CAF,617.7638632752495,1473.2967878274444,0.0
CAF,627.551506105968,1479.8118757219788,0.0
CAF,679.3928805735786,1427.0161561214197,0.0
CAF,678.7832782582794,1431.3119123297342,0.0
CAF,660.1559477016004,1436.5335692811711,2.8716798
CAF,657.1569688351865,1443.8814961616367,0.0
CAF,664.6303697355361,1437.5768808165851,0.0
CAF,685.635077613336,1438.6207022794358,0.0
CAF,682.838237169862,1441.7424780466913,0.0
CAF,681.8469541682201,1434.9841547648684,0.0
CAF,664.2855950474218,1482.1208271551925,0.0
CAF,671.4743608267187,1479.7978527174707,0.0
CAF,670.495969428085,1475.1782925868745,0.0
CAF,663.5485905491188,1487.3377672778402,0.0
CAF,670.8657943015253,1490.7968600444487,0.0
CAF,678.7054824537234,1455.068921676462,0.0
CAF,676.9104741357374,1462.0718826460245,0.0
CAF,689.0862505694438,1456.6474020566545,0.0
CAF,684.4854302721451,1478.6628817253163,0.0
CAF,679.288966923126,1495.5608571214798,0.0
CAF,670.4532630052643,1464.732811492395,2.8116422
CAF,687.078156323862,1466.466692258911,0.0
CAF,669.1215875044169,1468.8356876477917,3.272633
CAF,678.9981808023684,1403.8623909322653,0.0
CAF,680.1963190557395,1400.7959422918877,0.0
CAF,670.489722816986,1394.463535901538,0.0
CAF,677.621121759658,1410.853241125207,0.0
CAF,618.592336007504,1404.688728343379,0.0
CAF,624.9946661976062,1406.711483002765,0.0
CAF,616.2164247277638,1398.2229759283416,0.0
CAF,627.8404118693027,1380.44588563137,2.8638523
CAF,612.7877045141014,1379.3821769984893,0.0
CAF,621.1091466120877,1389.672640152223,0.0
CAF,635.87205583094,1403.9303387632008,2.580975
CAF,634.799072892805,1410.4055248358163,0.0
CAF,669.1081381682749,1408.928010088083,0.0
CAF,634.6320079163683,1415.0258498575674,0.0
CAF,627.5830259956467,1416.5326854329087,0.0
CAF,635.1228768150866,1378.9059047726453,0.0
CAF,631.968561303279,1394.2918178372415,0.0
CAF,662.0208160784093,1125.9787091409441,0.0
CAF,644.1484012212462,1158.1184156189872,0.0
CAF,641.6024928823081,1129.6652295443048,0.0
CAF,664.9355931768441,1135.6590441167098,0.0
CAF,649.6747398160896,1135.4847764152298,0.0
CAF,639.162968154844,1275.6805288776466,0.0
CAF,625.6702244397914,1341.32833211002,0.0
CAF,597.1869845168105,1346.418937710234,0.0
CAF,617.2935508263215,1357.654296404106,0.0
CAF,608.4112522889347,1323.4408425230104,2.488029
CAF,607.4174037148771,1331.4227366891082,0.0
CAF,628.8675969495323,1365.8745816468438,0.0
CAF,625.741996726502,1367.9522809875305,0.0
CAF,606.4003534424512,1364.7356587170555,0.0
CAF,582.3025213452435,1360.8181411848861,2.611999
CAF,581.6584192518076,1364.0580926355885,0.0
CAF,560.6569621614165,1362.1291646245486,0.0
CAF,538.3811964068027,1392.7984953389719,0.0
CAF,537.8559392765742,1373.3656706551528,0.0
CAF,546.5685594594111,1358.2565207068058,0.0
CAF,534.2821447071811,1348.89871483473,2.4042833
CAF,539.836688663365,1329.5467136496222,0.0
CAF,555.3532706336063,1328.5049318965182,0.0
CAF,554.8322522751952,1338.3404122948887,0.0
CAF,570.2503226387661,1333.1380051041858,0.0
CAF,562.5171774503658,1342.3402831080791,0.0
CAF,550.7601311183224,1352.5919917766264,0.0
CAF,609.5648037620625,1293.719211949627,0.0
CAF,603.8267815400741,1286.2120602270631,0.0
CAF,578.0569929894402,1285.3742494486246,0.0
CAF,571.4326212711358,1279.9586925893964,0.0
CAF,534.450133927097,1279.6575804380464,2.8227344
CAF,541.2171259753433,1257.1701629267523,0.0
CAF,539.6692093708857,1267.678747541519,0.0
CAF,557.744288513658,1283.6589810335468,0.0
CAF,543.7445813151672,1296.6289853850894,0.0
CAF,550.077465762489,1287.1677917252302,2.3915558
CAF,547.325323645885,1276.4019487186667,0.0
CAF,551.4884031092726,1265.4067658474637,0.0
CAF,553.9532967267108,1274.6769916822923,2.3942668
CAF,608.212380588636,1297.764976232117,2.207963
CAF,628.1176849129887,1295.712900745123,0.0
CAF,615.8396520929988,1289.0485315935052,0.0
CAF,542.2769782819842,1318.5072945732886,0.0
CAF,539.2427506815109,1322.3770064082707,0.0
CAF,548.8974299331193,1307.489419931154,2.663829
CAF,598.4126269812966,1320.8110192502763,0.0
CAF,570.8390338643942,1311.460352362314,0.0
CAF,584.5362903520138,1313.4035583415803,2.9891067
CAF,603.0703360582481,1311.8286474534443,2.5787208
CAF,688.9790861315824,1285.1693861009448,0.0
CAF,671.0067254968333,1285.7682958753064,2.5564988
CAF,680.8084391377572,1268.1342402243188,0.0
CAF,646.9181039639502,1272.9794432456388,0.0
CAF,668.704339379367,1263.1670370637773,0.0
CAF,673.2081778523051,1338.9117859876703,0.0
CAF,682.1546794410142,1331.058393535612,0.0
CAF,671.4807667901417,1370.9563909987758,0.0
CAF,676.7807772792685,1389.8044563946005,0.0
CAF,676.1283410592896,1366.128143064725,2.1993608
CAF,670.39051006009,1366.3795372910001,0.0
CAF,672.3182588639324,1348.8535862565852,0.0
CAF,677.4030321690898,1358.7627511695537,0.0
CAF,677.4924766285271,1352.182137599408,0.0
CAF,684.2812043337613,1306.3726788448605,3.3024082
CAF,690.3019016432178,1312.116501491441,0.0
CAF,683.2919291714012,1300.237869336218,0.0
CAF,677.3600548473186,1293.4238364819394,0.0
CAF,650.0946331897175,1286.852656569372,0.0
CAF,623.6084922019654,1334.682192864263,0.0
CAF,647.0287582177062,1284.9714067736602,0.0
CAF,673.4099178944351,1298.740467418455,0.0
CAF,664.1564877945516,1292.6622598552822,0.0
CAF,653.5122306111675,1289.9238220385387,0.0
CAF,661.9715443398417,1305.7773385625555,0.0
CAF,626.0788675393478,1307.3207614314776,0.0
CAF,614.7989858061625,1323.3623136977642,0.0
CAF,673.8694421910311,1310.9398439313393,0.0
CAF,605.1441472022301,1178.5584744720763,0.0
CAF,594.7008651698212,1186.6398044883235,0.0
CAF,600.014850857759,1189.3670239014605,0.0
CAF,599.255505163637,1196.8929154573216,0.0
CAF,631.2618974874573,1187.5437783516693,0.0
CAF,604.8607550293042,1199.0632941096217,0.0
CAF,608.5477216191719,1190.2313509066055,0.0
CAF,626.5918226701667,1181.2990794804257,0.0
CAF,647.8266034332963,1204.642537676019,0.0
CAF,652.7418896066926,1223.7751425815022,3.2055328
CAF,621.102836260059,1220.995528124248,0.0
CAF,608.2833879841913,1210.0305584536675,0.0
CAF,615.564960556961,1218.1032197034913,0.0
CAF,625.3094826488166,1237.5846149756526,0.0
CAF,623.6736673024641,1260.093959366723,0.0
CAF,625.2269062745419,1249.9085412649422,0.0
CAF,625.2214882955273,1242.7825603012845,0.0
CAF,643.0620964288285,1255.060338157556,2.2122989
CAF,715.7190594361663,710.0119042573044,0.0
CAF,714.7595831583862,675.0824485142035,0.0
CAF,719.1257890291224,671.2224890414476,0.0
CAF,734.4613945650453,676.4642881266327,0.0
CAF,538.9163652515813,894.6928976621824,0.0
CAF,529.192112775333,907.7618279364377,0.0
CAF,470.0304271849987,933.4600672936147,0.0
CAF,502.2692189380786,899.3835926701933,0.0
CAF,526.0394863981594,897.253880730967,0.0
CAF,518.8771731046395,906.4085442604618,0.0
CAF,667.8698431292665,784.8296688422724,0.0
CAF,682.1730208935018,785.8083470750893,0.0
CAF,596.604137456704,771.0427607371945,2.5221024
CAF,483.3339240801194,894.757913410357,0.0
CAF,690.0486429947523,923.0064273601485,0.0
CAF,638.9562563202062,862.5662580747038,2.1831274
CAF,519.1092219587863,887.4888340597856,0.0
CAF,612.8012494616378,886.307140966247,0.0
CAF,546.5401310048171,892.180803886388,0.0
CAF,554.1193099778096,891.3813651475584,3.0416698
CAF,571.5282326655102,873.15286158728,0.0
CAF,639.5008269520985,889.7705043751375,2.1685889
CAF,701.3356796472833,805.6863384111158,0.0
CAF,676.91468103709,760.8741702408234,0.0
CAF,727.504295194318,724.3875873289402,0.0
CAF,675.8782694573032,708.610559920423,0.0
CAF,724.009029450171,707.526262967287,2.8955812
CAF,727.0882422116974,707.2533243068126,0.0
CAF,740.329846664193,688.6688276548134,2.6763394
CAF,700.2018559918615,686.6734815951481,2.5742302
CAF,712.6197842170536,689.9012585283001,0.0
CAF,722.5273237363176,680.6415499468526,3.2915456
CAF,736.6452703591847,680.9249421197784,3.761591
CAF,586.2729438489666,1021.8628724596714,0.0
CAF,517.9838121060694,1014.676656317558,0.0
CAF,509.566408038596,1014.9825490386265,0.0
CAF,500.3826467747466,1007.9412797703847,0.0
CAF,518.0400634764263,1017.3715590793962,0.0
CAF,510.1867347652975,1020.8747605692762,2.9505227
CAF,507.0767829404796,1032.5255826421696,0.0
CAF,514.7172169468013,1023.8752373475353,0.0
CAF,582.5573575817161,1001.727622731848,0.0
CAF,547.1564739234196,985.956523229782,0.0
CAF,217.40820003088731,1024.58065821523,0.0
CAF,222.77180803250545,1031.2508277914399,0.0
CAF,271.7748785819484,1004.0306462586102,0.0
CAF,500.8524811667026,965.9761002199158,0.0
CAF,489.785717231578,967.3498447342878,0.0
CAF,498.6465350756952,971.9223003179222,0.0
CAF,495.7783525967856,968.8259571815702,0.0
CAF,492.9880934042911,991.8718727178702,0.0
CAF,499.513061142911,996.258268528052,0.0
CAF,513.7452315115906,978.6085326083868,0.0
CAF,516.5208302902811,980.7015935131028,0.0
CAF,503.0262699587353,977.580008968636,0.0
CAF,505.3377072882027,978.7464679800044,0.0
CAF,517.5193319521983,998.0887805438156,0.0
CAF,513.5096131653872,1000.5804772221434,0.0
CAF,495.8277836876772,1088.0444422363726,0.0
CAF,477.893954444861,1095.2966302406044,0.0
CAF,499.0802602310426,1092.839417405181,0.0
CAF,477.0487497185907,1090.6808945657833,2.6954482
CAF,480.677712062538,1110.4969297182552,2.654563
CAF,518.7755700628843,1044.9844484793864,0.0
CAF,509.5332308847481,1040.4027504609626,0.0
CAF,518.9642113439851,1039.240179646299,0.0
CAF,483.9790460284286,1100.1227109830495,0.0
CAF,495.6516356287747,1038.705966915464,0.0
CAF,502.54362363993323,1044.4832535500755,0.0
CAF,510.88549470585076,1075.5148877082484,0.0
CAF,505.0986788022665,1075.4427329759603,3.7698343
CAF,517.8283479788165,1052.9902454940777,0.0
CAF,503.1151885555037,1059.5653773442793,0.0
CAF,517.4975962952105,1061.436428591258,0.0
CAF,513.6450307702862,1055.152210343673,0.0
CAF,215.25452150213798,1038.2597166674539,0.0
CAF,218.88565103769096,1050.0486015938238,0.0
CAF,485.1276575795137,1054.1323554703454,0.0
CAF,530.9870573523895,956.3535145263522,0.0
CAF,542.8691633882747,946.9614797750905,4.166542
CAF,483.986790551373,976.1211703132705,0.0
CAF,475.086963258351,980.760872577615,0.0
CAF,499.4498620112294,978.2154422956484,0.0
CAF,529.0483451086587,953.4252562213106,0.0
CAF,541.3980227335,982.0724696856438,2.816801
CAF,281.8582474554671,980.4894636994507,0.0
CAF,273.6454836424198,978.0929959699198,0.0
CAF,284.4059724108984,973.6408195204085,0.0
CAF,269.11343980814115,960.6290011190595,0.0
CAF,285.6534461437667,978.1381245480645,0.0
CAF,282.52268290544,947.6495631099386,0.0
CAF,682.2361562842536,1014.6934839229677,0.0
CAF,600.9613717916012,996.7943297458444,0.0
CAF,593.3418448101827,987.96213157911,4.1696725
CAF,607.3649130593656,990.5416632584032,0.0
CAF,596.4242605534207,1029.6585793704573,0.0
CAF,599.1246450352032,1026.1641741288597,0.0
CAF,588.1065472998151,1014.6375831277235,0.0
CAF,584.6680109829971,1007.0324615963907,3.2112277
CAF,635.5589603848284,1030.9291910607642,2.9488075
CAF,638.4755222292915,1011.4157978419522,0.0
CAF,610.9381339603924,978.1818508257584,0.0
CAF,581.7400076416737,981.9256743248142,0.0
CAF,592.9436870935427,968.6397699262583,0.0
CAF,605.2691112946775,971.3183550101235,0.0
CAF,699.5299628531272,970.944896903697,0.0
CAF,684.561042949863,892.0700858917023,0.0
CAF,693.3407185906211,914.7743500454377,0.0
CAF,697.6162051833282,915.7082184047578,0.0
CAF,643.0403607718407,912.277299129025,0.0
CAF,694.9646143831416,904.1302522143776,0.0
CAF,682.7870850738717,910.2108819328744,0.0
CAF,637.1797328717994,937.2226306259678,0.0
CAF,595.1288855119708,941.9859265527735,0.0
CAF,593.0725393826947,950.957207427858,0.0
CAF,622.4815206964738,955.196361690703,0.0
CAF,546.9937752006591,976.7662922615798,0.0
CAF,592.7941827432059,964.555059935793,0.0
CAF,710.2515059136307,978.9083699411452,0.0
CAF,686.8624410829208,951.8964937661927,0.0
CAF,694.9723907765507,922.396681627758,0.0
CAF,694.7618226156734,917.4870365266297,0.0
CAF,639.8001224869553,930.3298139827245,0.0
CAF,618.1412095783807,930.6485823715692,0.0
CAF,706.758821677132,921.443690989563,0.0
CAF,685.454356142736,923.0425047262923,0.0
CAF,612.9167480260421,1039.3779875360572,0.0
CAF,612.9111706947036,1040.7810528780376,0.0
CAF,629.2774511267507,1043.9731986315526,0.0
CAF,609.0650430036673,1047.132454065403,0.0
CAF,623.7928309703194,1150.7646245730002,0.0
CAF,648.5684522422476,1099.3937697123386,0.0
CAF,660.5253263885337,1078.9353534715297,2.4465575
CAF,675.000285957995,1099.3478762430389,0.0
CAF,606.1035438038481,1070.0219493605064,0.0
CAF,620.5598272809416,1067.3679045345307,0.0
CAF,623.5838563326816,1055.2164612006925,0.0
CAF,609.6611163066624,1077.6939351269716,0.0
CAF,614.1553936401632,1076.3419900105168,0.0
CAF,616.5332171477911,1077.6114543640913,0.0
CAF,620.1903211121491,1090.4338347227197,0.0
CAF,612.8890207216735,1085.9087386497656,0.0
CAF,644.333218046572,1072.917954755179,0.0
CAF,638.3757358040294,1076.7110499928024,0.0
CAF,631.2337558670465,1074.220946837714,0.0
CAF,585.1114885005705,1150.5473954849813,3.3462927
CAF,615.6563331795181,1147.717680657075,0.0
CAF,499.7643597577918,1104.5492635788682,0.0
CAF,496.4152838356433,1103.1074437517016,2.774231
CAF,511.5909474440102,1084.3395644452921,0.0
CAF,761.8164519048725,776.7744726071543,0.0
CAF,743.3948292631901,1096.40546745163,2.6663167
CAF,644.6772278435313,1096.711296431769,0.0
CAF,652.985921755601,1094.9721889090272,0.0
CAF,665.268065865549,1086.9996009186484,0.0
CAF,665.4113236047866,1096.5533464082623,2.9470954
CAF,669.2399862811172,1094.7451437178527,0.0
CAF,676.0034566430043,1092.4043218198476,0.0
CAF,740.9659492709662,1101.253220110133,0.0
CAF,750.900658361465,1084.6169649708372,2.9626215
CAF,684.4247329719498,934.0093866247607,2.3799093
CAF,712.9302344145874,928.53614422426,0.0
CAF,719.9278730165297,942.4204484697404,0.0
CAF,717.6394780331068,938.4512370436795,0.0
CAF,718.9362235045427,933.7347907001173,2.3693016
CAF,639.9723823491532,880.6993414633965,0.0
CAF,645.0971212171592,878.6689378924606,0.0
CAF,634.4351121848863,822.4777389730166,0.0
CAF,660.0130405374753,820.8181163894648,0.0
CAF,666.992162399374,815.0115726681746,0.0
CAF,484.7661827678487,879.8504397632105,0.0
CAF,588.0291658113013,782.018311402086,0.0
CAF,596.8649972110221,796.4238252287666,0.0
CAF,582.6217040501302,814.0814650237,0.0
CAF,596.372853493712,800.2977439651012,3.276303
CAF,638.566257442553,852.3499893630046,0.0
CAF,598.7713609329896,853.3352966524982,3.3813038
CAF,564.7330671263882,861.3297477817238,0.0
CAF,586.593560724769,815.911913298534,0.0
CAF,611.7656505787033,840.8140921861492,2.2203095
CAF,582.8176436676682,845.5626639582213,0.0
CAF,673.4942471442735,769.0625212778405,0.0
CAF,636.0454949003353,792.143813030059,0.0
CAF,635.6757656382892,789.3840857428347,0.0
CAF,623.9889618106462,780.4256167945963,0.0
CAF,638.8690905990017,789.2865621205729,2.6441796
CAF,644.564629491423,782.9994755311567,0.0
CAF,650.3600185500362,787.5406980592953,0.0
CAF,655.2355303833727,770.8236194212883,0.0
CAF,666.4498227000172,779.2070814437587,0.0
CAF,272.43478842592094,907.3478305987963,0.0
CAF,282.48985632670474,875.0216819017231,0.0
CAF,218.91707531597538,884.6447137817935,0.0
CAF,213.44574514336205,903.862731532918,2.031682
CAF,225.9717939203592,901.3500003478277,0.0
CAF,204.1071890320204,882.5440677064572,0.0
CAF,211.59209517015972,879.5492001300014,0.0
CAF,229.4847477724654,922.2460618111534,0.0
CAF,224.2975109230034,927.845128806651,0.0
CAF,227.82518892984325,941.773541775403,0.0
CAF,229.3906024194714,934.1578392497595,0.0
CAF,226.6244372983593,912.994129623115,0.0
CAF,228.5607592572307,903.0539866183692,0.0
CAF,231.18765044720405,928.206922322964,3.0163913
CAF,280.83928495515374,741.5165598539123,0.0
CAF,189.02308926899946,752.1386033233366,2.866975
CAF,258.2807325664451,729.68369368613,0.0
CAF,277.8193034524423,851.3822108291464,0.0
CAF,281.56682392541376,825.3108958111204,0.0
CAF,282.13985488236466,821.430985427405,0.0
CAF,194.68111662436132,831.8524361914317,2.80214
CAF,175.7790626611797,832.9693047595846,0.0
CAF,168.0286755513273,820.013833339987,0.0
CAF,173.22043800678972,819.1180820565575,0.0
CAF,175.6502422424925,845.4143388150818,0.0
CAF,179.13744475904718,820.408772139683,0.0
CAF,189.12501101540263,840.3374375147279,0.0
CAF,272.8542674835065,756.3998119478173,0.0
CAF,277.09769238863345,757.037093761788,0.0
CAF,280.9881837666596,772.9527576921482,0.0
CAF,279.03159219218077,777.4241839023935,0.0
CAF,291.0574658947404,782.46704754635,0.0
CAF,284.8146792513844,788.4015193133133,0.0
CAF,298.89294714558605,768.9482975320277,2.8591888
CAF,300.6614392368655,778.0103454908385,0.0
CAF,307.34250851203404,801.0242630804878,0.0
CAF,271.224858100577,811.7788876834447,0.0
CAF,278.1066475630023,861.8280106282739,0.0
CAF,277.24404156295594,796.2336860358206,0.0
CAF,280.7185596345236,808.8726199991092,0.0
CAF,595.1527564900996,748.9735474648943,0.0
CAF,586.010331219085,729.404444673627,0.0
CAF,589.2080543039384,809.8970004784371,0.0
CAF,567.2025500907564,726.9063739023408,0.0
CAF,576.4829426038535,716.342780865344,0.0
CAF,586.9826353589434,683.322684667901,0.0
CAF,582.8547727591503,680.6369605999225,0.0
CAF,580.5710308635869,686.0354986309521,0.0
CAF,589.2444185042655,702.5626930397315,0.0
CAF,580.7657912739277,714.1444836858866,3.190889
CAF,678.2178643424137,682.7942723616582,0.0
CAF,678.426376858312,685.7196623248685,0.0
CAF,609.97252261814,712.6137452619516,0.0
CAF,605.0908916555635,710.6250919998926,0.0
CAF,596.6849290849502,715.482278315974,0.0
CAF,654.8060439998427,694.4197255445775,0.0
CAF,635.146811534145,693.2919572774662,0.0
CAF,647.5187028729457,687.5886738621003,0.0
CAF,632.762295228911,759.3584109353404,0.0
CAF,639.6568647477176,736.7641636260653,0.0
CAF,647.4294655715296,743.5519352173557,2.2834606
CAF,638.1672710938283,751.5425618908063,2.138964
CAF,598.931637500426,723.4035548580383,0.0
CAF,601.1403244514055,762.8913794393357,0.0
CAF,603.6932761630625,758.0286476623805,2.3273454
CAF,609.0859818990352,734.7934853061487,0.0
CAF,642.9999171520203,731.6488902861024,0.0
CAF,643.2953882311022,720.3298397516883,0.0
CAF,645.4559826507112,724.1403362630879,0.0
CAF,649.1172297754922,725.4155373003247,0.0
CAF,654.2954791538831,746.983109456807,0.0
CAF,655.1869916654953,737.1308014530266,2.8197627
CAF,683.9618463413182,667.176788499887,3.3542564
CAF,671.493897421636,668.1664301725922,0.0
CAF,560.8507664578135,672.1806426949388,0.0
CAF,579.8154140138456,665.1064193661025,0.0
CAF,606.8575990008146,664.4073088504365,0.0
CAF,145.0331790903274,532.6681929976515,0.0
CAF,61.14737489916781,544.913909166343,0.0
CAF,70.57682557609478,526.6306521475527,0.0
CAF,89.29160868816163,545.4388157214586,0.0
CAF,234.72743923066466,540.7088563008248,0.0
CAF,169.7255865786851,523.703031251807,0.0
CAF,168.97325238681734,518.3968219572782,0.0
CAF,174.72956825559612,533.995597856217,0.0
CAF,188.90166279814392,539.5954297428694,0.0
CAF,156.12684169773613,502.771115515591,0.0
CAF,66.41575395198896,506.7053650417757,0.0
CAF,168.34655156715758,509.1990058184559,0.0
CAF,160.83984603110088,515.1839604016487,0.0
CAF,171.54360537225057,513.468691986571,0.0
CAF,56.83498230823202,498.2923272279787,0.0
CAF,412.58665525831975,464.50326045604675,0.0
CAF,388.38916421770904,450.68709526429024,2.0129123
CAF,49.3687522624605,482.3164918600921,0.0
CAF,112.27289092186453,475.2751269804558,0.0
CAF,133.08685406788732,459.6200040997659,0.0
CAF,113.7547400528094,472.5878731301674,0.0
CAF,203.04934456466142,476.5857998450056,0.0
CAF,171.6939064842072,440.0618966188516,0.0
CAF,470.778108289007,437.7029085559154,0.0
CAF,454.9854006118122,482.1316431643014,0.0
CAF,658.606469444368,601.3335555774122,0.0
CAF,667.1004263682705,615.9663695589858,0.0
CAF,665.1802946055132,609.6790280058513,0.0
CAF,579.3974647385701,612.1512837006562,0.0
CAF,651.0598620863924,598.3167611211799,0.0
CAF,609.7641535193333,602.8906827461946,0.0
CAF,596.1464775822982,615.2588452406147,0.0
CAF,566.2086059053044,610.1901027792475,3.2629168
CAF,571.669355083607,595.4248988869301,0.0
CAF,618.2375221229805,633.066276220068,0.0
CAF,564.3568681599895,637.8790351082303,0.0
CAF,592.5785790488915,621.1212260162196,2.4088764
CAF,578.4561386904887,620.853386630112,0.0
CAF,106.2408955326394,687.667776355713,0.0
CAF,103.55600009674558,705.6174770899953,0.0
CAF,86.0389727924723,687.8350325549385,0.0
CAF,74.5608248978191,677.2902430921688,0.0
CAF,65.64168410313339,671.1911922450224,0.0
CAF,101.4906664963982,675.836822415818,0.0
CAF,145.4620918054912,670.868471918544,0.0
CAF,238.936571515676,623.685587354272,0.0
CAF,209.95790521751155,620.8872330637205,3.206669
CAF,231.1028112699291,620.1695101966163,0.0
CAF,154.4000361744039,594.754089343999,0.0
CAF,121.77054439344528,601.273065435238,0.0
CAF,133.21956268327904,603.960383026456,0.0
CAF,121.15525320018088,604.5575080547892,0.0
CAF,120.64475209515088,616.996040535469,0.0
CAF,128.91322548065364,609.3417110064981,0.0
CAF,202.0973100404102,631.602338290336,0.0
CAF,128.49483001887103,622.758603015347,0.0
CAF,78.52729546390812,628.5742616895675,0.0
CAF,140.08433331750567,640.2577191184074,0.0
CAF,139.488036921257,658.2615996428353,0.0
CAF,92.16543223933938,642.9630753926973,0.0
CAF,69.7915373236326,662.7195127760091,3.1688046
CAF,112.06911116998778,628.0464867926205,0.0
CAF,106.4328832125433,655.3367833479913,0.0
CAF,106.55762421173718,630.8562507095673,0.0
CAF,116.89621176730604,641.4237319432686,0.0
CAF,192.4811621807347,607.5197402752985,0.0
CAF,194.2447462204363,611.3085011297103,0.0
CAF,222.24970607829135,607.8706978335824,0.0
CAF,220.98240891632275,611.6618808433183,0.0
CAF,219.40558580029926,617.0355599118104,0.0
CAF,216.644328730765,598.8112632528846,0.0
CAF,190.83059080918372,580.5378223372502,0.0
CAF,76.33575482298647,580.594551764579,0.0
CAF,67.5545493999183,561.1654877956053,0.0
CAF,93.8687173596555,570.7931090226058,0.0
CAF,70.19622848555487,578.138040079381,0.0
CAF,84.87206759459687,564.5531269801514,2.7721202
CAF,145.4632391422237,565.2538310190571,0.0
CAF,193.79499022129886,589.0043387909673,0.0
CAF,218.22376522490143,547.77409215859,0.0
CAF,202.1941962533763,568.4123215617523,0.0
CAF,224.9409118662139,563.7766987169013,0.0
CAF,421.6638416879064,642.911317757876,0.0
CAF,470.2269086004382,598.50932246945,0.0
CAF,486.5432480141571,598.7516654837244,0.0
CAF,485.3403291910673,574.0583018814231,0.0
CAF,553.4052522141565,591.2714124334447,0.0
CAF,555.5338805575797,581.9176222399327,0.0
CAF,560.8362016554038,578.6735276288075,0.0
CAF,568.7359018928042,586.9342883618307,0.0
CAF,561.0781622241008,588.8765382271533,0.0
CAF,858.1918450613078,460.2864155185559,0.0
CAF,867.5732430449455,457.2836440668317,0.0
CAF,886.0835173682534,451.1018574930866,0.0
CAF,877.0809795348246,442.47895266863776,0.0
CAF,889.9392261177677,440.9394817373499,0.0
CAF,827.7235851092541,483.5509943137902,0.0
CAF,878.30521969886,430.5899626123575,0.0
CAF,848.3386048464323,431.2308776593143,0.0
CAF,874.615062078705,439.3660050201295,0.0
CAF,871.0549797767883,431.9420033402067,0.0
CAF,874.4704139904406,423.6833141873949,0.0
CAF,870.039961246493,484.5999787919371,0.0
CAF,864.124388665151,490.66193241806627,0.0
CAF,663.5176124573414,641.9562236690048,0.0
CAF,642.5744783175188,648.6776409525993,0.0
CAF,563.4545834312778,652.7722307871501,0.0
CAF,610.9508184053794,660.628619062899,0.0
CAF,583.0598910705482,659.8673611408896,0.0
CAF,578.3869160409616,645.514752285763,0.0
CAF,644.2026766227862,654.1424058094656,2.7679136
CAF,719.3122153129202,657.0495658668152,0.0
CAF,685.6743579611914,656.732327260281,0.0
CAF,674.3084419083015,662.7401010962644,0.0
CAF,689.5460138945258,647.8486264224432,0.0
CAF,668.0309164583227,642.7904649553867,0.0
CAF,685.1016457088884,638.6906483646101,0.0
CAF,716.0448711977297,646.0881656882912,0.0
CAF,684.220793867749,575.664254602266,2.4265637
CAF,640.9633625813797,579.1638866000893,2.8392575
CAF,657.3644136905142,561.3957837741885,0.0
CAF,658.3720940462914,575.8884951925388,0.0
CAF,643.6737543891066,548.1050988059142,0.0
CAF,657.58594529128,553.429633617698,0.0
CAF,687.5880678252933,565.5658428693657,0.0
CAF,648.8076719509726,588.9841329162895,4.2015457
CAF,650.875587058968,586.116237271563,0.0
CAF,668.8548954550417,584.9980301438889,0.0
CAF,615.77986310105,589.600316482568,0.0
CAF,618.562537122924,571.0383203787115,2.0610242
CAF,627.0381685295715,584.9248555567276,0.0
CAF,659.0539626405052,637.5198549700301,0.0
CAF,669.0567948494959,623.941762150266,2.8272102
CAF,670.4762097399142,629.8393279190007,0.0
CAF,675.7587552143351,616.1182004532523,0.0
CAF,679.575099956024,626.9489317261313,0.0
CAF,670.5543879900478,607.6834907233972,0.0
CAF,669.3669900833114,610.391332893941,0.0
CAF,675.2297054987965,595.3845508785041,0.0
CAF,684.6149837115225,543.0507617946326,2.8407748
CAF,774.3148052479659,482.862624144759,0.0
CAF,760.3453590557947,488.400021790885,0.0
CAF,759.856322708802,474.0493570341105,0.0
CAF,652.2071988188858,488.7229333401522,0.0
CAF,666.7658502288896,488.7022812789674,0.0
CAF,622.2283417241701,492.8130294391675,0.0
CAF,647.3298703690562,521.297384828416,0.0
CAF,642.7177041862917,530.282083169178,0.0
CAF,611.1777998556242,544.9475643771626,0.0
CAF,602.117377290518,513.5265050097028,0.0
CAF,600.5411597133256,523.6956691744401,0.0
CAF,608.9868010126041,513.3297048896153,0.0
CAF,626.5172457825547,522.609268770628,0.0
CAF,631.3586243480995,531.8579183007928,0.0
CAF,595.3053841459861,534.5077562254161,0.0
CAF,617.7712890935459,506.5146203099986,0.0
CAF,595.6132528358718,502.0051726352571,0.0
CAF,644.0416670346596,508.0011225288031,0.0
CAF,632.1740620602544,507.7002653411714,0.0
CAF,657.7546356614213,495.798941415017,0.0
CAF,673.3061157906093,522.4330569707959,0.0
CAF,633.3787337589077,544.7516247596246,0.0
CAF,636.2059626905603,540.5293618431191,0.0
CAF,664.732195870545,527.2547395890996,0.0
CAF,566.7035542235161,135.66703958968472,0.0
CAF,481.5549466059235,126.39942713296892,0.0
CAF,491.6093452269467,129.16811002079956,0.0
CAF,408.2709800095104,139.60600594465868,0.0
CAF,599.0180383304757,145.1507656681516,0.0
CAF,612.6023458908742,153.12832545103768,0.0
CAF,604.807308259849,152.84753072099232,0.0
CAF,658.7026545071087,160.35796510142964,2.9748845
CAF,476.609893418412,155.63277031528213,0.0
CAF,483.5116337917967,146.0101208807892,0.0
CAF,516.5218501451544,133.58945179562502,0.0
CAF,522.424196483608,133.74913875946277,0.0
CAF,587.9326939143775,135.58100526998012,0.0
CAF,465.9606963129852,170.106263843363,0.0
CAF,449.4227615575712,173.72797565657012,0.0
CAF,387.5339521654943,205.89458080689724,0.0
CAF,302.03939065259016,221.91076418320992,0.0
CAF,331.5227576311926,212.01466616080603,0.0
CAF,368.05950465465764,209.94901385581073,0.0
CAF,348.19668365987195,201.46952612292355,0.0
CAF,473.3042888102392,190.00221418629945,0.0
CAF,344.682773693822,195.74120845746407,0.0
CAF,336.7647479391664,188.86890045831427,0.0
CAF,376.99700283706323,190.5358054430709,0.0
CAF,574.5846102390136,124.08256385687095,0.0
CAF,528.1828388963163,135.97796784419046,0.0
CAF,556.7503443282059,146.61736478169374,0.0
CAF,550.7675569366188,130.2533073145658,0.0
CAF,744.2583754419477,213.14670507019954,0.0
CAF,753.2052594762345,218.56207070663905,0.0
CAF,758.177769069164,219.13797000542118,0.0
CAF,762.2030884484903,202.04327416533226,0.0
CAF,674.8267512772054,203.47719011723072,4.172813
CAF,731.9449823412717,206.67077004166146,0.0
CAF,717.4566053061333,205.10095842789207,0.0
CAF,721.4834225973049,220.92254074618796,3.1015067
CAF,660.8267572445316,197.81756923862932,2.4275053
CAF,644.4033968100429,180.28401709836163,0.0
CAF,749.0327463552685,198.58740031566762,0.0
CAF,757.9082724188871,192.82735560250822,0.0
CAF,731.8110945186827,198.06708310748184,0.0
CAF,741.3374951495053,191.33172249554104,0.0
CAF,445.3931874711951,401.6444415975762,0.0
CAF,451.36548947986574,388.3840335708536,0.0
CAF,444.7819119564944,382.8530418881506,0.0
CAF,433.40514401034295,382.2990057282154,3.4857092
CAF,414.7721723813958,379.7480618558402,0.0
CAF,409.5919789046527,384.70398287184565,0.0
CAF,411.6877169284111,372.5464522792324,0.0
CAF,417.5943976500761,377.1541565969261,0.0
CAF,436.7838594647474,419.2264846500241,0.0
CAF,421.3715576553037,446.3962471075535,0.0
CAF,434.3944669784002,392.078999647384,0.0
CAF,428.3704392053729,389.3998090246878,0.0
CAF,424.6934162005202,399.81475821389705,0.0
CAF,433.1811265133236,398.67481542923525,0.0
CAF,415.8450915786012,388.8395262536535,0.0
CAF,409.2626932624271,392.3542329813232,0.0
CAF,412.7823080416747,406.7800801645408,0.0
CAF,402.5969536808233,397.1209071773968,0.0
CAF,131.7843719127889,427.1490997516097,0.0
CAF,64.62202045259463,432.61794402796926,0.0
CAF,198.30325868884313,422.6552367341512,0.0
CAF,76.52149589179125,423.9574320550664,0.0
CAF,84.632082994717,410.10821719132116,3.5042973
CAF,140.93788810555122,419.50551056927355,3.856432
CAF,189.6401014673626,406.2464092316074,0.0
CAF,397.2262066950919,387.4041442603746,0.0
CAF,394.95811319774106,378.16894406635174,0.0
CAF,201.1601271527518,369.6141782956271,0.0
CAF,387.4932217114908,386.35952603590414,0.0
CAF,400.1082528261858,408.4618527211227,0.0
CAF,399.33520283220355,418.8830166509663,0.0
CAF,402.7144919549743,421.47896161962706,0.0
CAF,380.4671227844897,352.7423685510574,0.0
CAF,382.8111954699034,347.14046508419335,0.0
CAF,255.6166804145249,349.0662697896836,2.910235
CAF,80.05675906925147,353.06671427124036,0.0
CAF,207.89314528553044,345.919443837102,0.0
CAF,264.2396808503681,330.8501000992795,0.0
CAF,217.81830917182415,339.39498602591885,0.0
CAF,210.04777992822355,335.4506016919303,0.0
CAF,215.74073731299686,326.3998358776558,0.0
CAF,377.3127754022173,340.189134267593,0.0
CAF,280.3451652690266,338.7997413550083,1.772035
CAF,365.5140106317618,324.0902470351465,2.7485447
CAF,439.1616829723753,340.6155610865031,0.0
CAF,417.9443353534867,325.5440501570748,0.0
CAF,392.619139786694,326.96180778332405,0.0
CAF,394.7904108120083,323.5895301628075,0.0
CAF,427.77331417703965,339.0938738745689,0.0
CAF,400.0237960944884,335.97984263025774,0.0
CAF,405.9364684635342,341.80748459923984,0.0
CAF,394.6969028683101,335.7382007662087,0.0
CAF,392.1013722156916,334.85685493286496,0.0
CAF,384.77581840150964,331.99275187344864,0.0
CAF,378.9954084613485,329.8621475612083,0.0
CAF,378.40344644831146,326.6049860595186,0.0
CAF,391.9991317646405,339.32270381177176,0.0
CAF,392.2030389983764,337.0096092181354,0.0
CAF,389.5946326779821,343.36521730685325,0.0
CAF,401.5709796782558,344.6678906847404,0.0
CAF,405.97598783987564,348.54247870083555,0.0
CAF,387.1051031912601,370.9818674216888,0.0
CAF,401.416726628665,367.8277112622052,0.0
CAF,393.4929004494174,354.6987689027475,0.0
CAF,417.7873733143886,368.5398567979709,0.0
CAF,413.9453887837751,371.51257440139665,0.0
CAF,408.2371017054371,369.7574041644,0.0
CAF,419.15703840926744,352.1535298435699,0.0
CAF,406.9753181338774,359.813787278992,0.0
CAF,407.94797284884874,355.2733296420084,0.0
CAF,559.3509423847262,318.2712738325876,0.0
CAF,576.7479455185947,307.962612643458,0.0
CAF,574.013969566922,289.3047820519735,0.0
CAF,573.2578109192793,278.6204636943466,0.0
CAF,551.1218608937057,300.1766262244335,2.7006152
CAF,576.6830572522794,299.8203144280647,0.0
CAF,567.84397506515,288.6793560509054,0.0
CAF,577.7541917034563,286.1635653011952,0.0
CAF,574.4820192128498,281.38101961365544,0.0
CAF,524.286578964163,305.7540531743377,0.0
CAF,514.3181668571472,296.24916510724927,0.0
CAF,531.3346047709406,297.61443207798686,0.0
CAF,516.9998433760971,307.69474138688554,0.0
CAF,503.0056497680152,296.19386985083605,0.0
CAF,513.9058905246046,309.4996614194217,0.0
CAF,546.2091562279576,290.1382265767356,0.0
CAF,548.6545769914081,284.94920498124526,3.2238812
CAF,530.398409867691,284.04315953768815,0.0
CAF,529.4776402694,278.58425884634346,0.0
CAF,530.0607104227602,294.0390121148894,0.0
CAF,541.8599851206523,289.7954278574384,0.0
CAF,413.0659870487837,293.9477351037266,0.0
CAF,290.94904257351976,292.543936741056,0.0
CAF,287.2609286469196,281.835492441582,0.0
CAF,296.8302269233516,288.2142066172737,0.0
CAF,299.7640306892669,279.521123029354,0.0
CAF,320.9784780958595,278.79581499162936,0.0
CAF,352.34691932594865,284.9053512216922,0.0
CAF,393.4192159348195,282.983976510808,0.0
CAF,360.06059166036124,274.1143305479434,0.0
CAF,388.5634956601185,290.3389467639924,0.0
CAF,406.59915103794356,287.16480782308446,0.0
CAF,410.46006662464316,273.307370379423,0.0
CAF,386.22751807276177,306.11670719319994,0.0
CAF,386.7834027196549,314.983070498191,0.0
CAF,260.7554741575039,306.27057779721326,0.0
CAF,269.26629055728114,312.7967247430304,0.0
CAF,297.729356476049,305.5675153439131,0.0
CAF,285.3948491924486,301.06549348746796,0.0
CAF,367.92838956250546,314.239181979493,0.0
CAF,354.5529291578856,319.364972572837,0.0
CAF,371.1990004003372,309.1276374839107,0.0
CAF,408.5805697044949,297.8126982394547,0.0
CAF,417.3697108732962,316.6660860028997,0.0
CAF,394.9706701608689,298.18045153268366,0.0
CAF,391.08553302092776,296.5546116418108,0.0
CAF,391.459819759439,306.79867139880815,0.0
CAF,394.86364914009914,313.8066360313429,0.0
CAF,373.7413711176835,322.63596585624623,0.0
CAF,369.5118417352056,315.58590033972195,0.0
CAF,394.8294840018427,319.915216147462,0.0
CAF,386.4077774216224,317.2394356644985,0.0
CAF,418.3292349567734,320.9336049794091,0.0
CAF,426.6729226391841,257.32971839504324,0.0
CAF,346.7862881109896,227.989465738587,0.0
CAF,298.374350942499,231.55406567888775,0.0
CAF,300.53038788564294,235.74770891801046,2.7019117
CAF,293.26181846250824,244.1716623659985,0.0
CAF,308.57768024549284,221.21010795000151,0.0
CAF,348.87622571015595,237.6439218969418,0.0
CAF,333.9721940732069,222.34817037724065,0.0
CAF,337.6206611416065,233.3883702799616,0.0
CAF,383.2408093352926,271.67914020369085,0.0
CAF,387.4227879843016,263.71396209637624,0.0
CAF,347.8352725891365,259.7849233911848,0.0
CAF,333.06420453129755,254.7285147996918,0.0
CAF,338.35897232896605,260.2675537747547,0.0
CAF,366.4715268759571,266.6805127648648,0.0
CAF,355.9243789987928,264.5025170714795,0.0
CAF,349.0692332449332,266.5185470627945,0.0
CAF,357.4000452595681,254.6452372751917,0.0
CAF,398.3999321724327,239.67834114644145,0.0
CAF,512.1316936201274,279.4289855156418,0.0
CAF,515.7401632552137,276.34876883447436,0.0
CAF,503.788579606083,291.9592411939915,0.0
CAF,525.1775496778737,293.8439011294359,0.0
CAF,510.666289649015,282.2860133318744,0.0
CAF,511.8849524817117,293.3341330450961,0.0
CAF,454.9717281824166,321.5908695748039,0.0
CAF,428.5011718519476,305.0162519144148,0.0
CAF,471.387503446285,290.76040179039495,0.0
CAF,485.380581588099,319.99129094691926,0.0
CAF,488.1351139895622,311.0453470913439,0.0
CAF,491.639877132217,303.8499203849056,0.0
CAF,747.6822672801941,334.7279707732482,0.0
CAF,742.8060224261673,331.85006780257714,0.0
CAF,723.6143296789608,327.1659062398487,0.0
CAF,737.3547547111403,339.696671845635,0.0
CAF,732.2734393514128,334.9185242822365,0.0
CAF,533.7052255535257,352.6947222061941,0.0
CAF,543.9166818250412,365.997422339695,0.0
CAF,537.8328013191356,358.7782202665223,0.0
CAF,490.9600801182146,338.21335667330976,0.0
CAF,569.4127986945107,327.8171791878627,0.0
CAF,560.974646954458,352.3236225141621,1.6735162
CAF,486.1005035172738,349.16895642724177,0.0
CAF,482.8598509163461,355.5363247174677,0.0
CAF,470.1281101595846,355.6930317928474,0.0
CAF,471.6343083256302,362.17873511884414,0.0
CAF,474.3058500367764,361.8711532631415,0.0
CAF,455.9789942221514,367.4133314789863,0.0
CAF,444.4306675640274,356.9627192396754,0.0
CAF,457.0854092778526,358.2698226121685,0.0
CAF,474.7035296964446,353.88094090573315,0.0
CAF,465.2663344965732,344.3391149699514,0.0
CAF,476.7384588733808,352.7626700371296,0.0
CAF,463.9978581274072,368.8767913517465,0.0
CAF,455.5553720041431,370.858496852481,0.0
CAF,466.751880601434,364.492212158058,0.0
CAF,461.494178154318,358.35507610548575,0.0
CAF,461.910533906354,363.8550259554818,0.0
CAF,467.0003427449482,354.2870024976415,0.0
CAF,455.1716197375888,346.0554988512968,0.0
CAF,457.3037538321391,355.23040012593424,0.0
CAF,479.1607416793928,367.92431064098815,0.0
CAF,475.140282545947,371.1603420245211,0.0
CAF,489.164402520468,330.33899345541846,0.0
CAF,477.2095680839286,334.39476506385324,0.0
CAF,451.9316045459569,336.4789022384276,0.0
CAF,485.4416772691042,340.2503574304575,0.0
CAF,474.5627578534606,337.3834816406043,0.0
CAF,476.314613562119,341.1556061123948,0.0
CAF,482.9171221415763,340.7492258158386,0.0
CAF,448.60072665920444,382.0491412842502,0.0
CAF,510.89260181949925,380.65331053777754,0.0
CAF,523.8209514735593,389.8174077248506,2.5033476
CAF,508.65178944001,374.0378625496147,0.0
CAF,522.1566439316832,376.5365069892671,0.0
CAF,463.603875441655,425.1479532673524,0.0
CAF,480.013149130706,430.5593669661577,0.0
CAF,381.8091243159295,432.84361878915774,0.0
CAF,459.7354384252646,437.26685685663836,2.33658
CAF,478.5357618648318,409.3816980759345,0.0
CAF,470.95926001088174,412.87683633822223,0.0
CAF,479.2170249202146,401.75952584593824,0.0
CAF,482.3860645867559,399.0605436646066,0.0
CAF,488.0576050191892,397.69355568877023,0.0
CAF,498.318269288343,421.5587652634649,0.0
CAF,649.1925396837945,408.9663303083071,0.0
CAF,393.28746343337144,187.15898628132155,0.0
CAF,379.110269616457,198.23720764853877,0.0
CAF,341.9341373283452,188.83087899381803,0.0
CAF,340.71165003987346,199.2233754405817,0.0
CAF,373.0302773072559,186.15251700320647,0.0
CAF,351.5815819844459,191.12442105730483,0.0
CAF,371.28460446876716,179.0999974608932,0.0
CAF,466.4265787673072,173.7935969435758,0.0
CAF,474.9925310711737,172.9682793873355,0.0
CAF,474.90903045342,176.89212320676592,0.0
CAF,312.49876726971877,209.43639336487212,0.0
CAF,305.69499670510305,210.6284921651652,2.8701086
CAF,365.5611789196532,209.31525372819968,0.0
CAF,366.77901312026535,202.83823510385864,0.0
CAF,340.907207211834,209.29665731199384,0.0
CAF,388.6740861729449,208.74003964441056,0.0
CAF,471.0050578687871,179.53459905402227,0.0
CAF,513.163181213104,129.20305598544343,0.0
CAF,377.4908038185425,123.01545305187386,0.0
CAF,469.18825015288377,129.49723631070123,0.0
CAF,490.486963068385,123.82952033404275,0.0
CAF,471.92745286078224,126.7621050546798,0.0
CAF,494.52087153797277,126.99926911842564,0.0
CAF,495.100882126713,141.08081170288463,0.0
CAF,504.377800759148,129.86039228938398,0.0
CAF,345.3227963677646,252.6679777042956,0.0
CAF,329.39508540171306,262.09033720280644,0.0
CAF,326.2439250659198,267.26874593352125,0.0
CAF,287.0500099109295,230.2847288071725,0.0
CAF,326.79700511191123,256.1646298136609,0.0
CAF,311.4759803136304,221.9766085634691,0.0
CAF,394.09735568465265,271.56494832834295,0.0
CAF,390.60441648443555,257.2043399865535,0.0
CAF,352.7682468704921,235.14287123719765,0.0
CAF,346.1555078718365,233.9497207115665,0.0
CAF,370.9763533333039,267.73552076085736,0.0
CAF,351.3070498007321,265.04447432525876,0.0
CAF,362.5560490535345,261.095691867129,0.0
CAF,398.35697078589374,235.7710699687026,0.0
CAF,368.5200328708946,232.5474521312059,0.0
CAF,371.3854426193674,220.50366722743348,0.0
CAF,395.8127515815895,270.62696867906476,0.0
CAF,411.5588646392592,265.926967495335,0.0
CAF,419.2771263206017,243.4457647246752,0.0
CAF,572.985955854608,152.96334799004458,0.0
CAF,530.2782900858916,137.37918469921286,0.0
CAF,530.996618491827,139.31850248177471,0.0
CAF,535.902024821138,128.56892137987106,0.0
CAF,542.1927446435403,129.80582208604477,0.0
CAF,554.6913848208168,124.49308731385007,2.3852642
CAF,564.5342910374837,156.4548211488813,0.0
CAF,685.7228966790689,222.1398968898283,0.0
CAF,624.9888020320847,173.70772197619516,0.0
CAF,631.9612310963769,177.17790566455116,0.0
CAF,584.9270541208223,198.3913332162704,0.0
CAF,701.39811388781,240.6119226715784,0.0
CAF,706.8456846289212,234.963376779492,0.0
CAF,678.1828546368403,211.76265046046737,0.0
CAF,708.5195851806994,197.652543971939,0.0
CAF,616.363251959058,266.9076854378985,0.0
CAF,602.2428194399372,254.9244066115327,0.0
CAF,745.6671615323581,183.2637462040415,0.0
CAF,728.2831456128921,203.3586319882064,3.2677622
CAF,746.391545326604,216.89883082533345,0.0
CAF,734.0995213725705,213.9182890228014,0.0
CAF,591.8358059964611,129.81596486146466,0.0
CAF,652.8673954970415,150.6083915409046,0.0
CAF,608.152464114828,152.75000709873038,0.0
CAF,649.6066326328303,493.1069069950098,0.0
CAF,626.5461204236558,500.245349310401,0.0
CAF,625.3017062554075,505.5324363260547,0.0
CAF,654.540212453017,492.8974224299353,0.0
CAF,657.6901617111481,487.9161006534911,0.0
CAF,507.7917012066822,406.6685972787002,0.0
CAF,488.182377888848,420.26182856924027,0.0
CAF,634.3157572942422,488.765958467621,0.0
CAF,607.0350856192384,511.223258389687,0.0
CAF,614.516900322293,507.7467643493022,0.0
CAF,622.1390088113596,511.8869608189696,0.0
CAF,599.215762694042,512.850883026588,0.0
CAF,633.5985124841098,531.0236451439462,0.0
CAF,621.2059053431946,521.591166772864,0.0
CAF,644.840850809771,528.4865649237552,0.0
CAF,643.8275931226551,514.5234131483804,0.0
CAF,472.66302318816975,410.7062027222038,0.0
CAF,475.9603414754967,404.0049913132871,0.0
CAF,411.6005830776712,403.81192003758025,0.0
CAF,195.5861740835099,388.4533837022399,0.0
CAF,80.48618171185193,413.8481843641371,0.0
CAF,91.0664748723994,408.5213230084236,0.0
CAF,81.8186858447839,407.6620315367156,0.0
CAF,91.36860687862269,381.1967975738667,0.0
CAF,198.92581634808,419.2798676785498,0.0
CAF,135.70507649143735,418.7281261920796,0.0
CAF,195.5894886118482,412.586623885831,0.0
CAF,203.84056072357484,410.08934987616465,2.8748298
CAF,377.04315127008135,409.17893817893105,0.0
CAF,406.5087345293301,284.3723176980546,0.0
CAF,353.0278636766835,326.6179254682239,0.0
CAF,353.9074885049285,340.2129733752571,2.7581758
CAF,382.85912864894976,301.69547696500126,0.0
CAF,396.90412377790915,318.2951129402517,0.0
CAF,405.67538561596234,277.45782913875325,0.0
CAF,402.8100396084191,278.3218374392504,0.0
CAF,395.46682955674277,281.0076252481584,0.0
CAF,358.7507792983608,278.4569363395015,0.0
CAF,384.3698524209957,287.4712104715898,0.0
CAF,413.42386049792725,297.6303354399178,0.0
CAF,432.065755857016,315.7987313035995,2.966108
CAF,214.04631218189277,319.4810766760724,0.0
CAF,219.81977436072938,314.7231987282812,0.0
CAF,310.8342366345891,277.6874877080407,0.0
CAF,310.7383702764963,283.56774781439356,0.0
CAF,286.1458448247951,294.0116991265631,0.0
CAF,261.2671225992664,302.55601138483615,0.0
CAF,254.7881758118055,297.473947069186,0.0
CAF,287.0313975594913,234.3997794801194,0.0
CAF,287.44475748783685,310.62774839118106,0.0
CAF,379.6279734465299,302.70898961583526,0.0
CAF,354.893560685577,315.54268398946465,0.0
CAF,369.24769932301376,302.70752357445485,0.0
CAF,371.3594363200975,296.9987265686802,0.0
CAF,318.668761771491,307.5145457789545,0.0
CAF,348.77678986000655,273.0648680128246,0.0
CAF,524.9104433124563,267.31087868797556,0.0
CAF,537.7159004542805,260.8405050555436,0.0
CAF,483.40410284359024,314.5201519970947,0.0
CAF,456.342986800535,310.4500705499685,0.0
CAF,506.2648828499166,280.2974238107449,0.0
CAF,500.3953949606632,304.1270659467324,0.0
CAF,497.0248383452453,302.7965059121527,0.0
CAF,492.5767094447626,300.1283743407392,0.0
CAF,506.1713430357535,292.01702234665845,0.0
CAF,537.5390831156172,353.8412940475326,0.0
CAF,545.7121681999992,329.5911211286215,0.0
CAF,557.9898185744115,332.13377868015095,0.0
CAF,492.9534502090628,346.2389452466366,0.0
CAF,486.0836121709343,328.3535272398386,0.0
CAF,491.0563607923497,332.0779416258363,0.0
CAF,98.88748693222972,354.54980635031205,0.0
CAF,101.19758570217572,348.0473710302998,0.0
CAF,237.8523383034697,341.1602273297896,0.0
CAF,223.04277072416264,322.53793230654765,0.0
CAF,217.8660511280818,344.2031236966862,2.4890418
CAF,207.56927762231936,338.5675650190023,0.0
CAF,276.609883054535,345.27996296106085,0.0
CAF,242.1399994137273,339.2633928767948,0.0
CAF,277.38325175316515,349.9817807612838,0.0
CAF,269.48995747918775,355.8007220933778,0.0
CAF,404.74916616819223,339.1600688299408,0.0
CAF,388.21617133482084,345.7858428486961,0.0
CAF,384.10825964598723,362.2535032292449,0.0
CAF,400.360730648264,355.6062485172202,0.0
CAF,401.45936931055604,351.4729679384126,3.1451097
CAF,454.8175388737553,379.6497096014937,0.0
CAF,465.9019271759098,370.62393023161565,0.0
CAF,449.3060519155048,375.94164476393405,0.0
CAF,460.15115676800474,346.9600463830088,0.0
CAF,443.2736103397726,332.8144043262379,2.5742302
CAF,463.8496923365917,340.170649398014,0.0
CAF,621.1006053275236,268.3992550606048,0.0
CAF,632.8230722052682,256.09824363550024,0.0
CAF,644.1284503102868,276.1736406304452,0.0
CAF,604.0746062742926,293.26436859766756,0.0
CAF,598.5087483031077,296.8742405332046,0.0
CAF,580.936170778703,283.81668801487984,0.0
CAF,534.5794005322913,285.1787041982087,0.0
CAF,540.769377815488,275.9120797259014,0.0
CAF,550.4573298323385,276.9642512505275,0.0
CAF,559.4048353406886,285.86229379752126,0.0
CAF,564.6432561566058,285.6047167010765,0.0
CAF,519.8008110447615,308.49293717758826,0.0
CAF,550.5509333874311,326.2860583183502,0.0
CAF,571.7549910225016,294.88686208973724,0.0
CAF,578.0332813636353,289.74472194795516,0.0
CAF,576.6815593404341,262.59287069163855,0.0
CAF,559.5523318517436,261.4337578224047,0.0
CAF,563.866636670567,268.21666916781436,0.0
CAF,576.0091881447281,336.5518537323353,0.0
CAF,581.6061835600143,331.74926152244166,0.0
CAF,873.4286601239933,413.9250559252142,2.2874265
CAF,883.2823983148812,417.03641005048286,0.0
CAF,818.768868908245,408.8282674548304,0.0
CAF,812.1317888421048,436.97826979795144,2.9539628
CAF,862.2268291590823,432.62591164416716,0.0
CAF,861.7865625908365,436.8278093336709,0.0
CAF,864.0202678566773,428.9457653337648,0.0
CAF,826.857887674123,382.5831946627611,0.0
CAF,843.4352621297165,388.9156329235756,0.0
CAF,853.6879986207533,418.5239321241606,0.0
CAF,844.6375833815915,415.3123135166579,0.0
CAF,881.7697184930587,407.7373733154826,0.0
CAF,864.1070909703855,411.5376712781488,0.0
CAF,859.993426662657,406.3793090697879,0.0
CAF,870.6220274802122,398.2926248154557,0.0
CAF,871.31000723605,401.28417786357323,0.0
CAF,803.0912534470284,428.6411474312878,0.0
CAF,805.230478719995,409.7714419898696,0.0
CAF,800.1523504067465,279.24792940516136,0.0
CAF,853.5695839088206,335.75789671344984,0.0
CAF,809.9201299702836,330.3195524718957,0.0
CAF,803.5195765585935,335.3033601445937,0.0
CAF,815.8948860047432,288.63209215161964,0.0
CAF,815.7387525977297,319.4293827821806,0.0
CAF,816.4730003008283,332.7380108221327,0.0
CAF,828.0312466411187,302.801350222801,0.0
CAF,838.5023515892906,364.6133517947304,0.0
CAF,819.54702614421,372.0872944929815,0.0
CAF,824.5147153293397,363.66182719791584,0.0
CAF,827.3230291401385,361.70367397066224,0.0
CAF,816.2271754382753,386.100164193431,0.0
CAF,856.3560664512373,359.6167321951863,0.0
CAF,865.1447215954505,368.25518980645336,0.0
CAF,869.2975865748725,387.3704890495548,0.0
CAF,873.4037852262236,390.3674600766869,0.0
CAF,862.1294091158309,367.1539377660484,0.0
CAF,859.0930382266004,354.0612002545938,0.0
CAF,670.8153433557604,524.7100104573586,0.0
CAF,720.387763823471,294.70991726921494,0.0
CAF,709.9431591667732,277.00386623826336,0.0
CAF,712.058481591146,264.1681002844225,0.0
CAF,666.2876339046933,280.89885135182504,0.0
CAF,680.645310163722,277.6153329757528,0.0
CAF,690.305040884,269.7704180673288,0.0
CAF,684.1207524787685,259.7359703572651,0.0
CAF,681.3694230590169,280.5050280183967,0.0
CAF,717.8044554941,308.7089870584097,0.0
CAF,807.0415816227005,352.4107882353668,0.0
CAF,798.7426241376246,340.87473170618745,0.0
CAF,749.1163744548813,339.6201508596707,0.0
CAF,803.7726917899674,352.2165058819979,0.0
CAF,781.607994605152,351.51073443919046,0.0
CAF,780.7726856581996,336.47408979824405,0.0
CAF,757.9580062791941,214.2842735052344,0.0
CAF,750.713817761625,260.8618901374187,0.0
CAF,721.0219223318918,268.3307654317679,0.0
CAF,746.1350358907296,266.6144452913521,0.0
CAF,747.603945612969,273.0864443174884,3.2437847
CAF,733.1867831314071,267.89531927132185,0.0
CAF,735.2333609632248,255.1605189499404,0.0
CAF,729.855395317218,255.0140741642235,0.0
CAF,732.4304651314404,221.83194852378057,0.0
CAF,741.37577157772,240.7566942578937,2.8094404
CAF,741.2437641125537,231.7661795573075,0.0
CAF,786.72363445546,295.93514541765876,0.0
CAF,738.9127901881692,301.4226020454566,0.0
CAF,733.9779036789262,325.6115199310384,0.0
CAF,735.4211417417762,323.22563319581826,0.0
CAF,727.5040083601345,303.78123953328,0.0
CAF,764.5321182745224,289.0317159096401,0.0
CAF,760.2967725322201,295.7593798043337,2.573111
CAF,760.2678341501894,276.4534633113144,2.2321055
CAF,753.771151449072,309.39879139835665,0.0
CAF,762.9174967872563,299.8355166397702,0.0
CAF,757.9389477412489,316.1973989476762,0.0
CAF,722.822253017498,305.3392590750765,0.0
CAF,760.7683438645073,227.35216798938404,0.0
CAF,763.0133790805814,211.63814848975943,0.0
CAF,770.32454337991,272.3448186017906,0.0
CAF,766.595683064074,227.317174219043,0.0
CAF,774.7271931271353,227.9611807010845,0.0
CAF,779.444627455106,246.5658672925292,0.0
CAF,184.51628684283563,436.0798095250147,0.0
CAF,201.0733120066598,480.7212476154191,0.0
CAF,124.75725313091446,467.7757197808362,0.0
CAF,95.9129527123109,471.447101713421,3.3649814
CAF,91.5403249429192,493.567849527289,0.0
CAF,82.9407811691625,495.622251558213,0.0
CAF,77.69993819792117,494.5265131082169,0.0
CAF,68.60640221989645,471.8173727733685,0.0
CAF,72.37635950008116,475.953426082613,0.0
CAF,138.34101889341147,429.5144937779689,0.0
CAF,135.57555492252476,431.95561202867265,0.0
CAF,111.52642089551837,428.23970705677425,0.0
CAF,116.4666616428464,450.2913915734392,0.0
CAF,184.07953399333311,440.7851330763647,0.0
CAF,116.90303204677141,440.36457042297627,0.0
CAF,162.67003934221665,489.498373618994,0.0
CAF,464.9640750084908,422.5881812762299,0.0
CAF,410.4008831715254,447.8774906996673,0.0
CAF,405.00100658097455,454.176719936169,0.0
CAF,208.9501611208048,629.5567643781593,0.0
CAF,203.15936140912163,624.365766813852,0.0
CAF,190.91740595527574,594.0661972319396,2.4819784
CAF,196.25143816556735,619.08833654903,0.0
CAF,202.7178279899004,618.573564801718,0.0
CAF,209.17682386640183,603.6048361212422,0.0
CAF,225.4472060698914,618.1525559618223,0.0
CAF,88.88462285277437,700.6083323977881,0.0
CAF,81.88370159295853,705.7427280166258,0.0
CAF,91.7495226738105,714.8477373619755,0.0
CAF,92.87302029863993,724.4430419376773,0.0
CAF,96.53417181202651,723.6687171251034,0.0
CAF,96.9193582494964,705.1503835580113,0.0
CAF,104.14617736375428,707.94153512352,0.0
CAF,100.01143074356624,699.8037943845918,0.0
CAF,109.71726209116495,685.1067932869283,2.3018656
CAF,105.6275165672625,681.216493131691,0.0
CAF,75.2042258410296,693.8189672832581,0.0
CAF,81.73091458474815,695.8929059090992,0.0
CAF,78.94154776526784,690.536181927876,0.0
CAF,104.95128904531677,694.9117417800286,0.0
CAF,68.71584539599041,680.6022855342294,0.0
CAF,76.16843488283118,681.8939317312987,0.0
CAF,70.16837369932712,670.776748720874,0.0
CAF,64.31364183527222,674.8782863167493,0.0
CAF,65.56366520532383,665.7055841041824,0.0
CAF,71.79038913442493,673.688434384224,0.0
CAF,95.03893708586922,665.973296008431,0.0
CAF,86.21279430744505,663.8295610646965,0.0
CAF,89.34725451968757,675.3115971560543,2.036882
CAF,100.75764580619405,669.9052827316156,0.0
CAF,110.68357458364278,667.4812789205048,0.0
CAF,144.46460999844732,675.042801656003,0.0
CAF,242.8208800235326,622.0680975251746,0.0
CAF,234.410391846919,622.7682916366435,0.0
CAF,270.91883789764915,700.6407765309458,0.0
CAF,277.8009460647224,711.7642061524698,3.1483052
CAF,247.0916497874507,629.745883716232,0.0
CAF,183.74565900417753,526.140898715102,3.2775297
CAF,182.02420771893028,535.0538885100829,0.0
CAF,113.88279558034158,504.3894658472376,4.4347773
CAF,75.30391665489736,501.7289194464445,0.0
CAF,60.0541542158903,512.0727974991687,0.0
CAF,68.14727630411032,515.6671485183524,0.0
CAF,80.23109051166088,500.1368303777859,0.0
CAF,64.34187906707749,540.1944669990902,0.0
CAF,60.0433182578612,527.265511806199,0.0
CAF,74.64999845830569,527.0114723313461,0.0
CAF,84.34818089435446,525.5063577611035,0.0
CAF,105.3097680332914,532.9627398332544,0.0
CAF,81.8590975941395,518.7694195611555,0.0
CAF,236.42211932548705,557.9332489973826,0.0
CAF,207.032387772442,593.3288421585238,0.0
CAF,242.048339956987,572.8373443752613,0.0
CAF,193.89621081747663,546.81115793538,0.0
CAF,218.42531404424278,542.7316747011403,0.0
CAF,229.0443616899767,544.1615112335454,0.0
CAF,108.5385648213167,614.142741563617,0.0
CAF,118.74106549222591,614.0982503947681,0.0
CAF,85.63829730911375,630.24599504974,0.0
CAF,85.08649208171398,635.7514266196803,0.0
CAF,81.79765133802152,655.3847165270377,0.0
CAF,86.2253512705729,651.2377316483697,0.0
CAF,88.32204540827509,657.3326393350932,0.0
CAF,89.2651562023847,655.4775870614401,0.0
CAF,70.81655521225633,631.5674082609245,0.0
CAF,69.59457785122123,644.350205502282,0.0
CAF,68.13828883303913,632.6831294923448,0.0
CAF,73.30022053345672,644.5274690274522,0.0
CAF,135.83529921057536,628.9182714865268,0.0
CAF,140.79115648565121,634.2857039439199,0.0
CAF,133.57663937080284,624.1800257450471,0.0
CAF,104.87703086235263,620.9029770733275,0.0
CAF,116.11595904828091,627.900456322946,0.0
CAF,101.3027582359876,641.233847714041,2.6883929
CAF,99.42252829514918,659.6011152780214,0.0
CAF,108.81558290128427,632.2969232000016,0.0
CAF,114.83234420833908,647.483518377792,0.0
CAF,105.35215575146405,661.9672423250709,0.0
CAF,109.97585904248307,657.5557963295631,0.0
CAF,153.61411051264588,615.0314176038628,2.614342
CAF,124.74546105894161,609.2961362418463,0.0
CAF,136.89677691092055,637.8309744473246,0.0
CAF,131.92115994767397,605.9334197607672,0.0
CAF,61.59445377926276,550.7931175473576,0.0
CAF,83.14634566706756,556.139579238918,0.0
CAF,77.12333774891364,552.2219342248894,0.0
CAF,86.15026445552415,552.9854868203638,0.0
CAF,91.81447468105556,568.9864998554358,0.0
CAF,68.62590694434884,566.9905163864746,3.322802
CAF,62.76467350547649,569.144641101731,0.0
CAF,97.55472783557943,561.5583868855548,3.4857092
CAF,139.77984289688783,566.6619318944745,0.0
CAF,139.14530194288938,576.433352658614,2.7032104
CAF,207.2008550493298,573.8101584425565,0.0
CAF,204.34959578722442,563.824759377807,0.0
CAF,198.34634755724122,567.1394151979805,0.0
CAF,191.89525555600807,576.9447461366582,0.0
CAF,643.705816076687,680.2895087927658,0.0
CAF,652.9092414173126,676.959300185774,0.0
CAF,693.625162488885,691.2885161197438,0.0
CAF,719.2873244799181,705.7341867320617,0.0
CAF,729.3316679692996,693.938354044367,0.0
CAF,737.4307817049003,686.983326253851,0.0
CAF,726.8714433749533,693.76975928562,3.0914245
CAF,715.1578046159558,696.3849221445502,0.0
CAF,730.6871507073462,715.6846557674,0.0
CAF,657.4078531340251,684.4744195245356,0.0
CAF,649.842505942752,694.4974894786689,0.0
CAF,740.8785126508108,711.9005480008477,0.0
CAF,704.9379186065029,834.8077843915461,0.0
CAF,650.9236158494087,850.0822145703017,0.0
CAF,636.6219359970188,849.5448785339173,0.0
CAF,627.286630673086,852.8334643138915,0.0
CAF,643.0371737253615,858.8434690824105,0.0
CAF,674.196640317813,826.4512210413596,0.0
CAF,631.7842862758546,830.6505372232153,0.0
CAF,637.0095764602777,818.1292052750073,2.2631438
CAF,658.0642890973353,814.5476661826698,0.0
CAF,664.9972625262156,861.6462214971033,0.0
CAF,655.4031371577112,839.6436812371468,0.0
CAF,675.9781514939598,856.4651675178108,0.0
CAF,670.0440462373416,861.651002066822,0.0
CAF,694.1173540118924,857.17600636452,0.0
CAF,604.9335153004232,841.3820876096631,3.8281524
CAF,582.1105974062691,851.529771081131,0.0
CAF,595.1725799192,842.6189166072911,0.0
CAF,604.6509836300467,844.3024420394365,3.4035203
CAF,598.6914935482222,821.7349659205862,2.4504204
CAF,692.0144132630911,871.4428836693577,0.0
CAF,631.1833367917463,869.9202403434797,0.0
CAF,635.7667558152689,871.3373286899683,0.0
CAF,641.7802025939855,867.5646305498116,0.0
CAF,684.3587611098313,858.2918550777995,2.423746
CAF,644.3357676837554,768.3460732293279,0.0
CAF,629.5032214993337,796.9696388087856,0.0
CAF,636.145504418851,794.7737637846523,0.0
CAF,632.8315497489027,761.8772612496706,0.0
CAF,634.4705202712696,770.3825959295037,2.1291132
CAF,637.1847684052365,776.5538652498676,0.0
CAF,625.3011325870413,778.2287219155897,0.0
CAF,638.1568494518415,784.9524338726492,0.0
CAF,649.316133346256,778.9478470831448,0.0
CAF,674.845013053531,779.1417469909362,0.0
CAF,676.1194013939156,783.9511276098303,0.0
CAF,743.282517745265,748.372151794279,0.0
CAF,602.1213929690817,772.419373593398,2.5002618
CAF,601.5030422111973,779.764304650173,2.4079556
CAF,606.9752966272896,784.1104161928582,3.2414207
CAF,608.3078007602215,786.6816615513056,0.0
CAF,601.5198379461424,797.3278628330419,0.0
CAF,628.6946996780384,743.2942943799814,0.0
CAF,612.1649875025406,748.3265132886976,0.0
CAF,604.0866851804486,761.6308388159028,0.0
CAF,627.2420757633074,754.6481474619477,0.0
CAF,647.325153540267,809.3247344126413,0.0
CAF,582.166880647091,801.1374032304976,3.5557365
CAF,582.8509801738401,785.1949043687829,0.0
CAF,576.1359688536687,796.116402725388,0.0
CAF,518.7060924496388,794.0450137367302,0.0
CAF,564.4990741738891,724.9284928573812,0.0
CAF,582.1506585805121,736.9573623836313,0.0
CAF,572.772264388181,760.539657842372,0.0
CAF,648.0224155689751,702.6636586721909,0.0
CAF,635.5979379632685,698.2088051036372,0.0
CAF,645.9283985503155,694.0938181716199,0.0
CAF,634.495379233807,710.1084717656225,0.0
CAF,641.5492373356415,684.364785125653,0.0
CAF,592.8972518263415,686.406789545773,0.0
CAF,578.3759526010734,686.8077837337794,0.0
CAF,591.0170856264326,701.7899617503972,0.0
CAF,593.7159084554404,700.3487155915966,0.0
CAF,558.2627572348857,672.5377193824626,0.0
CAF,563.4633796795603,671.8168094688792,0.0
CAF,585.7067969124107,679.2476632987322,0.0
CAF,632.5233304839043,732.1652555566541,0.0
CAF,634.7269181605171,724.0521825574746,0.0
CAF,604.594254202718,736.1314074180951,0.0
CAF,600.5920887160623,733.515033481503,0.0
CAF,608.8630479978189,721.3425556409026,0.0
CAF,665.7902315606926,724.674357771134,0.0
CAF,687.1971128336962,723.1398586323536,0.0
CAF,691.7069429540152,729.7000113641031,2.713668
CAF,647.331272669507,719.686757513126,0.0
CAF,676.1054421303369,722.500282144918,0.0
CAF,447.9823121603905,456.8024956598747,2.3132746
CAF,277.60118199140936,800.7939671019046,2.3416612
CAF,275.680285337497,803.778954834275,2.7123542
CAF,169.4909562168902,812.7914123498703,0.0
CAF,149.49867739412147,712.6447870946585,2.2015028
CAF,147.3592130926691,745.3164116300715,0.0
CAF,268.2947513085775,750.1174421871902,0.0
CAF,272.0483271698594,750.5532389227491,0.0
CAF,274.9180713015438,761.741939256166,0.0
CAF,252.7937221251544,725.1418337486955,0.0
CAF,260.57476862213616,732.1219117245377,0.0
CAF,298.44395603760364,850.3911668559905,0.0
CAF,295.94811619885286,855.034056166814,0.0
CAF,286.3864030930412,798.7439313246571,0.0
CAF,301.2862915695674,805.5891972344313,0.0
CAF,285.7525632892682,834.1421378639112,0.0
CAF,291.87730173103654,835.0057637188308,0.0
CAF,298.48118074048006,836.4236169564743,0.0
CAF,170.53828343086798,867.3575362695965,0.0
CAF,162.45363888628248,846.3339292061753,0.0
CAF,161.83012511310187,834.7487602907523,0.0
CAF,157.75312777511598,845.4372855497317,0.0
CAF,157.05299740457667,829.525509816076,0.0
CAF,172.30186747056956,829.700988595218,0.0
CAF,175.91769918302265,821.4792373110993,0.0
CAF,182.04071661969226,839.778174598567,0.0
CAF,169.67561368989206,845.8339453545265,0.0
CAF,181.606067220866,850.810199727069,0.0
CAF,170.90326399366006,856.4357192083435,0.0
CAF,186.36439135516423,860.862016840444,0.0
CAF,191.57514860764238,851.9824591630293,0.0
CAF,301.4586470431597,869.4221687197185,0.0
CAF,292.5924112200279,875.1356506838174,0.0
CAF,287.48644405578415,875.9535105512965,0.0
CAF,275.22651365979584,875.5079614535116,0.0
CAF,275.90395225940364,869.7695567859456,0.0
CAF,292.61797133279066,826.658442803434,0.0
CAF,278.7503672108607,828.105106941249,0.0
CAF,284.3073651928335,810.0630456000008,2.7444491
CAF,287.255510667905,811.1235671864023,0.0
CAF,292.12582761548055,842.4295423055,0.0
CAF,277.3507438790779,848.4523590008653,0.0
CAF,281.5178071505645,850.0397631111995,0.0
CAF,287.3741962787885,744.1216516459683,0.0
CAF,271.7137510304784,779.8790383234223,0.0
CAF,281.4198373417955,787.5067878847572,0.0
CAF,277.9333359754662,772.0907253604681,0.0
CAF,311.85243424374744,785.2227591550106,0.0
CAF,294.32463472237464,791.6820099952303,0.0
CAF,287.5912341440185,734.7198007915507,0.0
CAF,482.0002407399902,603.1857395092342,0.0
CAF,489.197260969668,592.077798933599,0.0
CAF,452.2303901533771,594.6849304354015,0.0
CAF,413.9823266524684,623.0362585046103,0.0
CAF,427.3904224130348,635.439351028442,0.0
CAF,484.0147090785302,571.2454783998562,0.0
CAF,469.0854679039312,563.9877449347506,0.0
CAF,455.426997771963,577.1534976810423,0.0
CAF,560.1432421394426,619.883759609296,0.0
CAF,574.0487083735447,639.4112395735456,0.0
CAF,576.6724762579686,658.2863311235136,0.0
CAF,573.0611064105863,623.884140349923,0.0
CAF,567.2870068224538,576.4619085950673,0.0
CAF,570.7579554019649,589.9543973464013,0.0
CAF,890.0067795517014,450.49695607134424,0.0
CAF,771.662083046279,462.3619157971716,0.0
CAF,769.1316159475323,467.3687339454491,0.0
CAF,775.2629356402801,466.3746941486027,0.0
CAF,763.8698818866202,447.5841549417265,0.0
CAF,746.6037388811854,445.0195386399557,0.0
CAF,750.553716481745,463.816961867227,0.0
CAF,657.0632696686996,556.2414372443915,0.0
CAF,617.30830685152,550.1100697459465,0.0
CAF,610.370074795949,588.3601092156722,2.573111
CAF,644.4007196910004,564.4986922262876,0.0
CAF,651.8651968612085,575.2984454073893,0.0
CAF,649.8639547655567,565.0237900041922,0.0
CAF,652.2826999499769,563.5315511017252,0.0
CAF,662.4958453561264,587.6453821722583,2.299441
CAF,775.2368177943835,505.7365347825793,0.0
CAF,759.1708208816017,477.6619698296197,0.0
CAF,774.6614762287352,477.0121310525212,0.0
CAF,753.988587695112,474.52489623926425,0.0
CAF,830.9187107512272,479.5762374268554,2.9909003
CAF,873.890981053875,470.1774780075227,2.1915557
CAF,869.9489471666647,477.2091223953974,0.0
CAF,859.9848694428605,484.3825903515944,0.0
CAF,673.173789620795,600.0835959482902,0.0
CAF,659.4938706660221,612.280486564921,0.0
CAF,667.6213172448225,612.741460967665,0.0
CAF,672.2722379127736,618.262062878846,0.0
CAF,607.3206131133054,611.2496682517052,0.0
CAF,611.5337929473452,617.2770742940003,0.0
CAF,611.5814711626733,624.6556605615953,0.0
CAF,623.912727658865,625.7416785198299,3.753418
CAF,587.118594761744,605.820662056335,0.0
CAF,609.758863022178,597.8770761889166,0.0
CAF,611.6095809126194,594.449471441522,0.0
CAF,614.5689447912974,614.0723715773573,0.0
CAF,622.8131966235587,608.6073517567728,0.0
CAF,662.2983440858136,634.3827176387451,0.0
CAF,653.2058279626622,642.2616702035663,0.0
CAF,647.2786226616715,635.5812383376935,0.0
CAF,663.663196740509,636.6309877069956,0.0
CAF,697.2362136316194,649.8426976635168,0.0
CAF,661.2921616418816,648.078093768942,0.0
CAF,672.5025976322863,650.2720565651877,0.0
CAF,693.260500630741,645.3829360433853,0.0
CAF,607.937561570739,668.827806057945,0.0
CAF,654.783830285883,665.002266687164,0.0
CAF,674.690871550567,670.22711068508,0.0
CAF,672.5279983927252,654.9384025380976,2.5877733
CAF,695.799477143587,654.2296671420646,0.0
CAF,654.3148563964763,653.8110804574933,0.0
CAF,587.5828199518967,646.0934561854466,0.0
CAF,650.769075965635,646.2978733466191,0.0
CAF,644.0488378892377,641.939077358947,0.0
CAF,651.776469487229,660.3031578764483,0.0
CAF,595.6560867405516,653.5162149172425,3.1303434
CAF,652.2139872278863,656.86847788587,0.0
CAF,688.7003311112837,636.2919497025438,0.0
CAF,900.0422630518708,484.885665638328,0.0
CAF,885.5030805120466,472.763861836746,0.0
CAF,884.1642580594697,444.3286825746707,0.0
CAF,861.2030621862016,458.9505968572855,2.349342
CAF,867.969369019455,453.0500352648604,0.0
CAF,877.4161851158852,458.0149118814722,0.0
CAF,877.093843251176,462.641260421069,0.0
CAF,856.4770387679696,502.6319690663112,0.0
CAF,872.5243994264645,505.9484733734427,0.0
CAF,651.0335370824746,893.151514503007,0.0
CAF,642.3050772786363,881.9982541264383,0.0
CAF,678.9480644964838,881.8572591902007,0.0
CAF,686.5932790725243,938.1346995873705,2.3240128
CAF,626.0802698397986,948.515228674605,2.089038
CAF,619.3097082994956,936.9648623067343,0.0
CAF,635.7135958799965,941.252969603499,0.0
CAF,624.9607241526033,929.160805334173,0.0
CAF,681.06214397273,918.8916953918496,0.0
CAF,689.9322839277986,949.8014568926598,0.0
CAF,689.5960027185512,899.746469782309,0.0
CAF,711.0168910608306,896.0692555546674,0.0
CAF,727.749363133332,955.5163411572096,0.0
CAF,563.4253900855288,933.5244456324936,0.0
CAF,571.9389792157428,943.9989288499332,0.0
CAF,507.948248929738,965.3799950464557,0.0
CAF,483.4680987368915,986.4595029051212,0.0
CAF,508.7696782892737,973.4439875298563,0.0
CAF,507.114645052652,987.627109253222,0.0
CAF,510.8907533325412,983.292598559721,0.0
CAF,530.5605986630146,961.6558037537116,0.0
CAF,536.5764994675201,942.65743724593,0.0
CAF,561.25787977506,888.480897887815,0.0
CAF,525.2575126740355,904.8532018377077,0.0
CAF,512.218604377614,888.7122137212715,2.387057
CAF,515.528893944111,880.9659060309125,2.9556878
CAF,536.3725922337842,886.7634622811314,0.0
CAF,529.7221186048155,901.8939016999592,0.0
CAF,613.2295885084353,920.5443702140768,0.0
CAF,625.9945701599743,933.2265842685523,0.0
CAF,610.124321641942,942.8741564065122,0.0
CAF,608.6063632743882,946.790080415442,0.0
CAF,592.9645303775163,962.4064169404807,0.0
CAF,600.4441460185003,967.4556546773955,0.0
CAF,612.693782254361,974.2037156695558,2.2623725
CAF,598.0916276599169,979.8507795850293,0.0
CAF,623.1877064553235,908.7390401278742,0.0
CAF,615.9743048067428,914.543352916629,0.0
CAF,640.3460316783686,915.076482051661,0.0
CAF,438.4675442492167,979.9052780798228,0.0
CAF,279.2803730403431,965.668359011889,0.0
CAF,237.3618518503288,1015.6952363722937,0.0
CAF,273.161243800378,997.4064338926298,0.0
CAF,456.5497305056374,988.2675781136718,2.7609472
CAF,445.2759997721568,978.8295861521804,0.0
CAF,465.6123840032792,983.1150800708323,0.0
CAF,477.0012945965162,976.2537514468032,0.0
CAF,504.76330590126577,965.7523058161498,0.0
CAF,497.5114684721465,1001.9150848057516,0.0
CAF,493.1136949060342,974.5106919864272,0.0
CAF,688.4782895830815,953.7990967733148,0.0
CAF,703.0326384803383,971.6297294511362,0.0
CAF,498.7646470182125,964.6210317979112,0.0
CAF,501.1207348688526,1015.030609699532,0.0
CAF,482.3964224878131,1102.487117025,0.0
CAF,508.9092071841309,985.36226654328,0.0
CAF,511.486762894607,985.6759993986873,0.0
CAF,474.711114867065,1014.0462585239823,0.0
CAF,507.161239672177,1000.601766692624,0.0
CAF,517.375086228552,1031.3025216853316,0.0
CAF,503.0340782226092,1024.3441156255476,0.0
CAF,506.4275815726771,1027.0859317115592,0.0
CAF,622.621336425514,964.8847917645257,0.0
CAF,638.0777150877642,968.2209920188982,0.0
CAF,622.6685365838702,1025.703454689834,0.0
CAF,604.387892943193,985.6026973296669,2.443672
CAF,595.115563657688,997.9454271931835,2.7123542
CAF,609.6266962046876,998.1355663861294,0.0
CAF,623.4630354006571,1005.9422367368036,0.0
CAF,622.9582391088247,1019.384115190049,0.0
CAF,630.3696200846902,995.3289895156618,2.317388
CAF,647.8125166878584,1079.6881338499045,0.0
CAF,682.5235800709756,1100.9215123125832,0.0
CAF,594.2900867491237,1010.6043120674316,0.0
CAF,591.0627878729435,1002.6875611313676,3.705799
CAF,582.1496705961035,996.4514672856178,0.0
CAF,594.6918139578203,1000.6233111268232,0.0
CAF,600.8697760757906,990.987084874329,0.0
CAF,276.0589702001494,904.859575930666,0.0
CAF,207.5242765260338,879.6850957918723,0.0
CAF,213.3257847138869,888.8825294851173,0.0
CAF,218.123564483597,879.9214471587659,0.0
CAF,213.73168695347124,909.3590481499277,0.0
CAF,226.6066535790056,894.66727380849,0.0
CAF,217.91047855600112,903.0175268066478,0.0
CAF,293.4449461532001,925.576907827441,0.0
CAF,210.9409178335401,928.3899225317966,0.0
CAF,225.55333471764706,936.3771071950498,0.0
CAF,468.2939011699051,928.9149565687715,0.0
CAF,436.710398043403,924.4692816940777,1.8386761
CAF,450.2952474017029,939.5489195920278,0.0
CAF,286.7978507934993,912.4370338985598,0.0
CAF,279.84868716850485,880.2477369773012,0.0
CAF,291.65860660163736,881.093770335656,2.7444491
CAF,472.64995629760523,887.730284701046,0.0
CAF,627.9596711485525,1393.5280740189785,0.0
CAF,617.089133665149,1423.4843986950866,0.0
CAF,554.1537300797845,1397.0182723592236,0.0
CAF,532.3674946643679,1403.005585356811,0.0
CAF,534.877038802979,1413.4074676554558,0.0
CAF,561.3522800917723,1419.5294014963224,0.0
CAF,595.2434598328962,1408.101290231392,0.0
CAF,581.6867520950071,1399.6387894562386,0.0
CAF,593.4459974891213,1475.8251355402826,2.1838264
CAF,539.209892232311,1432.2770774854796,2.7403724
CAF,548.3296257323942,1426.8852322520563,3.031286
CAF,524.8133340062367,1441.600080810003,2.1866286
CAF,674.747489431269,1407.6317745440838,0.0
CAF,678.4258828661077,1416.820157025328,0.0
CAF,672.7777034843665,1418.5729051070005,0.0
CAF,674.2099940425605,1409.9162494603374,0.0
CAF,681.3238801648298,1468.8581244550048,0.0
CAF,681.9626280201808,1462.331945638723,0.0
CAF,632.758438902671,1444.5282116331855,0.0
CAF,642.706963839657,1441.322680284458,0.0
CAF,639.2113793908621,1422.3688049455254,1.939594
CAF,628.5343274992077,1401.9049069847722,0.0
CAF,635.6948879171641,1390.6290090596858,0.0
CAF,617.8641277574835,1484.9102577156023,0.0
CAF,676.7948321542416,1486.697043453672,0.0
CAF,682.6760483745383,1486.646178191865,0.0
CAF,681.059052537645,1494.659177931599,2.6877544
CAF,628.1195015294818,1498.2680618827276,0.0
CAF,570.6207849215023,1316.3443098688201,0.0
CAF,611.5096032645685,1317.0557861248253,0.0
CAF,621.1283007614273,1318.2129389604745,3.3690355
CAF,660.728723694833,1261.545850260764,0.0
CAF,637.4306490411027,1242.6734358298386,0.0
CAF,627.296096201129,1257.7517351682673,0.0
CAF,635.406332728942,1253.507736594774,0.0
CAF,621.1192814198912,1245.5564380748763,0.0
CAF,630.7636346409073,1227.8377344694024,0.0
CAF,626.73804436263,1234.294563154298,0.0
CAF,658.1071230020151,1252.0378707585908,1.8557751
CAF,649.8849892723191,1253.7115800875804,2.1053293
CAF,645.9344858090906,1244.8607695694077,2.4709966
CAF,642.9412117558744,1213.2881024009346,0.0
CAF,650.1791217918798,1212.7148164802654,0.0
CAF,619.9759922364264,1212.271307092227,0.0
CAF,626.4588590910566,1214.878566075889,2.713668
CAF,647.7646153792768,1143.5779622443795,0.0
CAF,638.8468450145772,1135.6609563445973,0.0
CAF,632.443590580996,1133.304709141633,0.0
CAF,628.0819262514926,1144.6657649486424,0.0
CAF,657.6104218082397,1127.6344435277915,0.0
CAF,647.0701579514703,1137.5645154656631,0.0
CAF,672.4918572856517,1140.6110769360107,2.8779912
CAF,665.2773720412681,1125.7933505177168,0.0
CAF,674.0072819512543,1122.2299775903107,0.0
CAF,687.050652112747,1122.5559487041978,0.0
CAF,694.9982377234966,1120.614782434678,0.0
CAF,739.2513342004167,1111.6794514438784,0.0
CAF,485.2697361115542,1273.2323672542238,0.0
CAF,550.4577441483808,1321.0862525842156,0.0
CAF,663.0214211910028,1173.3174402780462,0.0
CAF,662.8122234601115,1157.369969623824,0.0
CAF,626.262409546082,1206.8544754144073,0.0
CAF,603.743185310926,1205.1580743144862,0.0
CAF,616.0600044865671,1200.439333297459,0.0
CAF,616.0906638736965,1203.9858786194552,0.0
CAF,645.5233568132804,1164.6039277221953,0.0
CAF,653.9065957424974,1158.884964038152,0.0
CAF,635.9292951857054,1181.864716489545,0.0
CAF,633.9194480645601,1176.8545519424645,0.0
CAF,619.0870293619976,1174.392112350815,0.0
CAF,647.40572207526,1174.389690195491,0.0
CAF,624.4011106613297,1153.6445672534178,0.0
CAF,619.5869494727167,1161.7649067185698,0.0
CAF,623.210557578579,1159.2917586507506,0.0
CAF,645.8319585238564,1194.1347179524073,0.0
CAF,633.9476534259005,1191.100649704258,0.0
CAF,654.3522404516767,1195.2885562597182,0.0
CAF,599.8977268996503,1185.8264702268448,0.0
CAF,616.1943384956633,1193.863309074243,0.0
CAF,595.5904017126163,1163.836231966298,0.0
CAF,594.425345001699,1167.2222776276044,0.0
CAF,591.2099656793507,1157.8480265956964,0.0
CAF,590.1498902794563,1155.3591982591997,0.0
CAF,548.6334150027866,1205.801857703274,4.198311
CAF,613.842839991953,1178.5625538915697,0.0
CAF,614.2603430807216,1163.3580475125666,0.0
CAF,616.1953902210013,1186.248435180684,0.0
CAF,598.1832552461923,1153.0926982850885,0.0
CAF,597.0839791746045,1171.9601409235065,0.0
CAF,501.35211444323875,1138.464792355093,0.0
CAF,619.4587664633254,1112.135454054115,0.0
CAF,617.6862268230173,1123.7170534774814,0.0
CAF,600.7085433944104,1122.4256622441303,0.0
CAF,635.0591040150388,1120.8990669806183,0.0
CAF,584.3421992214337,1127.876786542066,0.0
CAF,587.0203381187918,1131.5420174749459,3.613646
CAF,583.9967871240236,1144.9568060331183,3.2948744
CAF,619.864190645938,1126.7196337064167,0.0
CAF,608.1357639912771,1138.3291516569402,0.0
CAF,602.9992011808336,1154.4287081691475,0.0
CAF,597.6071328541567,1148.4164087271636,0.0
CAF,587.4263678402352,1146.7245969741723,0.0
CAF,599.256301925257,1142.2172208796424,2.5126731
CAF,594.94330379549,1135.6084338186208,0.0
CAF,604.4180742733505,1141.776006165069,0.0
CAF,607.0267036869983,1145.4247919381164,0.0
CAF,480.93627714339124,1048.2843164038968,0.0
CAF,497.3305717139901,1049.7596002190946,0.0
CAF,501.8364180262102,1051.124293521466,0.0
CAF,507.97090883020473,1057.9377527073782,0.0
CAF,486.8592118020999,1072.8470748414827,0.0
CAF,483.7644621889876,1091.4169748206075,3.461483
CAF,479.9543162527008,1068.4902548226275,2.7019117
CAF,505.0398140537966,1087.592264081911,0.0
CAF,490.5226579889513,1079.9280547088547,0.0
CAF,496.2353750618955,1065.6909444181324,0.0
CAF,515.0362402993642,1072.7615345139823,0.0
CAF,490.637678496384,1046.6321515091063,0.0
CAF,510.2732949476712,1045.289767532089,0.0
CAF,500.5382383838586,1045.6027992372708,0.0
CAF,221.6499039309156,1068.873210327562,0.0
CAF,229.8598631430612,1058.119669320408,0.0
CAF,212.30892566424978,1040.8170027623223,0.0
CAF,222.0987038161093,1034.916504910827,0.0
CAF,233.56537834343754,1040.5869617474573,0.0
CAF,229.2194580235411,1033.0951078479934,0.0
CAF,493.073569990862,1071.3291483443938,0.0
CAF,488.659096301199,1095.006609011002,0.0
CAF,494.3926566581167,1097.2338445724902,0.0
CAF,607.7337180779326,1302.4942982434552,0.0
CAF,610.1092787825603,1055.1797464252527,0.0
CAF,622.2417591898472,1052.5009701185988,0.0
CAF,627.6116138025646,1072.6065165732366,0.0
CAF,619.7171084509253,1060.9938753171632,0.0
CAF,631.8674363184956,1069.0028593783338,0.0
CAF,616.7335867599352,1064.3946451332035,0.0
CAF,500.255897936271,1085.01547326259,0.0
CAF,540.6798218094237,1337.2331048661733,0.0
CAF,539.5896288203014,1348.2957256408752,0.0
CAF,542.0519728005563,1359.3648479903945,0.0
CAF,608.3003430714602,1310.0162378616822,2.8182807
CAF,592.1069917813718,1325.3488635091471,0.0
CAF,604.283039114029,1304.12440877661,0.0
CAF,603.73037338408,1315.0536835266241,3.0502548
CAF,629.3164924461203,1309.0877874813766,0.0
CAF,625.435976523574,1303.9396875626785,0.0
CAF,610.4535435432379,1334.369607345588,0.0
CAF,596.990503101371,1330.6714860930433,0.0
CAF,604.0596271558406,1331.504835006411,0.0
CAF,613.924938309256,1342.8233118724588,0.0
CAF,598.5831658383959,1349.7109017594762,0.0
CAF,603.2072834454572,1350.0046199629946,0.0
CAF,630.6154051091621,1348.562035244673,0.0
CAF,623.5082595901962,1345.0803781889917,3.4176784
CAF,623.6070899015147,1331.0833799800084,0.0
CAF,615.4612859349943,1332.1274564065775,0.0
CAF,618.9165861162927,1336.098261355878,0.0
CAF,633.7636014917297,1354.0646622137115,0.0
CAF,636.845220473348,1364.271242304114,0.0
CAF,611.6337068544666,1363.3107939771578,0.0
CAF,628.392758894604,1357.3680996302783,0.0
CAF,604.6191131652552,1356.8329307854997,1.3794338
CAF,619.5730539500677,1351.565380364763,0.0
CAF,623.4949696063782,1351.4887637674044,0.0
CAF,689.220743930864,1305.3584331733362,0.0
CAF,688.9866713022028,1325.6736872863019,0.0
CAF,673.2099944687982,1325.4750705497213,2.6839328
CAF,620.724852547632,1374.9301280308373,0.0
CAF,577.0152112363362,1376.4985373441557,0.0
CAF,608.7536685626544,1379.2424568808433,0.0
CAF,620.1947192362903,1378.3741779380641,0.0
CAF,628.9040886317185,1383.0717569664698,0.0
CAF,630.1906036839564,1386.889201239194,0.0
CAF,676.8470837812672,1370.4770592083119,0.0
CAF,667.2534045992696,1359.3148751016013,0.0
CAF,673.4999519574711,1356.574397575111,0.0
CAF,670.3098459137026,1374.5706291879892,0.0
CAF,672.8429741962594,1386.7621018256054,3.1931264
CAF,683.0038361049186,1391.1464579260403,0.0
CAF,568.282608272075,1336.0948193456807,0.0
CAF,552.7452786292542,1368.4225615659934,0.0
CAF,564.424656638601,1337.3038572980104,0.0
CAF,565.6516057921435,1384.146556521098,0.0
CAF,542.363347241569,1354.944032078238,0.0
CAF,547.0184748108725,1370.0038465470877,0.0
CAF,534.9773988966073,1377.4954454828335,0.0
CAF,543.6744344221612,1381.4680351781624,0.0
CAF,540.783432690461,1314.7690165351066,0.0
CAF,559.368248047108,1313.5581938367486,0.0
CAF,555.1985713975085,1307.0895093389506,0.0
CAF,541.8647975608359,1332.5705833490383,2.4284475
CAF,552.0589481699698,1327.8297879703755,0.0
CAF,580.3566701173994,1305.601158633188,0.0
CAF,565.8814874546846,1335.018744972461,0.0
CAF,570.1254222872483,1309.9689420919315,0.0
CAF,659.8889050771126,1091.7810630103854,3.4063349
CAF,623.2157843348048,1089.2597267998015,0.0
CAF,686.0362789593636,1092.218580751043,0.0
CAF,694.600048136392,1086.3778718914962,0.0
CAF,672.1372983648464,1090.4345996138748,0.0
CAF,651.904556885226,1073.285357473295,0.0
CAF,634.4116873932645,1047.4673489094318,0.0
CAF,635.2062180805162,1057.83965541675,0.0
CAF,605.455521643243,1030.3610681553912,0.0
CAF,640.8880526730773,1268.5695907733705,0.0
CAF,627.4964976837379,1261.076462055315,0.0
CAF,608.3254251272513,1256.092813734941,0.0
CAF,533.09471492998,1289.4780179770353,0.0
CAF,551.2227309147708,1294.5264270818657,0.0
CAF,557.3816982357253,1297.843122611786,0.0
CAF,534.8930377763043,1297.3145828236838,0.0
CAF,544.421573728268,1290.4537641270913,0.0
CAF,570.2506094729492,1245.8984719030184,3.0445225
CAF,535.329312568835,1260.8730010080862,2.451389
CAF,530.8373936497287,1275.842175875069,0.0
CAF,551.174574642471,1250.924189236917,0.0
CAF,561.5010195509542,1250.1209260423127,0.0
CAF,560.169917718473,1272.088600013787,0.0
CAF,568.1992032657157,1274.7348684463539,0.0
CAF,591.9529299545698,1297.1013056732993,2.7512858
CAF,576.0420465939281,1285.303879462365,0.0
CAF,566.122013852466,1277.879590948259,0.0
CAF,573.3227947969891,1299.136298591165,2.4029105
CAF,580.7729621285057,1288.0332660671077,3.190889
CAF,609.5147990028047,1038.9799891717412,0.0
CAF,616.3228083392377,1215.3635070681562,0.0
CAF,579.0284366267495,1220.8742928761812,0.0
CAF,575.7976638699071,1219.4665107054118,0.0
CAF,551.7563381067746,1241.7537816978154,0.0
CAF,530.9797271454875,1244.079815700157,0.0
CAF,559.7820222914959,1235.3827483041384,4.5906754
CAF,556.5015316095787,1248.1764452444545,0.0
CAF,554.980991734377,1222.6258936211213,2.4635901
CAF,666.4909993405278,1286.7245373009102,0.0
CAF,669.5728414153996,1290.0092348841797,3.003556
CAF,667.0719660432118,1295.4513079701146,0.0
CAF,655.0754450387251,1278.0780802029803,0.0
CAF,619.6497980292855,1297.2473998839034,0.0
CAF,643.7700350632417,1280.5908751290003,3.1451097
CAF,623.9307344714722,1289.7914958687243,0.0
CAF,683.466961764036,1269.539345276046,0.0
CAF,653.4387373193584,1273.8612352654895,0.0
CAF,649.7096698455013,1265.6689960317678,0.0
CAF,681.098109792247,1279.6235427816491,0.0
CAF,491.3507801460933,414.9545356789087,0.0
CAF,884.1758708600781,404.4978361808226,0.0
CAF,255.9550810096809,665.968387956853,0.0
CAF,569.22642021641,839.3018386317933,0.0
CAF,611.7012084988949,1305.0754234459878,0.0
CAF,640.6479724618031,1274.6980261890546,0.0
Tumour epithelial (proliferative),373.9461975097656,214.80563354492188,0.0
Tumour epithelial,396.32568359375,257.6585693359375,0.0
Tumour epithelial,398.76788330078125,242.97523498535156,3.020092
Tumour epithelial,443.8327331542969,210.2423858642578,0.0
Tumour epithelial,427.0740051269531,221.2838134765625,0.0
Tumour epithelial,433.0260009765625,220.06692504882812,0.0
Tumour epithelial,435.95196533203125,215.61090087890625,0.0
Tumour epithelial,447.4522399902344,248.709228515625,0.0
Tumour epithelial,469.53057861328125,241.0251007080078,0.0
Tumour epithelial,405.430908203125,233.1184997558594,2.1482704
Tumour epithelial,407.865966796875,259.3891296386719,0.0
Tumour epithelial,434.9690246582031,309.97882080078125,0.0
Tumour epithelial,426.0614013671875,323.3468933105469,0.0
Tumour epithelial,455.6440734863281,301.07135009765625,0.0
Tumour epithelial,434.8433837890625,246.1283874511719,0.0
Tumour epithelial,434.2980041503906,270.108642578125,0.0
Tumour epithelial,443.4062194824219,268.3888244628906,0.0
Tumour epithelial,396.6051025390625,203.47085571289062,0.0
Tumour epithelial,408.69964599609375,227.49383544921875,2.070654
Tumour epithelial,419.8595275878906,222.20982360839844,2.1436036
Tumour epithelial,603.9854125976562,194.50225830078125,0.0
Tumour epithelial,620.6215209960938,240.89259338378906,0.0
Tumour epithelial (proliferative),580.8419189453125,326.31219482421875,0.0
Tumour epithelial,585.1007080078125,341.16998291015625,0.0
Tumour epithelial,604.7567749023438,387.08087158203125,0.0
Tumour epithelial,586.5421142578125,382.3880310058594,0.0
Tumour epithelial,596.2726440429688,357.8584899902344,0.0
Tumour epithelial,549.6138305664062,353.9320068359375,0.0
Tumour epithelial (proliferative),553.7484741210938,385.9494323730469,0.0
Tumour epithelial,574.079345703125,347.0919494628906,0.0
Tumour epithelial,563.3530883789062,198.3326873779297,0.0
Tumour epithelial,539.8810424804688,200.755615234375,0.0
Tumour epithelial (proliferative),496.35736083984375,214.4901885986328,0.0
Tumour epithelial,572.7097778320312,155.90296936035156,0.0
Tumour epithelial,625.8543090820312,181.9388885498047,0.0
Tumour epithelial,643.6157836914062,147.9258270263672,0.0
Tumour epithelial,678.5296630859375,212.465576171875,0.0
Tumour epithelial,661.4839477539062,177.76023864746094,0.0
Tumour epithelial,579.9732666015625,180.3859405517578,0.0
Tumour epithelial,576.3670654296875,167.70901489257812,0.0
Tumour epithelial,515.1964111328125,191.82115173339844,0.0
Tumour epithelial,534.1970825195312,168.56915283203125,0.0
Tumour epithelial,858.730224609375,296.2005615234375,0.0
Tumour epithelial (proliferative),855.118896484375,311.33929443359375,0.0
Tumour epithelial (proliferative),863.1704711914062,314.7093505859375,0.0
Tumour epithelial (proliferative),893.3804321289062,393.30950927734375,0.0
Tumour epithelial (proliferative),888.2195434570312,393.3135681152344,0.0
Tumour epithelial (proliferative),885.2333984375,390.9892883300781,0.0
Tumour epithelial (proliferative),889.518798828125,402.13470458984375,0.0
Tumour epithelial (proliferative),894.4779052734375,445.0045471191406,3.1240873
Tumour epithelial (proliferative),894.6262817382812,441.890869140625,0.0
Tumour epithelial (proliferative),885.7407836914062,412.26971435546875,0.0
Tumour epithelial (proliferative),888.9986572265625,399.9046630859375,0.0
Tumour epithelial (proliferative),887.20703125,397.7583312988281,0.0
Tumour epithelial (proliferative),849.0458374023438,379.3587646484375,0.0
Tumour epithelial (proliferative),860.04345703125,402.4443054199219,0.0
Tumour epithelial (proliferative),853.7384033203125,425.7611999511719,0.0
Tumour epithelial (proliferative),845.002197265625,407.5547790527344,0.0
Tumour epithelial (proliferative),857.165283203125,406.0666198730469,0.0
Tumour epithelial (proliferative),857.9235229492188,394.8508605957031,0.0
Tumour epithelial (proliferative),853.9887084960938,391.7167663574219,0.0
Tumour epithelial (proliferative),862.0453491210938,345.38671875,0.0
Tumour epithelial (proliferative),860.8837280273438,341.2887878417969,0.0
Tumour epithelial (proliferative),875.452392578125,354.8475341796875,0.0
Tumour epithelial (proliferative),854.025390625,330.7724914550781,0.0
Tumour epithelial (proliferative),854.0713500976562,339.5155944824219,0.0
Tumour epithelial (proliferative),854.2651977539062,322.73004150390625,0.0
Tumour epithelial (proliferative),896.0220336914062,360.4015808105469,0.0
Tumour epithelial (proliferative),895.5497436523438,367.7561340332031,3.3151019
Tumour epithelial (proliferative),888.7508544921875,367.7344055175781,0.0
Tumour epithelial (proliferative),892.9544677734375,347.6109924316406,0.0
Tumour epithelial (proliferative),891.9639892578125,340.2179870605469,0.0
Tumour epithelial (proliferative),892.5405883789062,381.9114990234375,0.0
Tumour epithelial (proliferative),890.413330078125,376.5765075683594,0.0
Tumour epithelial (proliferative),942.3388671875,455.0273132324219,0.0
Tumour epithelial (proliferative),918.5250244140625,480.095458984375,0.0
Tumour epithelial (proliferative),914.4291381835938,466.4568786621093,0.0
Tumour epithelial (proliferative),920.4235229492188,484.5337219238281,0.0
Tumour epithelial (proliferative),922.6199340820312,484.09014892578125,0.0
Tumour epithelial (proliferative),928.1409912109375,517.9497680664062,0.0
Tumour epithelial,922.1943359375,515.082763671875,0.0
Tumour epithelial (proliferative),922.4493408203125,538.28564453125,0.0
Tumour epithelial (proliferative),924.5006713867188,547.764404296875,0.0
Tumour epithelial,926.3491821289062,546.7122192382812,0.0
Tumour epithelial (proliferative),917.2398071289062,519.84130859375,0.0
Tumour epithelial (proliferative),919.8516235351562,543.6177368164062,0.0
Tumour epithelial,916.3091430664062,542.7281494140625,0.0
Tumour epithelial (proliferative),912.6100463867188,523.372314453125,0.0
Tumour epithelial,911.0409545898438,519.8018188476562,0.0
Tumour epithelial (proliferative),935.6238403320312,526.9506225585938,0.0
Tumour epithelial (proliferative),926.9627685546875,538.5427856445312,0.0
Tumour epithelial,935.6210327148438,519.220703125,0.0
Tumour epithelial,923.3009033203125,493.99005126953125,0.0
Tumour epithelial (proliferative),920.9053955078125,512.6441650390625,0.0
Tumour epithelial (proliferative),921.541259765625,497.7641296386719,0.0
Tumour epithelial (proliferative),911.97802734375,497.81256103515625,0.0
Tumour epithelial,903.5718383789062,547.0499267578125,0.0
Tumour epithelial,904.9889526367188,537.7579956054688,0.0
Tumour epithelial (proliferative),908.220458984375,533.8522338867188,0.0
Tumour epithelial,902.5897216796875,530.5472412109375,0.0
Tumour epithelial (proliferative),908.1358032226562,513.3861694335938,0.0
Tumour epithelial,901.5592651367188,493.1803894042969,0.0
Tumour epithelial,900.2130126953125,484.5206604003906,0.0
Tumour epithelial (proliferative),913.6045532226562,357.2801513671875,0.0
Tumour epithelial (proliferative),918.1116943359375,364.5038757324219,0.0
Tumour epithelial (proliferative),915.1162109375,361.5787353515625,0.0
Tumour epithelial (proliferative),916.3013916015625,368.07696533203125,0.0
Tumour epithelial (proliferative),938.2224731445312,370.7231750488281,0.0
Tumour epithelial (proliferative),932.9266967773438,369.38079833984375,0.0
Tumour epithelial (proliferative),920.9658813476562,364.3352966308594,0.0
Tumour epithelial (proliferative),918.8671264648438,369.5623779296875,0.0
Tumour epithelial (proliferative),929.6226806640625,372.4690246582031,0.0
Tumour epithelial (proliferative),903.408935546875,426.1878356933594,0.0
Tumour epithelial (proliferative),899.6705322265625,419.6423645019531,2.9053237
Tumour epithelial (proliferative),897.1383056640625,432.727783203125,0.0
Tumour epithelial (proliferative),903.7804565429688,430.1279296875,0.0
Tumour epithelial (proliferative),894.2208862304688,429.12152099609375,0.0
Tumour epithelial (proliferative),896.6407470703125,446.76885986328125,0.0
Tumour epithelial (proliferative),897.4030151367188,444.3603820800781,0.0
Tumour epithelial (proliferative),901.1822509765625,436.5794982910156,0.0
Tumour epithelial (proliferative),900.2275390625,446.4669189453125,0.0
Tumour epithelial,890.2854614257812,481.105712890625,3.5557365
Tumour epithelial (proliferative),901.88134765625,386.7717590332031,0.0
Tumour epithelial (proliferative),909.6558837890625,403.1319885253906,0.0
Tumour epithelial (proliferative),899.7960815429688,395.6015319824219,0.0
Tumour epithelial (proliferative),902.4349975585938,388.8394775390625,0.0
Tumour epithelial (proliferative),907.1598510742188,423.69171142578125,0.0
Tumour epithelial (proliferative),904.027099609375,413.9765625,3.0053785
Tumour epithelial (proliferative),940.4887084960938,377.3397521972656,0.0
Tumour epithelial (proliferative),943.4588623046875,390.26483154296875,0.0
Tumour epithelial (proliferative),934.35888671875,377.739013671875,0.0
Tumour epithelial (proliferative),935.6638793945312,412.0367736816406,0.0
Tumour epithelial (proliferative),930.4329223632812,443.4495849609375,0.0
Tumour epithelial,919.6426391601562,445.76483154296875,0.0
Tumour epithelial (proliferative),917.8917236328125,425.8026428222656,0.0
Tumour epithelial (proliferative),915.4364624023438,412.9852600097656,0.0
Tumour epithelial (proliferative),919.2455444335938,402.3568420410156,0.0
Tumour epithelial (proliferative),928.7162475585938,394.8287658691406,0.0
Tumour epithelial (proliferative),893.5842895507812,290.0021667480469,0.0
Tumour epithelial (proliferative),886.0383911132812,276.51348876953125,3.0127053
Tumour epithelial (proliferative),851.5010986328125,281.6672668457031,0.0
Tumour epithelial,922.8154296875,350.5582580566406,0.0
Tumour epithelial,931.152587890625,335.9576721191406,0.0
Tumour epithelial (proliferative),918.7830200195312,353.0773010253906,0.0
Tumour epithelial (proliferative),913.58642578125,351.15362548828125,0.0
Tumour epithelial (proliferative),914.6574096679688,344.6602783203125,0.0
Tumour epithelial (proliferative),914.8499755859375,349.0125427246094,0.0
Tumour epithelial (proliferative),910.366943359375,339.97308349609375,0.0
Tumour epithelial (proliferative),901.8810424804688,375.951904296875,0.0
Tumour epithelial (proliferative),900.7631225585938,359.04058837890625,0.0
Tumour epithelial (proliferative),907.0269165039062,361.69873046875,0.0
Tumour epithelial (proliferative),901.4181518554688,367.9379577636719,0.0
Tumour epithelial (proliferative),907.3006591796875,359.22369384765625,0.0
Tumour epithelial (proliferative),900.3729248046875,344.5384521484375,0.0
Tumour epithelial (proliferative),908.7607421875,335.1266784667969,0.0
Tumour epithelial (proliferative),896.6915283203125,349.9587707519531,0.0
Tumour epithelial (proliferative),904.835205078125,354.0201721191406,0.0
Tumour epithelial (proliferative),909.0459594726562,352.9794006347656,0.0
Tumour epithelial (proliferative),905.8434448242188,349.8304138183594,0.0
Tumour epithelial (proliferative),913.1066284179688,306.5509033203125,0.0
Tumour epithelial (proliferative),905.1150512695312,321.67608642578125,0.0
Tumour epithelial,910.9825439453125,320.4867248535156,0.0
Tumour epithelial (proliferative),933.2511596679688,316.8111877441406,0.0
Tumour epithelial,912.9593505859375,313.0550231933594,0.0
Tumour epithelial (proliferative),914.4887084960938,331.7679748535156,0.0
Tumour epithelial (proliferative),926.105224609375,330.12823486328125,0.0
Tumour epithelial (proliferative),917.4765625,328.65972900390625,0.0
Tumour epithelial (proliferative),881.27685546875,409.974609375,0.0
Tumour epithelial (proliferative),889.3386840820312,417.87310791015625,0.0
Tumour epithelial (proliferative),881.6547241210938,418.57763671875,0.0
Tumour epithelial (proliferative),890.9105224609375,413.3866271972656,0.0
Tumour epithelial (proliferative),875.6651000976562,435.80072021484375,0.0
Tumour epithelial (proliferative),869.1270751953125,444.4287109375,0.0
Tumour epithelial (proliferative),882.2173461914062,435.59490966796875,0.0
Tumour epithelial (proliferative),880.70751953125,437.0065612792969,0.0
Tumour epithelial (proliferative),895.1417236328125,415.00457763671875,0.0
Tumour epithelial (proliferative),884.7185668945312,435.0126647949219,0.0
Tumour epithelial (proliferative),883.8953247070312,419.43341064453125,0.0
Tumour epithelial,862.9640502929688,537.7329711914062,0.0
Tumour epithelial,874.6494140625,514.9059448242188,0.0
Tumour epithelial,870.592529296875,545.6312255859375,0.0
Tumour epithelial,861.6439819335938,549.0150756835938,0.0
Tumour epithelial,847.9207153320312,536.6575927734375,0.0
Tumour epithelial,851.4336547851562,510.1959533691406,0.0
Tumour epithelial,850.9129028320312,493.05926513671875,0.0
Tumour epithelial,846.3172607421875,503.4105529785156,0.0
Tumour epithelial,881.5878295898438,479.808349609375,0.0
Tumour epithelial (proliferative),881.8286743164062,449.2496643066406,0.0
Tumour epithelial (proliferative),884.7813110351562,455.5325622558593,0.0
Tumour epithelial,881.39453125,544.9956665039062,0.0
Tumour epithelial (proliferative),888.065673828125,524.2123413085938,0.0
Tumour epithelial (proliferative),892.94921875,522.4697875976562,0.0
Tumour epithelial (proliferative),895.3464965820312,457.93475341796875,0.0
Tumour epithelial,895.5159912109375,485.054931640625,0.0
Tumour epithelial,890.4514770507812,488.7215881347656,0.0
Tumour epithelial (proliferative),888.6787719726562,443.9045104980469,0.0
Tumour epithelial (proliferative),890.496826171875,449.0085754394531,0.0
Tumour epithelial,701.0029907226562,257.9290466308594,0.0
Tumour epithelial (proliferative),710.5875244140625,279.223388671875,0.0
Tumour epithelial,675.0413208007812,261.7673034667969,0.0
Tumour epithelial,680.9334716796875,307.27435302734375,0.0
Tumour epithelial,783.8610229492188,540.029052734375,0.0
Tumour epithelial,788.392333984375,410.4570007324219,0.0
Tumour epithelial,777.871826171875,569.8056640625,0.0
Tumour epithelial,767.276123046875,541.3656005859375,0.0
Tumour epithelial (proliferative),742.1568603515625,282.815673828125,0.0
Tumour epithelial (proliferative),737.0009765625,284.2738342285156,0.0
Tumour epithelial,754.5709838867188,319.2917175292969,0.0
Tumour epithelial (proliferative),775.2782592773438,301.822021484375,0.0
Tumour epithelial (proliferative),766.2987060546875,284.7567138671875,0.0
Tumour epithelial (proliferative),712.1963500976562,295.67816162109375,0.0
Tumour epithelial (proliferative),713.6781616210938,292.0276184082031,0.0
Tumour epithelial,710.1028442382812,372.4188537597656,0.0
Tumour epithelial (proliferative),714.3463134765625,322.5481262207031,0.0
Tumour epithelial,692.5039672851562,321.845703125,0.0
Tumour epithelial,722.9991455078125,309.03692626953125,0.0
Tumour epithelial (proliferative),817.1920166015625,299.60186767578125,0.0
Tumour epithelial (proliferative),827.0916748046875,292.91326904296875,0.0
Tumour epithelial (proliferative),815.3699951171875,286.65106201171875,0.0
Tumour epithelial (proliferative),845.224609375,324.7065734863281,0.0
Tumour epithelial (proliferative),840.9290771484375,340.991943359375,0.0
Tumour epithelial (proliferative),836.6280517578125,338.9867248535156,0.0
Tumour epithelial (proliferative),786.2251586914062,300.9145812988281,0.0
Tumour epithelial (proliferative),795.6575317382812,294.4921569824219,0.0
Tumour epithelial (proliferative),790.4943237304688,285.0380554199219,0.0
Tumour epithelial (proliferative),803.1926879882812,291.2169494628906,0.0
Tumour epithelial,839.8698120117188,501.2162170410156,0.0
Tumour epithelial,836.3850708007812,518.876220703125,0.0
Tumour epithelial,842.7030639648438,519.8441772460938,0.0
Tumour epithelial,834.5616455078125,553.2498779296875,2.7097318
Tumour epithelial,837.3912353515625,506.31182861328125,0.0
Tumour epithelial,787.3069458007812,512.7320556640625,0.0
Tumour epithelial,798.43115234375,564.47314453125,0.0
Tumour epithelial,798.3089599609375,561.1552734375,0.0
Tumour epithelial,801.4813842773438,476.2265625,0.0
Tumour epithelial,813.3357543945312,550.0808715820312,0.0
Tumour epithelial,825.5355834960938,529.51611328125,0.0
Tumour epithelial,790.2261962890625,413.1271667480469,0.0
Tumour epithelial,814.659912109375,418.227783203125,0.0
Tumour epithelial,808.8541870117188,402.8856201171875,2.9574163
Tumour epithelial,818.7332763671875,416.3705749511719,0.0
Tumour epithelial (proliferative),827.2930297851562,349.60675048828125,0.0
Tumour epithelial,798.8322143554688,386.6739807128906,0.0
Tumour epithelial (proliferative),842.2734375,363.65667724609375,0.0
Tumour epithelial (proliferative),844.4601440429688,425.1566467285156,0.0
Tumour epithelial,815.2224731445312,432.8499450683594,0.0
Tumour epithelial,797.3682250976562,449.199951171875,0.0
Tumour epithelial (proliferative),842.2225341796875,399.0478820800781,0.0
Tumour epithelial,663.8603515625,227.06427001953125,0.0
Tumour epithelial,681.7196044921875,257.6800537109375,0.0
Tumour epithelial (proliferative),685.750244140625,233.91114807128906,0.0
Tumour epithelial (proliferative),826.0554809570312,284.54058837890625,0.0
Tumour epithelial (proliferative),851.0842895507812,285.7064514160156,0.0
Tumour epithelial (proliferative),841.1277465820312,283.22515869140625,0.0
Tumour epithelial (proliferative),843.9370727539062,278.54766845703125,0.0
Tumour epithelial (proliferative),834.9071044921875,295.45953369140625,0.0
Tumour epithelial (proliferative),826.0462646484375,303.2947692871094,0.0
Tumour epithelial (proliferative),839.4761962890625,319.8240051269531,0.0
Tumour epithelial (proliferative),825.3512573242188,311.2284851074219,0.0
Tumour epithelial (proliferative),830.7332763671875,299.7220764160156,0.0
Tumour epithelial (proliferative),840.003662109375,298.6614074707031,0.0
Tumour epithelial (proliferative),851.3031005859375,300.8804626464844,0.0
Tumour epithelial (proliferative),845.408935546875,297.1295471191406,0.0
Tumour epithelial (proliferative),804.6498413085938,273.4922180175781,0.0
Tumour epithelial (proliferative),838.5230102539062,275.5565185546875,0.0
Tumour epithelial (proliferative),843.7438354492188,272.6368713378906,0.0
Tumour epithelial,804.6942138671875,251.5531005859375,0.0
Tumour epithelial (proliferative),817.9893798828125,265.0121154785156,0.0
Tumour epithelial (proliferative),810.826904296875,273.3302001953125,2.8553212
Tumour epithelial,795.542724609375,262.99755859375,0.0
Tumour epithelial,777.6976928710938,240.7711944580078,0.0
Tumour epithelial (proliferative),781.2134399414062,286.7513122558594,3.1240873
Tumour epithelial (proliferative),731.4853515625,263.5576477050781,0.0
Tumour epithelial,294.416259765625,318.2178039550781,0.0
Tumour epithelial,233.3031463623047,412.8934326171875,0.0
Tumour epithelial,274.1563415527344,380.4251403808594,0.0
Tumour epithelial,246.82765197753906,369.4311828613281,0.0
Tumour epithelial,292.9396057128906,320.80169677734375,0.0
Tumour epithelial (proliferative),230.0415344238281,328.5028381347656,0.0
Tumour epithelial (proliferative),248.13536071777344,308.117919921875,2.4369774
Tumour epithelial,333.0863037109375,259.33526611328125,0.0
Tumour epithelial,354.46185302734375,258.8507080078125,0.0
Tumour epithelial,348.9739685058594,245.3622741699219,0.0
Tumour epithelial,369.65643310546875,320.5344543457031,0.0
Tumour epithelial,359.7252197265625,303.9403381347656,0.0
Tumour epithelial,350.6422424316406,273.0048828125,0.0
Tumour epithelial,350.2615661621094,317.5781555175781,0.0
Tumour epithelial,348.7083740234375,382.8289489746094,0.0
Tumour epithelial,361.5984802246094,378.1517028808594,0.0
Tumour epithelial,334.14337158203125,396.78924560546875,3.5105758
Tumour epithelial,333.51312255859375,402.67529296875,0.0
Tumour epithelial,334.2766418457031,416.1881408691406,0.0
Tumour epithelial,347.5194091796875,364.8794860839844,0.0
Tumour epithelial,354.59881591796875,341.6553039550781,0.0
Tumour epithelial,327.0970764160156,237.71083068847656,0.0
Tumour epithelial,370.0437316894531,279.1741027832031,0.0
Tumour epithelial,367.78338623046875,261.9175720214844,0.0
Tumour epithelial,362.8495788574219,224.0484619140625,2.547769
Tumour epithelial,249.5279235839844,277.5953674316406,0.0
Tumour epithelial,317.3440246582031,213.30075073242188,0.0
Tumour epithelial,317.2918701171875,226.7980499267578,0.0
Tumour epithelial,313.50555419921875,235.4920349121094,0.0
Tumour epithelial,362.6925964355469,226.9277038574219,2.7581758
Tumour epithelial,551.4852905273438,412.1889343261719,0.0
Tumour epithelial,572.4658203125,520.00048828125,0.0
Tumour epithelial,572.27490234375,504.2021179199219,0.0
Tumour epithelial,574.0580444335938,483.6939697265625,0.0
Tumour epithelial,566.2010498046875,501.7787780761719,0.0
Tumour epithelial (proliferative),575.6968383789062,410.97711181640625,0.0
Tumour epithelial,572.16943359375,420.1407470703125,0.0
Tumour epithelial (proliferative),573.29443359375,406.3948974609375,0.0
Tumour epithelial,569.0813598632812,385.42718505859375,0.0
Tumour epithelial,569.5498657226562,427.51287841796875,0.0
Tumour epithelial,567.7463989257812,400.0010070800781,0.0
Tumour epithelial,595.030517578125,518.5902709960938,0.0
Tumour epithelial,594.8289794921875,548.7389526367188,2.784861
Tumour epithelial,590.8505859375,529.3528442382812,0.0
Tumour epithelial,611.2691040039062,531.3594970703125,0.0
Tumour epithelial,605.6036987304688,540.2177734375,0.0
Tumour epithelial,600.5460205078125,546.1900024414062,0.0
Tumour epithelial,606.2743530273438,531.8204345703125,0.0
Tumour epithelial,607.988525390625,543.7006225585938,0.0
Tumour epithelial,608.645751953125,519.336181640625,0.0
Tumour epithelial,613.1029663085938,509.14691162109375,0.0
Tumour epithelial,587.5330200195312,520.6466064453125,0.0
Tumour epithelial,590.3995971679688,512.874755859375,0.0
Tumour epithelial,577.230712890625,501.5975036621093,0.0
Tumour epithelial (proliferative),579.7012329101562,511.9358215332031,2.8453426
Tumour epithelial,599.5394287109375,462.1261901855469,0.0
Tumour epithelial,602.0372314453125,487.0716857910156,0.0
Tumour epithelial,598.403564453125,471.794677734375,0.0
Tumour epithelial,600.8276977539062,438.2939758300781,0.0
Tumour epithelial,576.3009033203125,456.1903991699219,0.0
Tumour epithelial,588.952392578125,440.5202941894531,0.0
Tumour epithelial,596.4872436523438,404.13238525390625,0.0
Tumour epithelial,595.508544921875,417.320556640625,0.0
Tumour epithelial,445.4235534667969,354.655517578125,0.0
Tumour epithelial,432.50213623046875,361.3185119628906,0.0
Tumour epithelial,428.8545837402344,388.518798828125,0.0
Tumour epithelial,496.46661376953125,800.7639770507812,0.0
Tumour epithelial,498.66705322265625,773.4585571289062,0.0
Tumour epithelial,482.34393310546875,791.6365966796875,0.0
Tumour epithelial,441.0297546386719,764.8634033203125,0.0
Tumour epithelial,469.87652587890625,749.9285278320312,0.0
Tumour epithelial,478.1456604003906,771.9241943359375,0.0
Tumour epithelial (proliferative),466.0342102050781,772.6537475585938,0.0
Tumour epithelial,476.8708801269531,725.8230590820312,0.0
Tumour epithelial,489.46356201171875,713.4934692382812,0.0
Tumour epithelial,483.88409423828125,683.5907592773438,0.0
Tumour epithelial,456.6868896484375,731.2695922851562,0.0
Tumour epithelial (proliferative),429.7647705078125,662.3602294921875,0.0
Tumour epithelial,430.0887145996094,667.0581665039062,0.0
Tumour epithelial,434.5475769042969,672.1139526367188,0.0
Tumour epithelial,438.0517883300781,663.7860717773438,0.0
Tumour epithelial (proliferative),471.3294677734375,665.20654296875,0.0
Tumour epithelial,449.89935302734375,667.97900390625,0.0
Tumour epithelial (proliferative),232.9667205810547,336.1451416015625,0.0
Tumour epithelial (proliferative),230.9246826171875,342.19671630859375,0.0
Tumour epithelial,217.77513122558594,425.74066162109375,0.0
Tumour epithelial,200.72979736328125,433.8920593261719,0.0
Tumour epithelial,196.4764404296875,482.1316833496093,0.0
Tumour epithelial,183.05752563476562,473.5814208984375,0.0
Tumour epithelial (proliferative),129.86227416992188,623.9891357421875,0.0
Tumour epithelial (proliferative),153.37413024902344,708.5875854492188,0.0
Tumour epithelial,142.24349975585938,595.7257080078125,0.0
Tumour epithelial (proliferative),134.1683349609375,616.074462890625,0.0
Tumour epithelial,171.50857543945312,505.3895568847656,0.0
Tumour epithelial,170.14466857910156,498.6319274902343,0.0
Tumour epithelial (proliferative),148.8567657470703,592.1934204101562,0.0
Tumour epithelial,133.8399200439453,547.5680541992188,0.0
Tumour epithelial,163.3048858642578,506.33428955078125,0.0
Tumour epithelial,414.2486877441406,278.1340637207031,0.0
Tumour epithelial,411.5140075683594,268.12890625,2.231363
Tumour epithelial,411.3135070800781,300.4913635253906,2.33321
Tumour epithelial,414.59234619140625,304.3729248046875,0.0
Tumour epithelial,414.4900207519531,281.1415710449219,0.0
Tumour epithelial,418.190185546875,284.2121887207031,4.961753
Tumour epithelial,388.01019287109375,434.0417785644531,0.0
Tumour epithelial,374.0477600097656,419.0889587402344,0.0
Tumour epithelial,399.4774475097656,407.815673828125,0.0
Tumour epithelial,416.2762451171875,326.90106201171875,0.0
Tumour epithelial,412.69500732421875,335.0907897949219,0.0
Tumour epithelial,411.2171630859375,376.9306640625,0.0
Tumour epithelial,415.56494140625,401.786865234375,0.0
Tumour epithelial,414.9831848144531,348.0086975097656,0.0
Tumour epithelial,413.18780517578125,350.62371826171875,2.4024532
Tumour epithelial,403.1277770996094,262.43316650390625,0.0
Tumour epithelial,385.6936950683594,314.3228759765625,0.0
Tumour epithelial,402.93756103515625,369.9609375,0.0
Tumour epithelial,394.03021240234375,373.72467041015625,2.9419792
Tumour epithelial,377.3123779296875,325.2114562988281,0.0
Tumour epithelial,388.21246337890625,305.7904052734375,0.0
Tumour epithelial,560.0646362304688,1406.5262451171875,0.0
Tumour epithelial,555.9375,1538.7410888671875,0.0
Tumour epithelial,531.6574096679688,1502.6307373046875,0.0
Tumour epithelial,593.1610717773438,1378.1092529296875,0.0
Tumour epithelial,601.7922973632812,1403.5072021484375,3.4091578
Tumour epithelial,584.5960083007812,1489.177978515625,3.997759
Tumour epithelial,598.403076171875,1481.04443359375,0.0
Tumour epithelial,615.3329467773438,1454.5570068359375,0.0
Tumour epithelial,588.6166381835938,1417.4537353515625,0.0
Tumour epithelial,604.002197265625,1403.005126953125,4.1696725
Tumour epithelial (proliferative),276.03118896484375,803.7406005859375,0.0
Tumour epithelial (proliferative),274.3266296386719,806.1536865234375,0.0
Tumour epithelial,532.4871826171875,1380.2752685546875,0.0
Tumour epithelial,513.8837280273438,1209.1424560546875,2.373705
Tumour epithelial,516.5634765625,1189.1732177734375,2.9402802
Tumour epithelial (proliferative),150.32566833496094,714.9563598632812,2.2748032
Tumour epithelial (proliferative),157.86627197265625,717.2598876953125,0.0
Tumour epithelial (proliferative),153.9229736328125,715.4740600585938,0.0
Tumour epithelial (proliferative),154.29490661621094,732.05419921875,0.0
Tumour epithelial (proliferative),161.17445373535156,732.3028564453125,0.0
Tumour epithelial (proliferative),163.92190551757812,735.2337036132812,0.0
Tumour epithelial (proliferative),159.97715759277344,725.1830444335938,0.0
Tumour epithelial (proliferative),180.12644958496094,721.9322509765625,0.0
Tumour epithelial (proliferative),227.13392639160156,784.9961547851562,0.0
Tumour epithelial (proliferative),250.9363098144531,792.88525390625,0.0
Tumour epithelial (proliferative),236.2049102783203,802.6619873046875,0.0
Tumour epithelial (proliferative),232.48976135253906,797.1420288085938,2.7540352
Tumour epithelial (proliferative),269.7355041503906,793.9522705078125,0.0
Tumour epithelial (proliferative),265.35675048828125,795.60498046875,2.600378
Tumour epithelial (proliferative),240.2134094238281,808.7977905273438,0.0
Tumour epithelial (proliferative),238.29364013671875,807.8114624023438,0.0
Tumour epithelial (proliferative),246.7383117675781,807.4026489257812,0.0
Tumour epithelial (proliferative),244.3358154296875,799.1241455078125,0.0
Tumour epithelial (proliferative),211.13189697265625,761.699462890625,0.0
Tumour epithelial (proliferative),213.98663330078125,762.0287475585938,0.0
Tumour epithelial (proliferative),222.79510498046875,788.0581665039062,0.0
Tumour epithelial (proliferative),226.00511169433594,797.3257446289062,0.0
Tumour epithelial (proliferative),222.01950073242188,782.3696899414062,0.0
Tumour epithelial (proliferative),210.94216918945312,811.0861206054688,0.0
Tumour epithelial (proliferative),213.346923828125,783.76318359375,2.6108298
Tumour epithelial (proliferative),175.98684692382812,773.6564331054688,0.0
Tumour epithelial (proliferative),189.85833740234375,774.150146484375,0.0
Tumour epithelial (proliferative),190.1851806640625,769.3876342773438,0.0
Tumour epithelial (proliferative),185.99798583984375,803.088134765625,0.0
Tumour epithelial (proliferative),195.21420288085938,799.7823486328125,3.6260214
Tumour epithelial (proliferative),195.70823669433594,795.2271118164062,0.0
Tumour epithelial (proliferative),186.25743103027344,785.4548950195312,0.0
Tumour epithelial (proliferative),182.58859252929688,784.0848999023438,0.0
Tumour epithelial (proliferative),193.6975555419922,784.4469604492188,0.0
Tumour epithelial (proliferative),140.4517059326172,698.2203979492188,0.0
Tumour epithelial (proliferative),141.02403259277344,707.6057739257812,0.0
Tumour epithelial (proliferative),128.10272216796875,765.5623779296875,2.554308
Tumour epithelial (proliferative),135.63137817382812,774.0629272460938,0.0
Tumour epithelial (proliferative),147.2770233154297,790.833984375,3.1303434
Tumour epithelial (proliferative),139.2008514404297,782.0247192382812,0.0
Tumour epithelial (proliferative),146.08033752441406,757.9896850585938,0.0
Tumour epithelial (proliferative),131.95225524902344,739.7125854492188,0.0
Tumour epithelial (proliferative),133.38697814941406,743.6056518554688,0.0
Tumour epithelial (proliferative),132.2695770263672,746.7849731445312,0.0
Tumour epithelial (proliferative),173.1785888671875,751.10986328125,0.0
Tumour epithelial (proliferative),180.5371551513672,754.6780395507812,0.0
Tumour epithelial (proliferative),148.97323608398438,757.8248901367188,0.0
Tumour epithelial (proliferative),188.0767822265625,735.6187133789062,0.0
Tumour epithelial (proliferative),193.20726013183594,742.6383056640625,0.0
Tumour epithelial (proliferative),185.23382568359375,738.9035034179688,0.0
Tumour epithelial (proliferative),186.1337127685547,753.90625,0.0
Tumour epithelial (proliferative),187.4285125732422,759.8311767578125,0.0
Tumour epithelial (proliferative),186.11907958984375,762.6187744140625,0.0
Tumour epithelial (proliferative),167.533447265625,738.8573608398438,0.0
Tumour epithelial (proliferative),148.5998077392578,792.9005737304688,0.0
Tumour epithelial (proliferative),147.37646484375,806.3735961914062,4.4430466
Tumour epithelial (proliferative),166.75704956054688,828.71240234375,3.6171656
Tumour epithelial (proliferative),160.86000061035156,824.374755859375,0.0
Tumour epithelial,141.0693359375,930.0746459960938,0.0
Tumour epithelial (proliferative),134.89791870117188,898.44140625,0.0
Tumour epithelial (proliferative),142.92364501953125,681.7557373046875,0.0
Tumour epithelial (proliferative),143.58551025390625,700.2398681640625,2.6877544
Tumour epithelial (proliferative),136.26190185546875,672.0708618164062,0.0
Tumour epithelial (proliferative),132.6180419921875,642.4437255859375,0.0
Tumour epithelial (proliferative),142.50518798828125,659.1295166015625,3.6242435
Tumour epithelial (proliferative),130.1427459716797,683.6754150390625,0.0
Tumour epithelial (proliferative),186.2845916748047,887.7576904296875,0.0
Tumour epithelial (proliferative),196.17547607421875,876.6552734375,0.0
Tumour epithelial (proliferative),190.11105346679688,904.2677612304688,0.0
Tumour epithelial (proliferative),178.1888427734375,894.99853515625,3.2089455
Tumour epithelial (proliferative),169.7135009765625,902.7139282226562,0.0
Tumour epithelial (proliferative),165.3633270263672,885.6387329101562,0.0
Tumour epithelial (proliferative),203.80178833007812,798.5916748046875,0.0
Tumour epithelial (proliferative),205.1688995361328,804.0447998046875,0.0
Tumour epithelial (proliferative),189.91226196289062,855.0437622070312,0.0
Tumour epithelial (proliferative),206.5535125732422,809.986083984375,0.0
Tumour epithelial (proliferative),199.22158813476562,807.525634765625,0.0
Tumour epithelial (proliferative),138.8218536376953,889.2512817382812,0.0
Tumour epithelial,131.9416046142578,911.4122314453125,0.0
Tumour epithelial (proliferative),145.99359130859375,876.3161010742188,0.0
Tumour epithelial (proliferative),131.10107421875,886.5748291015625,0.0
Tumour epithelial (proliferative),138.048095703125,886.812255859375,0.0
Tumour epithelial (proliferative),141.1399383544922,896.4847412109375,0.0
Tumour epithelial (proliferative),203.95498657226562,783.3478393554688,0.0
Tumour epithelial (proliferative),199.8986358642578,795.0416259765625,3.476551
Tumour epithelial (proliferative),205.62770080566406,796.6729736328125,0.0
Tumour epithelial (proliferative),197.79307556152344,778.1238403320312,0.0
Tumour epithelial (proliferative),201.21107482910156,780.9830932617188,0.0
Tumour epithelial (proliferative),198.0534210205078,766.0054931640625,0.0
Tumour epithelial (proliferative),201.30569458007812,768.8299560546875,0.0
Tumour epithelial (proliferative),195.51519775390625,745.646484375,3.2898858
Tumour epithelial,634.7059936523438,181.14707946777344,0.0
Tumour epithelial,659.71240234375,142.2274169921875,0.0
Tumour epithelial,668.6741943359375,170.13319396972656,0.0
Tumour epithelial,611.5157470703125,165.79464721679688,0.0
Tumour epithelial,606.3336181640625,173.92022705078125,0.0
Tumour epithelial,611.4898071289062,179.74496459960938,0.0
Tumour epithelial,605.8275146484375,189.92697143554688,0.0
Tumour epithelial,601.3382568359375,169.74501037597656,2.9268024
Tumour epithelial,571.68212890625,177.0224609375,0.0
Tumour epithelial,577.617431640625,176.8949737548828,0.0
Tumour epithelial,570.7759399414062,213.1266632080078,0.0
Tumour epithelial,584.0661010742188,189.1480712890625,0.0
Tumour epithelial,613.3861083984375,168.98268127441406,0.0
Tumour epithelial,622.1425170898438,173.25112915039062,0.0
Tumour epithelial,616.703369140625,175.76937866210938,0.0
Tumour epithelial,622.7042846679688,185.05633544921875,3.834037
Tumour epithelial,624.4581909179688,187.00665283203125,0.0
Tumour epithelial,626.96728515625,160.05514526367188,0.0
Tumour epithelial,626.0089111328125,162.98464965820312,2.1852262
Tumour epithelial,614.5872802734375,194.7471466064453,0.0
Tumour epithelial,659.5272216796875,191.40000915527344,1.4476459
Tumour epithelial,668.9461059570312,222.73240661621094,0.0
Tumour epithelial,675.5261840820312,194.07278442382812,2.478969
Tumour epithelial,675.1557006835938,179.27198791503906,0.0
Tumour epithelial,653.8828125,165.5873565673828,0.0
Tumour epithelial,657.81787109375,199.1403350830078,0.0
Tumour epithelial,653.9856567382812,208.38917541503906,0.0
Tumour epithelial,643.8265991210938,202.88404846191406,0.0
Tumour epithelial,650.5885620117188,186.66795349121094,0.0
Tumour epithelial,651.3745727539062,171.12716674804688,0.0
Tumour epithelial,599.0901489257812,133.17276000976562,0.0
Tumour epithelial,588.5269165039062,167.76344299316406,0.0
Tumour epithelial,583.0840454101562,171.30079650878906,0.0
Tumour epithelial,582.096435546875,173.7420654296875,0.0
Tumour epithelial,576.1845092773438,171.60951232910156,0.0
Tumour epithelial,611.2545166015625,155.97996520996094,0.0
Tumour epithelial,700.9495239257812,188.2154541015625,0.0
Tumour epithelial (proliferative),676.0010986328125,238.02085876464844,3.694257
Tumour epithelial,658.2748413085938,211.21243286132812,0.0
Tumour epithelial,696.3673706054688,227.1836242675781,0.0
Tumour epithelial (proliferative),706.469482421875,217.48619079589844,2.8732533
Tumour epithelial,601.8269653320312,315.4067687988281,0.0
Tumour epithelial,601.4620971679688,319.09393310546875,0.0
Tumour epithelial,613.6189575195312,333.88677978515625,0.0
Tumour epithelial,607.5839233398438,344.34368896484375,0.0
Tumour epithelial,621.359375,333.5531921386719,0.0
Tumour epithelial,612.338623046875,325.91925048828125,0.0
Tumour epithelial,608.822509765625,318.721435546875,0.0
Tumour epithelial,608.490966796875,325.9241027832031,0.0
Tumour epithelial,577.6213989257812,345.21875,0.0
Tumour epithelial,591.2711791992188,322.4716491699219,0.0
Tumour epithelial (proliferative),578.5770874023438,322.3785705566406,0.0
Tumour epithelial,582.02490234375,316.7734680175781,0.0
Tumour epithelial,643.74365234375,215.34742736816406,3.4795938
Tumour epithelial,636.5184326171875,235.99549865722656,0.0
Tumour epithelial,634.603759765625,234.50086975097656,0.0
Tumour epithelial,640.705078125,223.51486206054688,0.0
Tumour epithelial,648.5147094726562,216.8194122314453,0.0
Tumour epithelial,651.8994140625,220.1718292236328,0.0
Tumour epithelial (proliferative),675.9810180664062,301.267333984375,0.0
Tumour epithelial,676.9027099609375,339.6430358886719,0.0
Tumour epithelial,677.1895751953125,343.52142333984375,0.0
Tumour epithelial,678.5831298828125,329.8737487792969,0.0
Tumour epithelial,679.527587890625,321.70428466796875,0.0
Tumour epithelial,685.4761962890625,311.8999328613281,0.0
Tumour epithelial,684.3706665039062,290.775634765625,0.0
Tumour epithelial (proliferative),682.0853881835938,293.8857116699219,0.0
Tumour epithelial,663.0511474609375,247.0653381347656,0.0
Tumour epithelial,672.0023803710938,244.0654602050781,0.0
Tumour epithelial (proliferative),681.8806762695312,231.32115173339844,0.0
Tumour epithelial,686.373291015625,212.06182861328125,0.0
Tumour epithelial,677.2526245117188,268.1374816894531,0.0
Tumour epithelial (proliferative),681.9523315429688,278.2329406738281,0.0
Tumour epithelial,674.525146484375,258.6016540527344,0.0
Tumour epithelial (proliferative),847.7076416015625,296.343505859375,0.0
Tumour epithelial (proliferative),912.7494506835938,285.5245361328125,0.0
Tumour epithelial (proliferative),900.9500122070312,286.1622619628906,0.0
Tumour epithelial (proliferative),904.5159301757812,280.6466064453125,0.0
Tumour epithelial (proliferative),893.2000122070312,274.9527893066406,0.0
Tumour epithelial (proliferative),896.3614501953125,278.56866455078125,0.0
Tumour epithelial (proliferative),894.5067138671875,272.5521240234375,0.0
Tumour epithelial (proliferative),847.1526489257812,322.16558837890625,0.0
Tumour epithelial (proliferative),847.8473510742188,317.13189697265625,0.0
Tumour epithelial (proliferative),858.4603271484375,315.877197265625,0.0
Tumour epithelial (proliferative),861.0621337890625,319.56903076171875,0.0
Tumour epithelial (proliferative),860.6052856445312,310.8993225097656,3.2750783
Tumour epithelial (proliferative),858.0152587890625,308.2409973144531,0.0
Tumour epithelial (proliferative),848.3709716796875,326.3182067871094,0.0
Tumour epithelial (proliferative),846.9511108398438,339.41888427734375,0.0
Tumour epithelial (proliferative),901.95458984375,295.8633117675781,0.0
Tumour epithelial (proliferative),906.2073364257812,344.1092834472656,0.0
Tumour epithelial (proliferative),909.2598266601562,329.7680969238281,0.0
Tumour epithelial (proliferative),901.335693359375,337.4832763671875,0.0
Tumour epithelial (proliferative),902.7432861328125,340.2306823730469,0.0
Tumour epithelial (proliferative),903.5051879882812,333.6734313964844,0.0
Tumour epithelial (proliferative),905.44580078125,298.6755065917969,4.333204
Tumour epithelial (proliferative),919.68603515625,334.6753845214844,0.0
Tumour epithelial,939.0704956054688,327.7084045410156,0.0
Tumour epithelial,933.9171142578125,339.91998291015625,0.0
Tumour epithelial,927.0042114257812,339.689453125,0.0
Tumour epithelial (proliferative),914.9155883789062,336.982421875,0.0
Tumour epithelial (proliferative),923.6427001953125,335.3396301269531,0.0
Tumour epithelial (proliferative),929.8558349609375,322.7991638183594,0.0
Tumour epithelial (proliferative),936.6749267578125,326.0855712890625,0.0
Tumour epithelial (proliferative),929.78955078125,325.0569152832031,0.0
Tumour epithelial (proliferative),910.6039428710938,290.69647216796875,0.0
Tumour epithelial (proliferative),912.3864135742188,290.46124267578125,0.0
Tumour epithelial (proliferative),913.1199951171875,294.2496032714844,0.0
Tumour epithelial,925.532958984375,302.2079772949219,0.0
Tumour epithelial (proliferative),912.802490234375,297.8126220703125,0.0
Tumour epithelial (proliferative),914.9764404296875,298.80596923828125,0.0
Tumour epithelial,909.2444458007812,311.9874267578125,0.0
Tumour epithelial (proliferative),922.9441528320312,301.964111328125,0.0
Tumour epithelial (proliferative),848.3504638671875,283.9383850097656,0.0
Tumour epithelial (proliferative),849.0833129882812,281.4135437011719,0.0
Tumour epithelial (proliferative),846.17578125,276.84771728515625,3.3542564
Tumour epithelial (proliferative),852.5255737304688,292.3460388183594,0.0
Tumour epithelial (proliferative),689.2553100585938,266.2452087402344,0.0
Tumour epithelial (proliferative),738.5956420898438,268.3871154785156,0.0
Tumour epithelial (proliferative),730.7871704101562,262.5084533691406,0.0
Tumour epithelial (proliferative),709.3593139648438,283.4058532714844,0.0
Tumour epithelial,712.0655517578125,279.0618591308594,0.0
Tumour epithelial (proliferative),810.878173828125,289.81243896484375,0.0
Tumour epithelial (proliferative),812.43701171875,295.29168701171875,0.0
Tumour epithelial (proliferative),818.8023681640625,296.41961669921875,0.0
Tumour epithelial (proliferative),825.2672119140625,295.48602294921875,0.0
Tumour epithelial (proliferative),822.2293090820312,293.91015625,0.0
Tumour epithelial (proliferative),833.6962280273438,278.35430908203125,0.0
Tumour epithelial (proliferative),842.8004150390625,277.1316223144531,0.0
Tumour epithelial (proliferative),816.528564453125,289.8829040527344,2.913524
Tumour epithelial (proliferative),819.9927368164062,291.2976379394531,0.0
Tumour epithelial (proliferative),821.432861328125,282.9678649902344,0.0
Tumour epithelial (proliferative),830.2294311523438,330.0220947265625,0.0
Tumour epithelial (proliferative),832.0339965820312,331.6284484863281,0.0
Tumour epithelial (proliferative),831.805419921875,324.26324462890625,0.0
Tumour epithelial (proliferative),838.1490478515625,323.77947998046875,0.0
Tumour epithelial (proliferative),840.915283203125,332.7869567871094,0.0
Tumour epithelial (proliferative),839.9269409179688,334.6830749511719,0.0
Tumour epithelial (proliferative),840.1414794921875,326.65325927734375,0.0
Tumour epithelial,832.0177001953125,341.977783203125,0.0
Tumour epithelial,814.9599609375,343.0787353515625,0.0
Tumour epithelial (proliferative),823.6517333984375,346.4947204589844,0.0
Tumour epithelial (proliferative),827.2372436523438,341.9287414550781,0.0
Tumour epithelial (proliferative),819.9480590820312,338.0970458984375,0.0
Tumour epithelial (proliferative),822.1544799804688,339.18670654296875,0.0
Tumour epithelial (proliferative),825.5194702148438,337.7533874511719,0.0
Tumour epithelial (proliferative),826.0635375976562,330.6537780761719,0.0
Tumour epithelial (proliferative),818.0247192382812,333.2315673828125,0.0
Tumour epithelial (proliferative),829.7720947265625,283.1485900878906,2.6131697
Tumour epithelial (proliferative),837.4384155273438,286.247802734375,0.0
Tumour epithelial (proliferative),830.0064086914062,291.03314208984375,0.0
Tumour epithelial (proliferative),844.1481323242188,289.5464172363281,0.0
Tumour epithelial (proliferative),840.5858764648438,289.6772766113281,3.040721
Tumour epithelial (proliferative),833.4492797851562,299.1963195800781,0.0
Tumour epithelial (proliferative),827.7889404296875,304.928466796875,0.0
Tumour epithelial (proliferative),797.2801513671875,317.81591796875,0.0
Tumour epithelial (proliferative),795.2837524414062,317.86004638671875,0.0
Tumour epithelial (proliferative),814.3001098632812,338.4033203125,0.0
Tumour epithelial (proliferative),801.4622802734375,327.6492614746094,0.0
Tumour epithelial (proliferative),814.4954833984375,323.96759033203125,0.0
Tumour epithelial (proliferative),819.166015625,306.4493713378906,0.0
Tumour epithelial (proliferative),816.9658813476562,305.7665100097656,2.885944
Tumour epithelial (proliferative),818.2127685546875,319.23565673828125,0.0
Tumour epithelial (proliferative),824.1024780273438,319.4095153808594,0.0
Tumour epithelial (proliferative),826.2677001953125,321.9042663574219,0.0
Tumour epithelial (proliferative),820.252197265625,320.5604553222656,0.0
Tumour epithelial (proliferative),844.2785034179688,308.0077209472656,0.0
Tumour epithelial (proliferative),834.9976806640625,318.0281677246094,0.0
Tumour epithelial (proliferative),835.8606567382812,309.9002990722656,0.0
Tumour epithelial (proliferative),829.0216674804688,312.3052978515625,0.0
Tumour epithelial (proliferative),811.6976928710938,319.4253845214844,0.0
Tumour epithelial (proliferative),810.2892456054688,305.8931579589844,0.0
Tumour epithelial (proliferative),805.3033447265625,314.5579833984375,0.0
Tumour epithelial (proliferative),808.5960083007812,304.6888732910156,0.0
Tumour epithelial (proliferative),802.6969604492188,287.55804443359375,0.0
Tumour epithelial (proliferative),797.3125610351562,295.1488037109375,0.0
Tumour epithelial (proliferative),792.491455078125,296.1204833984375,0.0
Tumour epithelial (proliferative),798.058837890625,308.8788146972656,0.0
Tumour epithelial (proliferative),792.2703857421875,302.7530517578125,0.0
Tumour epithelial (proliferative),805.1787109375,297.8646545410156,0.0
Tumour epithelial (proliferative),806.5728149414062,311.7708435058594,0.0
Tumour epithelial (proliferative),799.7312622070312,307.1293029785156,0.0
Tumour epithelial (proliferative),798.27734375,291.096435546875,0.0
Tumour epithelial,788.4420776367188,242.6665496826172,0.0
Tumour epithelial,794.9490966796875,249.31280517578125,0.0
Tumour epithelial (proliferative),832.2092895507812,275.31072998046875,0.0
Tumour epithelial (proliferative),840.9998779296875,275.2593994140625,0.0
Tumour epithelial (proliferative),831.12158203125,266.5907897949219,0.0
Tumour epithelial (proliferative),823.70068359375,266.6473388671875,0.0
Tumour epithelial,836.0950317382812,263.366455078125,0.0
Tumour epithelial,822.0269165039062,253.52333068847656,4.0685353
Tumour epithelial (proliferative),735.940673828125,314.3446350097656,0.0
Tumour epithelial (proliferative),741.9161987304688,312.5813903808594,0.0
Tumour epithelial (proliferative),734.6155395507812,301.32769775390625,0.0
Tumour epithelial (proliferative),734.6701049804688,325.0803527832031,0.0
Tumour epithelial (proliferative),744.630615234375,300.1324157714844,0.0
Tumour epithelial (proliferative),746.721435546875,298.99859619140625,0.0
Tumour epithelial (proliferative),744.0267333984375,311.2833251953125,0.0
Tumour epithelial (proliferative),750.7571411132812,308.110107421875,0.0
Tumour epithelial (proliferative),734.2820434570312,291.2275390625,0.0
Tumour epithelial (proliferative),747.7190551757812,291.2296447753906,0.0
Tumour epithelial (proliferative),759.5861206054688,309.7023620605469,0.0
Tumour epithelial (proliferative),789.4579467773438,307.8463439941406,0.0
Tumour epithelial (proliferative),786.4303588867188,310.3149108886719,0.0
Tumour epithelial (proliferative),784.4151611328125,310.0715026855469,0.0
Tumour epithelial (proliferative),774.792724609375,313.3500671386719,0.0
Tumour epithelial (proliferative),776.7437744140625,292.6830749511719,0.0
Tumour epithelial,759.2981567382812,298.92169189453125,0.0
Tumour epithelial (proliferative),779.3792724609375,307.0713806152344,0.0
Tumour epithelial (proliferative),770.76611328125,307.5177917480469,0.0
Tumour epithelial (proliferative),766.9918823242188,303.1451721191406,0.0
Tumour epithelial (proliferative),757.4284057617188,307.069580078125,0.0
Tumour epithelial,755.7154541015625,302.3913879394531,0.0
Tumour epithelial (proliferative),754.0592041015625,293.8880615234375,0.0
Tumour epithelial (proliferative),736.4256591796875,270.1131896972656,0.0
Tumour epithelial (proliferative),746.547607421875,271.43145751953125,0.0
Tumour epithelial (proliferative),788.6931762695312,274.84869384765625,0.0
Tumour epithelial (proliferative),785.9246215820312,277.48504638671875,0.0
Tumour epithelial (proliferative),815.375732421875,267.9723205566406,0.0
Tumour epithelial (proliferative),816.4343872070312,283.318603515625,0.0
Tumour epithelial (proliferative),801.8240966796875,269.2380676269531,0.0
Tumour epithelial (proliferative),813.2386474609375,260.8999328613281,0.0
Tumour epithelial,796.0770263671875,268.17547607421875,0.0
Tumour epithelial,758.248046875,257.5201416015625,0.0
Tumour epithelial,686.0293579101562,299.21923828125,0.0
Tumour epithelial,695.7182006835938,302.0874328613281,0.0
Tumour epithelial,694.8478393554688,334.57611083984375,0.0
Tumour epithelial (proliferative),697.7061157226562,333.67242431640625,0.0
Tumour epithelial,688.5051879882812,337.276611328125,0.0
Tumour epithelial,689.2767333984375,334.8724670410156,0.0
Tumour epithelial,687.2060546875,331.9335632324219,0.0
Tumour epithelial (proliferative),701.7352294921875,331.2091979980469,0.0
Tumour epithelial (proliferative),699.0283813476562,321.5325927734375,0.0
Tumour epithelial,689.69580078125,314.91802978515625,0.0
Tumour epithelial (proliferative),700.1534423828125,314.0177917480469,0.0
Tumour epithelial,690.8317260742188,312.3376770019531,0.0
Tumour epithelial (proliferative),692.1022338867188,290.1429138183594,0.0
Tumour epithelial (proliferative),719.927734375,300.15850830078125,0.0
Tumour epithelial (proliferative),733.0798950195312,295.0151672363281,0.0
Tumour epithelial (proliferative),723.06640625,295.32049560546875,0.0
Tumour epithelial (proliferative),724.5640258789062,292.9819641113281,0.0
Tumour epithelial (proliferative),730.2423095703125,291.58929443359375,0.0
Tumour epithelial (proliferative),731.0753173828125,284.971923828125,0.0
Tumour epithelial (proliferative),723.1278686523438,300.32952880859375,0.0
Tumour epithelial (proliferative),732.952392578125,305.34429931640625,0.0
Tumour epithelial (proliferative),713.8304443359375,303.6383361816406,0.0
Tumour epithelial (proliferative),712.3577880859375,325.3246154785156,2.8591888
Tumour epithelial (proliferative),716.5657348632812,326.3512878417969,0.0
Tumour epithelial (proliferative),711.1986694335938,330.637939453125,0.0
Tumour epithelial (proliferative),716.7052001953125,338.8603515625,0.0
Tumour epithelial,702.146728515625,345.3120422363281,0.0
Tumour epithelial (proliferative),719.77197265625,342.3490905761719,0.0
Tumour epithelial (proliferative),713.6512451171875,340.6199951171875,0.0
Tumour epithelial,727.6324462890625,329.2446594238281,0.0
Tumour epithelial,731.868408203125,345.4886474609375,0.0
Tumour epithelial (proliferative),724.20751953125,334.0164489746094,0.0
Tumour epithelial (proliferative),732.2599487304688,313.67303466796875,0.0
Tumour epithelial (proliferative),708.3688354492188,323.8503723144531,0.0
Tumour epithelial (proliferative),704.156005859375,326.23052978515625,0.0
Tumour epithelial (proliferative),706.0635375976562,318.9386291503906,2.8272102
Tumour epithelial (proliferative),721.0535278320312,324.9530944824219,0.0
Tumour epithelial (proliferative),723.4132080078125,309.9855041503906,0.0
Tumour epithelial (proliferative),730.0755004882812,314.8504943847656,0.0
Tumour epithelial,705.2551879882812,298.8245849609375,0.0
Tumour epithelial (proliferative),707.5332641601562,294.6584777832031,0.0
Tumour epithelial (proliferative),716.3356323242188,312.8002014160156,0.0
Tumour epithelial (proliferative),718.7545166015625,312.0794982910156,0.0
Tumour epithelial (proliferative),716.5602416992188,294.45819091796875,2.711042
Tumour epithelial (proliferative),721.21923828125,286.1934509277344,0.0
Tumour epithelial,703.7869873046875,311.34002685546875,0.0
Tumour epithelial,702.3732299804688,303.2748718261719,0.0
Tumour epithelial (proliferative),885.208740234375,381.0650634765625,0.0
Tumour epithelial (proliferative),882.2596435546875,396.53485107421875,0.0
Tumour epithelial (proliferative),880.1564331054688,390.6346435546875,0.0
Tumour epithelial (proliferative),889.8653564453125,385.18389892578125,0.0
Tumour epithelial (proliferative),893.3630981445312,396.55389404296875,0.0
Tumour epithelial (proliferative),888.1754150390625,381.888427734375,0.0
Tumour epithelial (proliferative),886.130859375,413.99627685546875,0.0
Tumour epithelial (proliferative),889.2070922851562,413.3293151855469,0.0
Tumour epithelial (proliferative),886.042724609375,409.7337341308594,3.0053785
Tumour epithelial (proliferative),894.8765258789062,413.17791748046875,0.0
Tumour epithelial (proliferative),854.0784912109375,376.7479248046875,0.0
Tumour epithelial (proliferative),850.20751953125,395.14434814453125,0.0
Tumour epithelial (proliferative),858.7202758789062,384.8551940917969,0.0
Tumour epithelial (proliferative),860.22216796875,387.3981628417969,0.0
Tumour epithelial (proliferative),859.1473999023438,399.0818786621094,0.0
Tumour epithelial (proliferative),859.2487182617188,390.65142822265625,0.0
Tumour epithelial (proliferative),850.0466918945312,384.9076232910156,0.0
Tumour epithelial (proliferative),920.3770751953125,470.61285400390625,0.0
Tumour epithelial (proliferative),925.9299926757812,469.6950378417969,0.0
Tumour epithelial,945.4500122070312,549.4666748046875,0.0
Tumour epithelial,948.17578125,548.3568725585938,0.0
Tumour epithelial (proliferative),947.9639892578125,550.7611083984375,0.0
Tumour epithelial,950.041748046875,553.8489379882812,0.0
Tumour epithelial,954.845458984375,557.1506958007812,0.0
Tumour epithelial,956.0747680664062,567.19873046875,0.0
Tumour epithelial,947.1796875,566.4226684570312,0.0
Tumour epithelial,947.1484375,558.5159912109375,0.0
Tumour epithelial (proliferative),933.8692626953125,523.4229125976562,3.229691
Tumour epithelial,952.9778442382812,538.6325073242188,0.0
Tumour epithelial,950.257080078125,540.068359375,0.0
Tumour epithelial (proliferative),951.8331909179688,532.4393310546875,0.0
Tumour epithelial (proliferative),949.5752563476562,531.6182861328125,0.0
Tumour epithelial,951.893798828125,524.0637817382812,0.0
Tumour epithelial (proliferative),953.9539184570312,515.5228881835938,0.0
Tumour epithelial,951.362548828125,507.634765625,0.0
Tumour epithelial,950.8618774414062,488.11993408203125,0.0
Tumour epithelial (proliferative),921.2802734375,489.4045715332031,0.0
Tumour epithelial (proliferative),933.6127319335938,398.4864807128906,0.0
Tumour epithelial (proliferative),939.3543090820312,400.7253723144531,0.0
Tumour epithelial (proliferative),929.0072021484375,405.0345153808594,0.0
Tumour epithelial (proliferative),925.3037719726562,408.0953674316406,0.0
Tumour epithelial (proliferative),927.2965087890625,424.5909729003906,0.0
Tumour epithelial,934.8634643554688,427.9746398925781,0.0
Tumour epithelial (proliferative),924.4723510742188,427.6078186035156,0.0
Tumour epithelial (proliferative),930.8860473632812,413.4406433105469,0.0
Tumour epithelial (proliferative),927.6812133789062,417.3831481933594,0.0
Tumour epithelial (proliferative),927.6173095703125,408.3904724121094,0.0
Tumour epithelial (proliferative),926.3798828125,411.771484375,0.0
Tumour epithelial,924.6055908203125,447.54803466796875,0.0
Tumour epithelial (proliferative),929.6354370117188,446.7791442871094,0.0
Tumour epithelial (proliferative),932.7216796875,447.27862548828125,0.0
Tumour epithelial (proliferative),926.1649780273438,461.9669189453125,0.0
Tumour epithelial (proliferative),931.6118774414062,456.08514404296875,0.0
Tumour epithelial,936.6862182617188,438.4880676269531,0.0
Tumour epithelial (proliferative),920.3892822265625,444.00225830078125,0.0
Tumour epithelial,924.6441040039062,441.6482238769531,0.0
Tumour epithelial (proliferative),927.7304077148438,443.4524841308594,0.0
Tumour epithelial (proliferative),921.84912109375,440.845947265625,0.0
Tumour epithelial (proliferative),924.41943359375,429.725830078125,0.0
Tumour epithelial (proliferative),925.8572387695312,433.34149169921875,0.0
Tumour epithelial (proliferative),920.53125,432.980224609375,0.0
Tumour epithelial (proliferative),930.7202758789062,431.5078430175781,0.0
Tumour epithelial (proliferative),892.966552734375,422.587158203125,0.0
Tumour epithelial (proliferative),901.6965942382812,438.6700134277344,0.0
Tumour epithelial (proliferative),893.9594116210938,436.4364013671875,0.0
Tumour epithelial (proliferative),895.1824340820312,447.86883544921875,0.0
Tumour epithelial (proliferative),900.343017578125,450.8299255371093,0.0
Tumour epithelial,896.1859741210938,491.20123291015625,0.0
Tumour epithelial,898.6932373046875,481.258544921875,0.0
Tumour epithelial (proliferative),902.0984497070312,465.6076965332031,0.0
Tumour epithelial (proliferative),903.528564453125,468.8951721191406,0.0
Tumour epithelial (proliferative),902.1124267578125,455.2142333984375,0.0
Tumour epithelial (proliferative),891.0576782226562,458.4715576171875,0.0
Tumour epithelial (proliferative),897.4735717773438,456.8143005371093,0.0
Tumour epithelial (proliferative),910.7490844726562,462.3903503417969,0.0
Tumour epithelial (proliferative),914.1841430664062,457.0022277832031,0.0
Tumour epithelial (proliferative),915.2266235351562,477.0209045410156,0.0
Tumour epithelial,909.5800170898438,481.5919494628906,0.0
Tumour epithelial,907.7788696289062,473.73077392578125,0.0
Tumour epithelial,908.7037963867188,472.72100830078125,0.0
Tumour epithelial (proliferative),917.6541748046875,467.1724853515625,0.0
Tumour epithelial (proliferative),904.1229858398438,464.82232666015625,0.0
Tumour epithelial (proliferative),914.6713256835938,428.94610595703125,0.0
Tumour epithelial (proliferative),917.557373046875,432.0354309082031,0.0
Tumour epithelial (proliferative),911.8109741210938,432.86663818359375,0.0
Tumour epithelial,911.2200317382812,447.30010986328125,0.0
Tumour epithelial (proliferative),914.720703125,450.6106262207031,0.0
Tumour epithelial (proliferative),914.99267578125,444.75079345703125,0.0
Tumour epithelial (proliferative),918.1217651367188,449.0907897949219,0.0
Tumour epithelial (proliferative),908.8720703125,441.7506408691406,0.0
Tumour epithelial (proliferative),911.1978759765625,439.8018493652344,0.0
Tumour epithelial (proliferative),905.9269409179688,435.7236328125,0.0
Tumour epithelial (proliferative),905.9039306640625,448.1451721191406,0.0
Tumour epithelial (proliferative),900.4346313476562,403.1748046875,0.0
Tumour epithelial,912.4671630859375,416.5782775878906,0.0
Tumour epithelial (proliferative),912.6649169921875,422.77197265625,0.0
Tumour epithelial (proliferative),915.5811767578125,422.0494079589844,0.0
Tumour epithelial (proliferative),904.4969482421875,419.6231689453125,0.0
Tumour epithelial (proliferative),948.0010375976562,389.6783752441406,0.0
Tumour epithelial (proliferative),933.4855346679688,391.5770568847656,0.0
Tumour epithelial (proliferative),942.90869140625,411.4701843261719,0.0
Tumour epithelial (proliferative),944.1390991210938,404.87823486328125,0.0
Tumour epithelial (proliferative),937.2642822265625,401.7864685058594,0.0
Tumour epithelial (proliferative),942.7330322265625,400.5818176269531,0.0
Tumour epithelial (proliferative),904.97412109375,396.8813171386719,0.0
Tumour epithelial (proliferative),915.4732666015625,397.732421875,0.0
Tumour epithelial (proliferative),905.6805419921875,400.5193786621094,0.0
Tumour epithelial (proliferative),898.432373046875,391.74017333984375,0.0
Tumour epithelial (proliferative),895.0267944335938,397.8426513671875,0.0
Tumour epithelial (proliferative),895.4396362304688,395.4822082519531,0.0
Tumour epithelial (proliferative),931.733154296875,393.7308044433594,0.0
Tumour epithelial (proliferative),920.673583984375,380.6763610839844,0.0
Tumour epithelial (proliferative),918.4523315429688,404.83990478515625,0.0
Tumour epithelial (proliferative),916.785400390625,418.08001708984375,0.0
Tumour epithelial (proliferative),920.8740844726562,416.7398376464844,0.0
Tumour epithelial (proliferative),898.8922729492188,353.1053771972656,0.0
Tumour epithelial (proliferative),904.5848388671875,368.1181945800781,0.0
Tumour epithelial (proliferative),911.7653198242188,366.81719970703125,0.0
Tumour epithelial (proliferative),912.033203125,378.7066345214844,0.0
Tumour epithelial (proliferative),906.6527709960938,372.3144226074219,0.0
Tumour epithelial (proliferative),905.1272583007812,381.6857604980469,0.0
Tumour epithelial (proliferative),909.1648559570312,388.4765625,0.0
Tumour epithelial (proliferative),913.4614868164062,380.510498046875,0.0
Tumour epithelial (proliferative),902.9439697265625,370.3190612792969,0.0
Tumour epithelial (proliferative),899.419677734375,381.57958984375,0.0
Tumour epithelial (proliferative),900.8526611328125,372.3731994628906,0.0
Tumour epithelial (proliferative),938.2470703125,386.1885070800781,0.0
Tumour epithelial (proliferative),944.6569213867188,379.2125549316406,0.0
Tumour epithelial (proliferative),930.9771728515625,378.7257385253906,0.0
Tumour epithelial (proliferative),918.291259765625,379.3614807128906,0.0
Tumour epithelial (proliferative),926.4674682617188,365.0487060546875,0.0
Tumour epithelial (proliferative),931.4199829101562,366.1417236328125,0.0
Tumour epithelial (proliferative),942.784912109375,368.50286865234375,0.0
Tumour epithelial (proliferative),940.9765625,370.262939453125,0.0
Tumour epithelial (proliferative),920.0446166992188,360.764892578125,0.0
Tumour epithelial,941.5855712890625,348.66119384765625,0.0
Tumour epithelial (proliferative),940.0233764648438,354.96759033203125,0.0
Tumour epithelial,605.0767211914062,557.4140625,0.0
Tumour epithelial,600.2286987304688,554.375,0.0
Tumour epithelial,596.7327270507812,540.296630859375,2.9268024
Tumour epithelial,771.2057495117188,530.0524291992188,0.0
Tumour epithelial,807.197021484375,530.6066284179688,0.0
Tumour epithelial,808.3465576171875,554.001220703125,3.2556958
Tumour epithelial,805.8218383789062,544.0851440429688,0.0
Tumour epithelial,809.2483520507812,568.9645385742188,0.0
Tumour epithelial,803.2186279296875,565.5579223632812,0.0
Tumour epithelial,825.2734375,549.6841430664062,2.4465575
Tumour epithelial,824.2748413085938,554.6189575195312,0.0
Tumour epithelial,823.1593017578125,559.4161376953125,0.0
Tumour epithelial,818.0897827148438,552.3923950195312,0.0
Tumour epithelial,813.628662109375,533.7034912109375,0.0
Tumour epithelial,811.5377197265625,538.34912109375,0.0
Tumour epithelial,801.205078125,591.4777221679688,0.0
Tumour epithelial,803.8073120117188,586.9813232421875,0.0
Tumour epithelial,758.3128051757812,558.0430908203125,0.0
Tumour epithelial,780.5509033203125,557.9472045898438,0.0
Tumour epithelial,764.1029052734375,558.5950927734375,0.0
Tumour epithelial,767.30078125,563.0321044921875,0.0
Tumour epithelial,769.8198852539062,547.142822265625,0.0
Tumour epithelial,770.619140625,549.88330078125,0.0
Tumour epithelial,800.4349975585938,567.9439086914062,0.0
Tumour epithelial,800.0245971679688,540.7916259765625,0.0
Tumour epithelial,788.4915161132812,557.0323486328125,3.834037
Tumour epithelial,795.3013305664062,543.9765625,0.0
Tumour epithelial,789.7161865234375,536.9901733398438,0.0
Tumour epithelial,781.5935668945312,540.1123657226562,0.0
Tumour epithelial,795.5405883789062,541.6687622070312,0.0
Tumour epithelial,792.2315673828125,534.5941772460938,0.0
Tumour epithelial,776.6578979492188,589.3163452148438,0.0
Tumour epithelial,838.00439453125,532.7792358398438,0.0
Tumour epithelial,833.339111328125,549.3035888671875,0.0
Tumour epithelial,810.19287109375,562.690185546875,0.0
Tumour epithelial,802.0574340820312,563.1026611328125,0.0
Tumour epithelial,843.2510986328125,595.1576538085938,0.0
Tumour epithelial,886.3458251953125,497.80419921875,0.0
Tumour epithelial,884.795654296875,496.6627197265625,0.0
Tumour epithelial,904.0194091796875,497.1703186035156,0.0
Tumour epithelial,898.5635375976562,510.93115234375,0.0
Tumour epithelial (proliferative),919.0276489257812,529.098388671875,0.0
Tumour epithelial (proliferative),913.7581176757812,518.8472290039062,0.0
Tumour epithelial (proliferative),921.507080078125,518.5751953125,0.0
Tumour epithelial (proliferative),926.7731323242188,522.4461059570312,0.0
Tumour epithelial,907.2861938476562,501.1712646484375,0.0
Tumour epithelial (proliferative),912.3983764648438,515.5103759765625,0.0
Tumour epithelial (proliferative),908.700439453125,519.6371459960938,0.0
Tumour epithelial (proliferative),901.7138061523438,526.009765625,0.0
Tumour epithelial,898.8818969726562,532.9298095703125,0.0
Tumour epithelial,907.433349609375,518.3732299804688,0.0
Tumour epithelial,880.2868041992188,518.6143798828125,0.0
Tumour epithelial,881.1871948242188,532.6150512695312,0.0
Tumour epithelial,879.7642211914062,531.3873291015625,0.0
Tumour epithelial,873.5653076171875,532.1458129882812,0.0
Tumour epithelial (proliferative),889.4989013671875,528.0287475585938,0.0
Tumour epithelial,883.8779296875,528.8572998046875,0.0
Tumour epithelial (proliferative),884.3589477539062,520.127197265625,0.0
Tumour epithelial,888.6232299804688,521.4826049804688,0.0
Tumour epithelial (proliferative),893.5338745117188,520.6213989257812,0.0
Tumour epithelial,856.8878173828125,507.1081237792969,0.0
Tumour epithelial,868.176513671875,518.7454223632812,0.0
Tumour epithelial,849.0403442382812,513.8218994140625,0.0
Tumour epithelial,859.8944702148438,520.9239501953125,0.0
Tumour epithelial,864.6432495117188,525.7893676757812,0.0
Tumour epithelial,905.9578857421875,570.9968872070312,0.0
Tumour epithelial,903.5196533203125,565.4228515625,0.0
Tumour epithelial,907.0671997070312,567.8104248046875,0.0
Tumour epithelial (proliferative),914.5852661132812,571.5027465820312,0.0
Tumour epithelial (proliferative),908.7144775390625,570.9641723632812,0.0
Tumour epithelial,939.40576171875,607.3214721679688,0.0
Tumour epithelial,952.8069458007812,572.3968505859375,0.0
Tumour epithelial,939.3191528320312,577.94873046875,0.0
Tumour epithelial,953.5609741210938,567.5136108398438,0.0
Tumour epithelial,942.6692504882812,574.200927734375,0.0
Tumour epithelial,953.4808959960938,579.0790405273438,0.0
Tumour epithelial,942.818115234375,576.5310668945312,0.0
Tumour epithelial,921.9866943359375,570.6267700195312,0.0
Tumour epithelial,934.206787109375,578.1209106445312,0.0
Tumour epithelial (proliferative),900.8566284179688,535.8767700195312,0.0
Tumour epithelial,899.153076171875,540.0145263671875,0.0
Tumour epithelial (proliferative),942.7674560546875,538.8092651367188,0.0
Tumour epithelial (proliferative),929.5626831054688,539.3449096679688,0.0
Tumour epithelial (proliferative),931.7638549804688,524.5874633789062,0.0
Tumour epithelial (proliferative),922.6040649414062,536.0162963867188,0.0
Tumour epithelial,917.6480712890625,537.7728271484375,0.0
Tumour epithelial,939.4447021484375,564.198486328125,0.0
Tumour epithelial,940.8729248046875,560.5921630859375,0.0
Tumour epithelial,942.3505859375,549.8291625976562,0.0
Tumour epithelial,928.9691772460938,564.1813354492188,0.0
Tumour epithelial (proliferative),925.95458984375,567.1297607421875,0.0
Tumour epithelial (proliferative),923.0858154296875,568.1866455078125,0.0
Tumour epithelial (proliferative),916.374755859375,565.6557006835938,0.0
Tumour epithelial,921.9326171875,559.7586669921875,0.0
Tumour epithelial,914.702880859375,556.3353271484375,0.0
Tumour epithelial,910.40234375,550.9705200195312,0.0
Tumour epithelial (proliferative),915.870361328125,549.52392578125,0.0
Tumour epithelial,911.8486328125,543.6951293945312,0.0
Tumour epithelial,931.8938598632812,555.6302490234375,0.0
Tumour epithelial,922.322021484375,556.229736328125,0.0
Tumour epithelial (proliferative),916.03515625,547.6281127929688,0.0
Tumour epithelial (proliferative),921.2928466796875,547.0338134765625,0.0
Tumour epithelial,895.6036987304688,563.4470825195312,0.0
Tumour epithelial,881.3635864257812,593.8458862304688,0.0
Tumour epithelial,890.918701171875,570.8468627929688,0.0
Tumour epithelial,887.5123901367188,577.0941162109375,0.0
Tumour epithelial,876.7775268554688,562.862060546875,0.0
Tumour epithelial,875.4872436523438,583.6766967773438,2.97665
Tumour epithelial,875.32666015625,578.5695190429688,0.0
Tumour epithelial,875.1901245117188,568.735595703125,0.0
Tumour epithelial,882.0567016601562,606.3886108398438,0.0
Tumour epithelial,871.2987670898438,570.2960205078125,0.0
Tumour epithelial,869.423095703125,575.141357421875,0.0
Tumour epithelial,848.0018310546875,521.2866821289062,0.0
Tumour epithelial,851.2637939453125,536.032958984375,0.0
Tumour epithelial,854.8920288085938,531.6657104492188,0.0
Tumour epithelial,848.3654174804688,550.0735473632812,0.0
Tumour epithelial,859.927734375,547.0949096679688,0.0
Tumour epithelial,874.31396484375,539.0281982421875,0.0
Tumour epithelial,880.8925170898438,540.3389282226562,0.0
Tumour epithelial,891.2431030273438,536.250244140625,0.0
Tumour epithelial,889.72021484375,539.3372802734375,0.0
Tumour epithelial,881.6631469726562,536.568359375,0.0
Tumour epithelial,878.7445678710938,544.7099609375,0.0
Tumour epithelial,879.9757080078125,555.35546875,0.0
Tumour epithelial,881.2769775390625,542.6151733398438,0.0
Tumour epithelial,896.7191162109375,542.0623779296875,2.506445
Tumour epithelial,901.40966796875,557.4837646484375,0.0
Tumour epithelial,897.8255004882812,554.6166381835938,0.0
Tumour epithelial,897.512451171875,548.4102783203125,0.0
Tumour epithelial,891.1426391601562,559.4114379882812,0.0
Tumour epithelial,892.424072265625,552.9837036132812,0.0
Tumour epithelial,883.8519897460938,547.9304809570312,2.8138494
Tumour epithelial,867.2513427734375,520.14990234375,0.0
Tumour epithelial,870.1167602539062,530.5668334960938,0.0
Tumour epithelial,862.6873779296875,552.5520629882812,0.0
Tumour epithelial,864.8448486328125,553.6490478515625,0.0
Tumour epithelial,866.7395629882812,542.6546020507812,0.0
Tumour epithelial,871.878173828125,550.2936401367188,0.0
Tumour epithelial,862.9724731445312,527.5951538085938,3.476551
Tumour epithelial,865.2833251953125,531.2306518554688,0.0
Tumour epithelial,867.056640625,534.6103515625,0.0
Tumour epithelial,865.3010864257812,538.6898193359375,0.0
Tumour epithelial (proliferative),850.6573486328125,366.90936279296875,2.9036927
Tumour epithelial (proliferative),848.7614135742188,371.0458068847656,0.0
Tumour epithelial (proliferative),853.857421875,365.6036682128906,0.0
Tumour epithelial (proliferative),848.1859741210938,366.0450744628906,0.0
Tumour epithelial (proliferative),856.2485961914062,360.1576843261719,2.8732533
Tumour epithelial (proliferative),860.8563842773438,360.6632995605469,0.0
Tumour epithelial (proliferative),849.7059326171875,351.01806640625,2.4484868
Tumour epithelial (proliferative),855.5296630859375,355.29833984375,0.0
Tumour epithelial (proliferative),851.7093505859375,353.2373962402344,0.0
Tumour epithelial (proliferative),852.00146484375,355.3697814941406,0.0
Tumour epithelial (proliferative),893.7095336914062,362.43060302734375,0.0
Tumour epithelial (proliferative),886.9208374023438,379.0129699707031,0.0
Tumour epithelial (proliferative),889.5186767578125,371.2645568847656,0.0
Tumour epithelial (proliferative),891.1588134765625,362.5831604003906,0.0
Tumour epithelial (proliferative),866.0611572265625,352.7712097167969,0.0
Tumour epithelial (proliferative),871.6449584960938,357.43316650390625,0.0
Tumour epithelial (proliferative),870.965087890625,358.9154357910156,0.0
Tumour epithelial (proliferative),888.1697998046875,469.3755798339843,0.0
Tumour epithelial,887.7410888671875,485.03167724609375,0.0
Tumour epithelial,885.9522705078125,488.470703125,0.0
Tumour epithelial,881.9595947265625,484.46868896484375,0.0
Tumour epithelial,872.2118530273438,489.8024597167969,0.0
Tumour epithelial (proliferative),862.4540405273438,473.4781188964843,0.0
Tumour epithelial (proliferative),849.9569091796875,400.44488525390625,0.0
Tumour epithelial (proliferative),847.6222534179688,411.6979064941406,0.0
Tumour epithelial (proliferative),851.6288452148438,405.0523681640625,3.569047
Tumour epithelial (proliferative),851.3605346679688,427.2236022949219,0.0
Tumour epithelial (proliferative),847.8922729492188,421.1297302246094,0.0
Tumour epithelial (proliferative),846.451416015625,414.00872802734375,0.0
Tumour epithelial (proliferative),879.8847045898438,439.55548095703125,0.0
Tumour epithelial (proliferative),873.9515380859375,442.849853515625,0.0
Tumour epithelial (proliferative),887.1167602539062,442.3096923828125,0.0
Tumour epithelial (proliferative),889.6690673828125,439.2832336425781,0.0
Tumour epithelial (proliferative),878.2846069335938,415.31317138671875,0.0
Tumour epithelial (proliferative),884.0113525390625,422.821044921875,0.0
Tumour epithelial (proliferative),882.7645874023438,430.32220458984375,0.0
Tumour epithelial (proliferative),887.0107421875,430.59130859375,0.0
Tumour epithelial (proliferative),887.4751586914062,420.04547119140625,0.0
Tumour epithelial (proliferative),881.747802734375,420.60955810546875,0.0
Tumour epithelial (proliferative),223.30752563476562,311.5874938964844,0.0
Tumour epithelial,229.65289306640625,312.2698669433594,0.0
Tumour epithelial (proliferative),226.6631164550781,329.3222351074219,0.0
Tumour epithelial (proliferative),225.6296081542969,323.1809997558594,0.0
Tumour epithelial (proliferative),237.3202819824219,317.600341796875,0.0
Tumour epithelial (proliferative),234.06089782714844,322.99224853515625,0.0
Tumour epithelial (proliferative),236.651123046875,321.19488525390625,0.0
Tumour epithelial,247.48048400878906,331.2886657714844,0.0
Tumour epithelial (proliferative),244.57798767089844,341.32061767578125,0.0
Tumour epithelial (proliferative),246.34446716308594,336.1347961425781,0.0
Tumour epithelial (proliferative),241.6891784667969,340.666015625,0.0
Tumour epithelial,251.6908416748047,318.9456787109375,0.0
Tumour epithelial,256.1936950683594,311.95062255859375,0.0
Tumour epithelial,256.39068603515625,330.84405517578125,0.0
Tumour epithelial (proliferative),255.40943908691406,326.98016357421875,0.0
Tumour epithelial (proliferative),243.2157745361328,323.61920166015625,0.0
Tumour epithelial,240.53028869628906,331.77398681640625,0.0
Tumour epithelial (proliferative),236.4581298828125,340.6957092285156,0.0
Tumour epithelial (proliferative),231.5875701904297,339.4637451171875,2.8939679
Tumour epithelial,213.9622039794922,344.7028503417969,0.0
Tumour epithelial (proliferative),227.0434112548828,346.7685546875,0.0
Tumour epithelial (proliferative),222.1910400390625,334.498291015625,0.0
Tumour epithelial,265.5602722167969,293.56683349609375,0.0
Tumour epithelial,263.4696960449219,292.4638671875,0.0
Tumour epithelial (proliferative),258.93450927734375,289.60455322265625,0.0
Tumour epithelial,265.4269714355469,302.8622741699219,0.0
Tumour epithelial,279.0641174316406,302.9537658691406,0.0
Tumour epithelial,276.7978515625,293.1090393066406,0.0
Tumour epithelial,281.0487060546875,297.25286865234375,0.0
Tumour epithelial,278.69403076171875,297.8394470214844,0.0
Tumour epithelial,265.7122497558594,296.9733581542969,0.0
Tumour epithelial,252.1411895751953,309.180908203125,0.0
Tumour epithelial,255.94956970214844,306.3351135253906,0.0
Tumour epithelial (proliferative),241.0930633544922,317.638427734375,0.0
Tumour epithelial,246.2455139160156,288.06103515625,0.0
Tumour epithelial,253.6957244873047,299.927978515625,0.0
Tumour epithelial,299.8313293457031,227.12623596191406,0.0
Tumour epithelial,315.66461181640625,232.9616394042969,0.0
Tumour epithelial,308.14849853515625,232.8831481933594,0.0
Tumour epithelial,273.7496032714844,280.5861511230469,0.0
Tumour epithelial (proliferative),237.69744873046875,293.78271484375,0.0
Tumour epithelial,260.6887512207031,281.7697448730469,0.0
Tumour epithelial,261.01641845703125,285.60650634765625,0.0
Tumour epithelial,240.1033172607422,287.7324523925781,0.0
Tumour epithelial,264.8678283691406,272.3675537109375,0.0
Tumour epithelial,259.59039306640625,273.2575988769531,0.0
Tumour epithelial (proliferative),254.30914306640625,341.6941223144531,0.0
Tumour epithelial (proliferative),261.7388610839844,345.77984619140625,0.0
Tumour epithelial,263.0279235839844,343.18878173828125,0.0
Tumour epithelial,269.9339294433594,366.1690368652344,0.0
Tumour epithelial,282.59185791015625,369.8576965332031,0.0
Tumour epithelial,268.49456787109375,373.45037841796875,0.0
Tumour epithelial,281.1116638183594,357.91912841796875,0.0
Tumour epithelial,270.17132568359375,346.01287841796875,0.0
Tumour epithelial,277.2123107910156,321.756591796875,0.0
Tumour epithelial,279.35693359375,332.3634338378906,0.0
Tumour epithelial,266.2631530761719,406.3586730957031,0.0
Tumour epithelial,292.390869140625,329.6199951171875,0.0
Tumour epithelial,279.5770263671875,372.40142822265625,0.0
Tumour epithelial,284.15350341796875,361.4329528808594,0.0
Tumour epithelial,257.60186767578125,300.50830078125,0.0
Tumour epithelial,263.7460021972656,306.73406982421875,0.0
Tumour epithelial,261.1977844238281,311.7591552734375,0.0
Tumour epithelial,281.74432373046875,317.51898193359375,0.0
Tumour epithelial,297.0700988769531,318.9396667480469,0.0
Tumour epithelial,291.16302490234375,324.9041442871094,0.0
Tumour epithelial,283.135498046875,306.4081726074219,0.0
Tumour epithelial,270.13507080078125,310.9449768066406,0.0
Tumour epithelial,296.24334716796875,314.5902099609375,4.157211
Tumour epithelial,285.58660888671875,312.916259765625,0.0
Tumour epithelial,285.3319396972656,308.39959716796875,0.0
Tumour epithelial (proliferative),236.2376403808594,392.9225158691406,0.0
Tumour epithelial,212.98704528808594,479.0812072753906,0.0
Tumour epithelial,202.64907836914062,490.75128173828125,0.0
Tumour epithelial,202.17788696289062,508.465576171875,0.0
Tumour epithelial,210.90948486328125,414.8171081542969,0.0
Tumour epithelial,204.1053924560547,411.80303955078125,0.0
Tumour epithelial,248.3809356689453,375.6653137207031,0.0
Tumour epithelial (proliferative),260.06585693359375,379.3844299316406,0.0
Tumour epithelial (proliferative),246.34446716308594,406.8611755371094,0.0
Tumour epithelial (proliferative),245.9026641845703,418.1801452636719,0.0
Tumour epithelial,263.3019714355469,408.46441650390625,0.0
Tumour epithelial,205.25807189941406,424.5075988769531,0.0
Tumour epithelial,205.5872802734375,434.2574462890625,0.0
Tumour epithelial (proliferative),228.7843017578125,358.05352783203125,0.0
Tumour epithelial (proliferative),238.14373779296875,360.7647399902344,0.0
Tumour epithelial (proliferative),233.9403533935547,354.6767883300781,0.0
Tumour epithelial (proliferative),219.51730346679688,383.5816955566406,0.0
Tumour epithelial (proliferative),226.9959716796875,362.5524597167969,0.0
Tumour epithelial (proliferative),226.70477294921875,368.3128662109375,0.0
Tumour epithelial,221.619140625,352.19970703125,0.0
Tumour epithelial,215.16246032714844,355.036865234375,0.0
Tumour epithelial (proliferative),236.5509948730469,378.7949523925781,0.0
Tumour epithelial (proliferative),237.2535858154297,368.68267822265625,3.2146616
Tumour epithelial,215.65090942382812,389.2657775878906,0.0
Tumour epithelial (proliferative),243.01007080078125,347.94952392578125,0.0
Tumour epithelial (proliferative),241.115966796875,350.5656433105469,2.915173
Tumour epithelial,249.5104217529297,369.32501220703125,0.0
Tumour epithelial,251.1087341308594,368.0076904296875,0.0
Tumour epithelial,261.3501281738281,374.0719299316406,0.0
Tumour epithelial,257.2510986328125,372.1673583984375,0.0
Tumour epithelial,257.9200439453125,361.9713134765625,0.0
Tumour epithelial,257.6189270019531,346.96221923828125,0.0
Tumour epithelial,252.98619079589844,354.6197814941406,0.0
Tumour epithelial (proliferative),248.9921875,346.187255859375,3.356926
Tumour epithelial,362.46673583984375,280.72772216796875,0.0
Tumour epithelial,365.4830322265625,288.56121826171875,0.0
Tumour epithelial,361.58990478515625,338.0783386230469,0.0
Tumour epithelial,362.5854797363281,353.1302795410156,0.0
Tumour epithelial,372.4012451171875,313.61114501953125,0.0
Tumour epithelial,358.8519287109375,298.83111572265625,0.0
Tumour epithelial,366.48016357421875,304.5444641113281,0.0
Tumour epithelial,372.1083984375,302.4998474121094,0.0
Tumour epithelial,393.9734191894531,360.7237854003906,0.0
Tumour epithelial,399.1767578125,351.11029052734375,0.0
Tumour epithelial,396.41363525390625,327.1098937988281,0.0
Tumour epithelial,400.11798095703125,319.9932861328125,2.743088
Tumour epithelial,402.42498779296875,327.20294189453125,1.839121
Tumour epithelial,399.6827697753906,277.9060363769531,0.0
Tumour epithelial,402.9252624511719,312.59649658203125,0.0
Tumour epithelial,404.6338195800781,314.9266357421875,0.0
Tumour epithelial,400.49847412109375,297.741455078125,2.4829838
Tumour epithelial,403.7045593261719,396.5790100097656,0.0
Tumour epithelial,396.5359802246094,402.50384521484375,0.0
Tumour epithelial,397.57440185546875,396.0809631347656,2.5564988
Tumour epithelial,375.0111389160156,411.91754150390625,0.0
Tumour epithelial,371.4004211425781,414.05438232421875,0.0
Tumour epithelial,372.9026184082031,404.9085388183594,0.0
Tumour epithelial,371.25030517578125,409.9476318359375,0.0
Tumour epithelial,359.2832946777344,395.4721984863281,0.0
Tumour epithelial,329.96844482421875,394.585693359375,0.0
Tumour epithelial,328.6728210449219,404.1702880859375,0.0
Tumour epithelial,350.5694274902344,408.3369445800781,0.0
Tumour epithelial,341.90771484375,407.2001647949219,3.11994
Tumour epithelial,344.5809020996094,402.4039306640625,0.0
Tumour epithelial,339.54302978515625,404.9874267578125,0.0
Tumour epithelial,336.5448913574219,413.3431091308594,0.0
Tumour epithelial,335.5074768066406,401.0068359375,0.0
Tumour epithelial,340.15087890625,416.0632019042969,0.0
Tumour epithelial,350.6347961425781,405.57196044921875,0.0
Tumour epithelial,354.5550537109375,405.68597412109375,0.0
Tumour epithelial,414.3518371582031,360.1424865722656,0.0
Tumour epithelial,400.3801574707031,431.5997314453125,0.0
Tumour epithelial,413.69317626953125,417.8363037109375,0.0
Tumour epithelial,418.0126037597656,387.72564697265625,0.0
Tumour epithelial,382.73486328125,393.9524841308594,0.0
Tumour epithelial,374.2282409667969,397.8995056152344,0.0
Tumour epithelial,378.8572692871094,392.7521667480469,0.0
Tumour epithelial,376.63916015625,423.46337890625,0.0
Tumour epithelial,385.8558044433594,404.1396179199219,0.0
Tumour epithelial,393.8073425292969,402.31463623046875,0.0
Tumour epithelial,397.2791748046875,375.7616882324219,0.0
Tumour epithelial,393.9853210449219,391.41839599609375,0.0
Tumour epithelial,382.67352294921875,386.76409912109375,0.0
Tumour epithelial (proliferative),355.1600036621094,297.5245666503906,0.0
Tumour epithelial,353.277587890625,312.80987548828125,0.0
Tumour epithelial (proliferative),347.25048828125,342.18450927734375,0.0
Tumour epithelial,357.3438415527344,336.0713806152344,0.0
Tumour epithelial,360.5790100097656,329.08245849609375,0.0
Tumour epithelial,348.163818359375,366.9969482421875,0.0
Tumour epithelial,338.76629638671875,386.4762878417969,0.0
Tumour epithelial,335.58331298828125,387.4278869628906,0.0
Tumour epithelial,336.5682067871094,383.02691650390625,0.0
Tumour epithelial,352.3171081542969,383.275634765625,0.0
Tumour epithelial,335.6015930175781,377.1671447753906,0.0
Tumour epithelial,346.9202575683594,374.8543701171875,0.0
Tumour epithelial (proliferative),349.6222839355469,347.9485778808594,0.0
Tumour epithelial,342.55523681640625,354.1278991699219,0.0
Tumour epithelial,184.30401611328125,532.9407348632812,0.0
Tumour epithelial,149.72361755371094,562.0970458984375,0.0
Tumour epithelial,154.8907470703125,613.0786743164062,0.0
Tumour epithelial,159.82997131347656,596.2105712890625,0.0
Tumour epithelial,154.9862823486328,591.2081909179688,0.0
Tumour epithelial,147.7484130859375,608.5523071289062,0.0
Tumour epithelial (proliferative),146.94432067871094,588.0418090820312,0.0
Tumour epithelial,152.96722412109375,583.8890991210938,2.510592
Tumour epithelial,155.28854370117188,565.6580200195312,2.7045107
Tumour epithelial,157.11669921875,610.718017578125,0.0
Tumour epithelial,138.1939697265625,611.5393676757812,0.0
Tumour epithelial (proliferative),135.7698516845703,614.2826538085938,0.0
Tumour epithelial,142.13284301757812,575.892333984375,0.0
Tumour epithelial,128.87245178222656,570.4033203125,0.0
Tumour epithelial (proliferative),141.04376220703125,642.114501953125,2.8227344
Tumour epithelial (proliferative),144.46888732910156,643.9931640625,2.6700616
Tumour epithelial (proliferative),147.2265167236328,640.1255493164062,0.0
Tumour epithelial (proliferative),143.06907653808594,653.9638671875,0.0
Tumour epithelial (proliferative),149.5214385986328,651.9854736328125,0.0
Tumour epithelial (proliferative),125.20944213867188,642.8864135742188,0.0
Tumour epithelial (proliferative),127.5990447998047,656.2341918945312,0.0
Tumour epithelial (proliferative),131.3789825439453,651.601318359375,0.0
Tumour epithelial (proliferative),134.67105102539062,637.2135620117188,0.0
Tumour epithelial (proliferative),125.09673309326172,634.8297729492188,0.0
Tumour epithelial (proliferative),127.3188934326172,628.6547241210938,0.0
Tumour epithelial (proliferative),142.65469360351562,628.5269165039062,0.0
Tumour epithelial,140.8824462890625,630.3827514648438,0.0
Tumour epithelial (proliferative),134.72816467285156,633.7993774414062,0.0
Tumour epithelial,127.02532958984375,617.1508178710938,0.0
Tumour epithelial (proliferative),132.1115264892578,619.9083251953125,0.0
Tumour epithelial,147.90164184570312,526.630615234375,0.0
Tumour epithelial (proliferative),147.67726135253906,552.7178955078125,0.0
Tumour epithelial,133.417236328125,546.1736450195312,0.0
Tumour epithelial (proliferative),125.7472152709961,645.0420532226562,0.0
Tumour epithelial (proliferative),129.08233642578125,626.514892578125,0.0
Tumour epithelial (proliferative),136.10235595703125,658.6915283203125,0.0
Tumour epithelial (proliferative),138.3357696533203,652.17724609375,0.0
Tumour epithelial (proliferative),134.1810760498047,627.950927734375,0.0
Tumour epithelial (proliferative),136.58673095703125,640.5376586914062,0.0
Tumour epithelial (proliferative),135.24546813964844,665.76708984375,0.0
Tumour epithelial (proliferative),135.53759765625,580.0646362304688,0.0
Tumour epithelial,131.20443725585938,588.4099731445312,0.0
Tumour epithelial (proliferative),137.17178344726562,701.17529296875,0.0
Tumour epithelial (proliferative),134.24392700195312,698.1235961914062,0.0
Tumour epithelial (proliferative),129.79278564453125,692.3187866210938,0.0
Tumour epithelial (proliferative),133.2621612548828,685.1510620117188,0.0
Tumour epithelial (proliferative),139.91712951660156,690.7489013671875,0.0
Tumour epithelial (proliferative),186.8537139892578,849.7030639648438,0.0
Tumour epithelial (proliferative),190.79298400878906,871.7156982421875,0.0
Tumour epithelial (proliferative),200.93362426757812,878.1452026367188,0.0
Tumour epithelial (proliferative),192.16879272460938,873.5128173828125,0.0
Tumour epithelial (proliferative),191.52450561523438,864.2565307617188,0.0
Tumour epithelial,195.2579803466797,913.447021484375,0.0
Tumour epithelial (proliferative),196.47276306152344,889.71728515625,0.0
Tumour epithelial (proliferative),188.12745666503906,896.2028198242188,0.0
Tumour epithelial,178.6537322998047,928.6614379882812,0.0
Tumour epithelial,189.01573181152344,919.752197265625,0.0
Tumour epithelial (proliferative),175.58018493652344,893.3373413085938,4.1696725
Tumour epithelial (proliferative),178.6139678955078,871.6987915039062,0.0
Tumour epithelial (proliferative),173.85006713867188,842.2470092773438,0.0
Tumour epithelial,106.9180908203125,1090.7445068359375,0.0
Tumour epithelial,121.25704956054688,1065.1875,0.0
Tumour epithelial,104.12247467041016,1078.618408203125,0.0
Tumour epithelial,181.3000946044922,1121.33740234375,0.0
Tumour epithelial,165.29173278808594,1090.90234375,3.0483398
Tumour epithelial,154.90757751464844,1094.873291015625,0.0
Tumour epithelial,160.43746948242188,1082.5994873046875,0.0
Tumour epithelial,154.81422424316406,1082.9652099609375,0.0
Tumour epithelial,154.34298706054688,1088.102783203125,0.0
Tumour epithelial,172.59629821777344,1084.7606201171875,0.0
Tumour epithelial,130.5613555908203,1069.498779296875,0.0
Tumour epithelial,141.90667724609375,1069.925048828125,0.0
Tumour epithelial,136.17242431640625,1072.396240234375,2.9819677
Tumour epithelial,136.6259002685547,1079.2779541015625,0.0
Tumour epithelial (proliferative),108.68936157226562,1066.364501953125,0.0
Tumour epithelial,108.93386840820312,935.2849731445312,0.0
Tumour epithelial,88.35452270507812,1089.348388671875,0.0
Tumour epithelial (proliferative),166.5270233154297,842.8582153320312,0.0
Tumour epithelial (proliferative),159.21412658691406,910.2919311523438,0.0
Tumour epithelial,172.82229614257812,931.3419799804688,0.0
Tumour epithelial (proliferative),149.87686157226562,888.8593139648438,0.0
Tumour epithelial (proliferative),167.8469696044922,904.5582885742188,0.0
Tumour epithelial (proliferative),150.2528533935547,896.6473999023438,0.0
Tumour epithelial,156.92755126953125,892.5310668945312,0.0
Tumour epithelial (proliferative),160.29293823242188,888.2285766601562,0.0
Tumour epithelial,149.92108154296875,931.8900146484375,0.0
Tumour epithelial (proliferative),145.23464965820312,887.498779296875,0.0
Tumour epithelial (proliferative),145.88412475585938,890.7822875976562,0.0
Tumour epithelial (proliferative),130.37542724609375,893.8375854492188,0.0
Tumour epithelial (proliferative),133.52174377441406,891.1066284179688,0.0
Tumour epithelial (proliferative),146.64939880371094,884.5755615234375,0.0
Tumour epithelial (proliferative),137.13063049316406,877.3038940429688,0.0
Tumour epithelial (proliferative),125.84463500976562,881.8594360351562,0.0
Tumour epithelial (proliferative),127.24702453613283,876.8161010742188,0.0
Tumour epithelial (proliferative),123.6709976196289,763.19287109375,0.0
Tumour epithelial,100.0676040649414,770.5372314453125,0.0
Tumour epithelial,99.00891876220703,772.4959106445312,0.0
Tumour epithelial,104.07589721679688,835.4676513671875,0.0
Tumour epithelial (proliferative),199.30233764648438,777.9630737304688,0.0
Tumour epithelial (proliferative),181.09727478027344,773.7071533203125,0.0
Tumour epithelial (proliferative),185.4970245361328,773.9862060546875,0.0
Tumour epithelial (proliferative),177.4741668701172,777.8087158203125,0.0
Tumour epithelial (proliferative),190.4844207763672,797.9954833984375,0.0
Tumour epithelial (proliferative),194.93467712402344,812.7005615234375,0.0
Tumour epithelial (proliferative),201.29202270507812,807.8781127929688,0.0
Tumour epithelial (proliferative),173.88372802734375,782.6272583007812,0.0
Tumour epithelial (proliferative),177.9483642578125,798.6825561523438,0.0
Tumour epithelial (proliferative),184.02337646484375,780.1654663085938,0.0
Tumour epithelial (proliferative),184.04562377929688,788.258056640625,0.0
Tumour epithelial (proliferative),184.61778259277344,790.87109375,0.0
Tumour epithelial (proliferative),141.37966918945312,787.563720703125,0.0
Tumour epithelial (proliferative),132.31219482421875,782.3994750976562,0.0
Tumour epithelial (proliferative),160.0029296875,821.1447143554688,0.0
Tumour epithelial (proliferative),265.3997802734375,785.7498779296875,0.0
Tumour epithelial (proliferative),265.54339599609375,782.676513671875,0.0
Tumour epithelial (proliferative),229.1098175048828,759.4051513671875,0.0
Tumour epithelial (proliferative),217.68553161621094,766.655517578125,0.0
Tumour epithelial (proliferative),217.30413818359375,770.905029296875,0.0
Tumour epithelial (proliferative),210.17050170898438,770.9805297851562,0.0
Tumour epithelial (proliferative),228.2410583496094,767.7769775390625,0.0
Tumour epithelial (proliferative),135.7985076904297,676.9786376953125,0.0
Tumour epithelial (proliferative),130.18441772460938,672.1771850585938,0.0
Tumour epithelial (proliferative),140.8726806640625,663.6840209960938,0.0
Tumour epithelial (proliferative),143.2574462890625,662.2481689453125,0.0
Tumour epithelial (proliferative),141.66958618164062,666.969482421875,2.1174526
Tumour epithelial (proliferative),141.2009735107422,672.5123291015625,0.0
Tumour epithelial (proliferative),145.25872802734375,683.0252685546875,0.0
Tumour epithelial (proliferative),151.14669799804688,678.1586303710938,0.0
Tumour epithelial (proliferative),138.0138702392578,683.673828125,0.0
Tumour epithelial (proliferative),165.83575439453125,716.8464965820312,0.0
Tumour epithelial (proliferative),161.8267364501953,717.6198120117188,0.0
Tumour epithelial (proliferative),170.1895294189453,721.0899658203125,0.0
Tumour epithelial (proliferative),171.5553436279297,724.5364379882812,2.62141
Tumour epithelial (proliferative),149.5638885498047,696.6250610351562,0.0
Tumour epithelial (proliferative),145.61874389648438,686.8441772460938,0.0
Tumour epithelial (proliferative),155.24005126953125,720.7609252929688,0.0
Tumour epithelial (proliferative),159.13978576660156,711.524658203125,0.0
Tumour epithelial (proliferative),126.7034683227539,752.4063110351562,0.0
Tumour epithelial (proliferative),128.04196166992188,749.1560668945312,0.0
Tumour epithelial (proliferative),114.09503173828125,755.2315673828125,0.0
Tumour epithelial (proliferative),127.9515151977539,747.0479736328125,0.0
Tumour epithelial (proliferative),151.7075653076172,724.9647827148438,0.0
Tumour epithelial (proliferative),169.7655792236328,746.5950927734375,0.0
Tumour epithelial,135.88331604003906,739.8786010742188,0.0
Tumour epithelial (proliferative),138.0488739013672,743.1784057617188,0.0
Tumour epithelial (proliferative),156.4156494140625,735.0567016601562,0.0
Tumour epithelial (proliferative),153.35047912597656,727.8147583007812,0.0
Tumour epithelial (proliferative),133.64169311523438,755.4600219726562,0.0
Tumour epithelial (proliferative),132.56756591796875,752.9810791015625,0.0
Tumour epithelial (proliferative),150.38124084472656,772.35693359375,0.0
Tumour epithelial (proliferative),152.4608917236328,773.4197387695312,0.0
Tumour epithelial (proliferative),140.28158569335938,750.0469360351562,3.1158116
Tumour epithelial (proliferative),148.45193481445312,752.9156494140625,0.0
Tumour epithelial (proliferative),146.59193420410156,698.0633544921875,0.0
Tumour epithelial (proliferative),145.16720581054688,703.6866455078125,0.0
Tumour epithelial (proliferative),149.99440002441406,708.6734008789062,0.0
Tumour epithelial (proliferative),142.36154174804688,702.4435424804688,0.0
Tumour epithelial (proliferative),137.29721069335938,703.8599853515625,0.0
Tumour epithelial (proliferative),140.8944549560547,718.544677734375,0.0
Tumour epithelial (proliferative),146.8629913330078,720.4354858398438,0.0
Tumour epithelial (proliferative),138.2704315185547,714.4667358398438,0.0
Tumour epithelial (proliferative),151.37692260742188,711.8700561523438,0.0
Tumour epithelial (proliferative),197.90098571777344,749.7178955078125,0.0
Tumour epithelial (proliferative),203.693603515625,748.4155883789062,2.5653186
Tumour epithelial (proliferative),205.70889282226562,753.0706176757812,0.0
Tumour epithelial (proliferative),209.74705505371094,808.9917602539062,0.0
Tumour epithelial (proliferative),202.76898193359375,771.1624755859375,0.0
Tumour epithelial (proliferative),206.35980224609375,773.8948974609375,0.0
Tumour epithelial (proliferative),200.51573181152344,757.4132080078125,0.0
Tumour epithelial (proliferative),204.2427978515625,764.9819946289062,2.8212473
Tumour epithelial (proliferative),197.91552734375,736.7732543945312,0.0
Tumour epithelial (proliferative),197.57460021972656,739.599365234375,0.0
Tumour epithelial,182.4022216796875,723.583740234375,0.0
Tumour epithelial (proliferative),192.73818969726562,730.5579223632812,0.0
Tumour epithelial (proliferative),179.4679718017578,749.9489135742188,0.0
Tumour epithelial (proliferative),193.47650146484375,759.0296020507812,0.0
Tumour epithelial (proliferative),195.00343322753906,731.3494873046875,0.0
Tumour epithelial (proliferative),191.9261016845703,734.446044921875,0.0
Tumour epithelial (proliferative),189.84315490722656,751.2101440429688,0.0
Tumour epithelial (proliferative),181.6778106689453,738.0623168945312,0.0
Tumour epithelial,198.14556884765625,428.8635559082031,0.0
Tumour epithelial,235.2283020019531,446.283935546875,0.0
Tumour epithelial,230.7751159667969,449.73406982421875,0.0
Tumour epithelial,238.9331970214844,435.5236511230469,0.0
Tumour epithelial,230.3212127685547,433.958740234375,0.0
Tumour epithelial,185.71934509277344,472.0650939941406,0.0
Tumour epithelial,193.0589599609375,484.51812744140625,0.0
Tumour epithelial,195.2626190185547,496.34765625,0.0
Tumour epithelial,189.17543029785156,504.68206787109375,0.0
Tumour epithelial,180.3450164794922,491.47161865234375,4.5955157
Tumour epithelial,184.32656860351562,513.7020874023438,0.0
Tumour epithelial,179.35865783691406,515.9239501953125,0.0
Tumour epithelial,198.01654052734375,511.3982238769531,0.0
Tumour epithelial,175.4127960205078,519.02099609375,0.0
Tumour epithelial (proliferative),153.13877868652344,538.4028930664062,0.0
Tumour epithelial (proliferative),154.08226013183594,556.9600219726562,0.0
Tumour epithelial (proliferative),150.19769287109375,548.664306640625,0.0
Tumour epithelial (proliferative),162.96510314941406,548.4349365234375,2.1383035
Tumour epithelial (proliferative),818.6058349609375,383.6885986328125,0.0
Tumour epithelial (proliferative),828.4783325195312,384.4021301269531,0.0
Tumour epithelial (proliferative),825.7852172851562,379.51593017578125,0.0
Tumour epithelial (proliferative),824.1423950195312,388.406494140625,0.0
Tumour epithelial (proliferative),810.9500122070312,384.4739685058594,2.9020646
Tumour epithelial (proliferative),839.678955078125,379.3304748535156,0.0
Tumour epithelial (proliferative),838.2297973632812,390.339111328125,0.0
Tumour epithelial,805.8773193359375,400.2547607421875,0.0
Tumour epithelial,816.5616455078125,408.3758544921875,0.0
Tumour epithelial,815.149169921875,417.0820007324219,0.0
Tumour epithelial,813.4315795898438,415.88641357421875,0.0
Tumour epithelial,808.3643798828125,390.24005126953125,0.0
Tumour epithelial,808.0217895507812,397.6374206542969,0.0
Tumour epithelial (proliferative),831.0286254882812,404.6681213378906,0.0
Tumour epithelial (proliferative),841.5665893554688,402.289306640625,0.0
Tumour epithelial (proliferative),829.8797607421875,393.390380859375,0.0
Tumour epithelial (proliferative),836.147705078125,399.24066162109375,0.0
Tumour epithelial (proliferative),825.973388671875,393.4642639160156,0.0
Tumour epithelial (proliferative),833.3895874023438,401.2267150878906,0.0
Tumour epithelial,821.5404663085938,390.66998291015625,0.0
Tumour epithelial,790.2659301757812,390.5287780761719,0.0
Tumour epithelial,802.4013061523438,412.0681457519531,0.0
Tumour epithelial,800.5951538085938,405.67254638671875,2.451389
Tumour epithelial,794.6376953125,402.1410217285156,0.0
Tumour epithelial,803.5167846679688,400.968505859375,0.0
Tumour epithelial,800.4088134765625,397.7804870605469,0.0
Tumour epithelial,803.5149536132812,392.11962890625,0.0
Tumour epithelial,808.29443359375,448.0115051269531,0.0
Tumour epithelial,807.1712646484375,438.4783020019531,0.0
Tumour epithelial,806.2540283203125,426.7419128417969,0.0
Tumour epithelial,821.2754516601562,416.61865234375,0.0
Tumour epithelial,798.5531616210938,437.84979248046875,0.0
Tumour epithelial,806.3485717773438,450.0439453125,0.0
Tumour epithelial,799.7145385742188,456.5304260253906,0.0
Tumour epithelial,839.1732177734375,426.60479736328125,0.0
Tumour epithelial (proliferative),839.7601928710938,424.8812255859375,0.0
Tumour epithelial (proliferative),840.2800903320312,434.84033203125,0.0
Tumour epithelial,825.97412109375,441.1220397949219,0.0
Tumour epithelial,828.3787841796875,436.61505126953125,0.0
Tumour epithelial (proliferative),856.3858642578125,307.192138671875,0.0
Tumour epithelial,854.9091796875,315.5148620605469,0.0
Tumour epithelial (proliferative),854.5888671875,320.7683410644531,0.0
Tumour epithelial (proliferative),843.5014038085938,393.89544677734375,0.0
Tumour epithelial (proliferative),843.0664672851562,408.480224609375,0.0
Tumour epithelial (proliferative),859.62744140625,349.4333801269531,0.0
Tumour epithelial (proliferative),843.1781616210938,348.7698974609375,0.0
Tumour epithelial (proliferative),844.40234375,363.5194396972656,3.4148295
Tumour epithelial (proliferative),851.9771118164062,345.86151123046875,0.0
Tumour epithelial (proliferative),870.6346435546875,339.9546813964844,0.0
Tumour epithelial (proliferative),858.8108520507812,337.4370422363281,0.0
Tumour epithelial (proliferative),870.807373046875,456.9228515625,0.0
Tumour epithelial (proliferative),872.814208984375,348.6107177734375,0.0
Tumour epithelial (proliferative),864.2718505859375,348.2303466796875,0.0
Tumour epithelial,811.4088134765625,371.61920166015625,0.0
Tumour epithelial (proliferative),821.4654541015625,368.37939453125,0.0
Tumour epithelial (proliferative),822.5803833007812,363.4948425292969,0.0
Tumour epithelial (proliferative),815.2374267578125,374.1435241699219,0.0
Tumour epithelial (proliferative),819.0416870117188,366.8362731933594,0.0
Tumour epithelial (proliferative),816.1666259765625,346.6413879394531,0.0
Tumour epithelial (proliferative),830.0169067382812,347.2308349609375,0.0
Tumour epithelial (proliferative),831.020263671875,350.50030517578125,0.0
Tumour epithelial (proliferative),828.1448364257812,352.6232604980469,0.0
Tumour epithelial (proliferative),821.0087890625,347.22113037109375,0.0
Tumour epithelial (proliferative),830.3112182617188,362.9771423339844,0.0
Tumour epithelial (proliferative),837.9498291015625,359.8973388671875,0.0
Tumour epithelial (proliferative),839.9501953125,370.32940673828125,0.0
Tumour epithelial (proliferative),833.1452026367188,367.2218933105469,0.0
Tumour epithelial (proliferative),836.604248046875,351.5836181640625,0.0
Tumour epithelial (proliferative),840.505615234375,349.4975891113281,0.0
Tumour epithelial,825.6458129882812,365.6597595214844,0.0
Tumour epithelial (proliferative),839.4371948242188,376.8863220214844,0.0
Tumour epithelial (proliferative),825.7855224609375,372.99957275390625,0.0
Tumour epithelial,820.8901977539062,355.83477783203125,0.0
Tumour epithelial (proliferative),826.1614379882812,358.2716979980469,0.0
Tumour epithelial,835.1748046875,358.42578125,0.0
Tumour epithelial,780.0230712890625,503.5802307128906,0.0
Tumour epithelial,779.6113891601562,507.1421203613281,0.0
Tumour epithelial,782.7127685546875,507.39923095703125,3.2799878
Tumour epithelial,790.421630859375,512.8197631835938,2.4350743
Tumour epithelial,787.152099609375,525.65966796875,0.0
Tumour epithelial,782.8438720703125,515.763427734375,0.0
Tumour epithelial,785.89892578125,502.5654296875,0.0
Tumour epithelial,787.9716796875,500.25701904296875,0.0
Tumour epithelial,792.2088012695312,473.1771240234375,0.0
Tumour epithelial,832.5160522460938,518.1461181640625,2.8453426
Tumour epithelial,839.1821899414062,512.634033203125,0.0
Tumour epithelial,839.0736694335938,529.2954711914062,0.0
Tumour epithelial,836.4005737304688,521.19873046875,0.0
Tumour epithelial,795.3809204101562,523.7354736328125,0.0
Tumour epithelial,807.8858642578125,525.1224365234375,0.0
Tumour epithelial,813.5931396484375,525.746826171875,0.0
Tumour epithelial,813.271728515625,519.02880859375,0.0
Tumour epithelial,802.9812622070312,496.75274658203125,3.0874224
Tumour epithelial,809.3555297851562,463.8114013671875,0.0
Tumour epithelial,821.587646484375,473.815673828125,0.0
Tumour epithelial,813.2078247070312,479.356689453125,0.0
Tumour epithelial,794.8301391601562,490.8111877441406,0.0
Tumour epithelial,797.2108154296875,470.4082336425781,0.0
Tumour epithelial,705.9443969726562,383.586669921875,0.0
Tumour epithelial,710.5943603515625,351.04913330078125,0.0
Tumour epithelial,707.5315551757812,364.353271484375,0.0
Tumour epithelial (proliferative),715.8519287109375,352.69268798828125,0.0
Tumour epithelial,710.401123046875,357.12152099609375,0.0
Tumour epithelial (proliferative),601.674560546875,397.9770202636719,0.0
Tumour epithelial,599.8538818359375,451.48822021484375,0.0
Tumour epithelial,593.43212890625,401.8849182128906,0.0
Tumour epithelial,593.9256591796875,418.7444763183594,3.8208473
Tumour epithelial,600.757568359375,484.348876953125,0.0
Tumour epithelial,613.1517944335938,523.571044921875,0.0
Tumour epithelial,605.3828125,503.3930969238281,0.0
Tumour epithelial,607.611083984375,502.5088806152343,0.0
Tumour epithelial,590.648681640625,496.1519775390625,0.0
Tumour epithelial,603.7775268554688,477.14324951171875,0.0
Tumour epithelial,596.41455078125,474.2073059082031,0.0
Tumour epithelial,583.9199829101562,466.5660705566406,0.0
Tumour epithelial,572.5443725585938,515.4631958007812,0.0
Tumour epithelial,574.0938110351562,511.4950256347656,0.0
Tumour epithelial (proliferative),583.4596557617188,512.5158081054688,0.0
Tumour epithelial,572.9817504882812,495.4429931640625,0.0
Tumour epithelial,584.0509643554688,491.7086181640625,0.0
Tumour epithelial,575.8065185546875,468.8023986816406,0.0
Tumour epithelial,585.8763427734375,428.0956726074219,0.0
Tumour epithelial,586.4916381835938,422.894775390625,0.0
Tumour epithelial,586.8795166015625,445.06414794921875,0.0
Tumour epithelial,592.5855102539062,459.58038330078125,0.0
Tumour epithelial (proliferative),591.660888671875,438.9237365722656,0.0
Tumour epithelial,571.1835327148438,445.5873107910156,0.0
Tumour epithelial,570.9486694335938,451.8831787109375,0.0
Tumour epithelial,576.3649291992188,438.6929931640625,2.478969
Tumour epithelial,574.7290649414062,446.2093505859375,0.0
Tumour epithelial,575.0018310546875,421.5252990722656,0.0
Tumour epithelial,577.51513671875,419.7394714355469,0.0
Tumour epithelial (proliferative),605.7112426757812,379.9256591796875,0.0
Tumour epithelial (proliferative),607.901611328125,365.28106689453125,0.0
Tumour epithelial (proliferative),602.7183227539062,371.71502685546875,0.0
Tumour epithelial,600.7899780273438,350.2203063964844,0.0
Tumour epithelial (proliferative),606.3851928710938,348.7621154785156,0.0
Tumour epithelial,682.8720703125,366.7698059082031,0.0
Tumour epithelial,702.7372436523438,365.34521484375,0.0
Tumour epithelial,697.1690673828125,365.9934387207031,2.2577596
Tumour epithelial,694.5443115234375,358.8803405761719,2.7242525
Tumour epithelial,687.1359252929688,356.856201171875,0.0
Tumour epithelial,707.3832397460938,349.2987365722656,0.0
Tumour epithelial,702.1493530273438,350.33056640625,0.0
Tumour epithelial,703.7900390625,355.6988830566406,0.0
Tumour epithelial,692.8750610351562,354.4991455078125,0.0
Tumour epithelial,688.9111328125,372.95379638671875,0.0
Tumour epithelial,696.8743286132812,382.6838684082031,3.1753745
Tumour epithelial,573.7637939453125,363.7874755859375,0.0
Tumour epithelial,585.5325317382812,390.6492614746094,0.0
Tumour epithelial (proliferative),594.12255859375,379.7705078125,0.0
Tumour epithelial (proliferative),590.5426025390625,384.6798400878906,0.0
Tumour epithelial (proliferative),591.2069702148438,392.0760192871094,0.0
Tumour epithelial,600.5932006835938,388.25836181640625,0.0
Tumour epithelial,613.2340087890625,369.4522705078125,0.0
Tumour epithelial (proliferative),614.4583129882812,374.4756774902344,0.0
Tumour epithelial,605.6381225585938,376.52685546875,0.0
Tumour epithelial,596.6214599609375,377.3621826171875,0.0
Tumour epithelial (proliferative),510.114501953125,194.01763916015625,0.0
Tumour epithelial,507.3945617675781,197.88186645507812,0.0
Tumour epithelial,510.7724914550781,205.60813903808594,0.0
Tumour epithelial,511.9703674316406,210.61549377441406,0.0
Tumour epithelial,443.3675231933594,218.6614990234375,0.0
Tumour epithelial,443.8546142578125,235.0531768798828,0.0
Tumour epithelial,436.8683776855469,236.37945556640625,0.0
Tumour epithelial,433.1073913574219,226.45281982421875,0.0
Tumour epithelial,448.1293640136719,237.7577209472656,0.0
Tumour epithelial,447.3326416015625,222.43016052246094,0.0
Tumour epithelial,399.2002868652344,89.33514404296875,0.0
Tumour epithelial (proliferative),535.1979370117188,170.8590545654297,0.0
Tumour epithelial,538.4036254882812,178.52308654785156,0.0
Tumour epithelial,535.9271850585938,192.1497802734375,2.4265637
Tumour epithelial,531.3972778320312,184.0478057861328,0.0
Tumour epithelial,527.6368408203125,186.12313842773438,0.0
Tumour epithelial,521.7215576171875,188.79994201660156,0.0
Tumour epithelial,488.6022644042969,216.1166229248047,0.0
Tumour epithelial,483.7417297363281,212.29837036132812,0.0
Tumour epithelial (proliferative),498.75677490234375,214.48281860351562,0.0
Tumour epithelial (proliferative),503.4261474609375,210.84417724609375,0.0
Tumour epithelial (proliferative),497.87432861328125,205.18629455566406,0.0
Tumour epithelial (proliferative),496.5845031738281,182.1873321533203,0.0
Tumour epithelial,554.0972900390625,174.34310913085938,0.0
Tumour epithelial,544.5361938476562,170.88665771484375,0.0
Tumour epithelial,551.0421752929688,183.7215118408203,0.0
Tumour epithelial,542.2516479492188,191.55921936035156,0.0
Tumour epithelial,554.263916015625,184.45510864257812,0.0
Tumour epithelial,566.9085083007812,178.37022399902344,0.0
Tumour epithelial,560.9969482421875,179.73135375976562,0.0
Tumour epithelial,474.630859375,205.10475158691406,0.0
Tumour epithelial,459.9759216308593,211.02650451660156,0.0
Tumour epithelial,429.93310546875,204.56309509277344,0.0
Tumour epithelial (proliferative),561.2857666015625,145.89645385742188,0.0
Tumour epithelial (proliferative),566.404296875,143.90318298339844,0.0
Tumour epithelial (proliferative),539.7792358398438,157.82437133789062,0.0
Tumour epithelial (proliferative),544.537109375,163.94912719726562,0.0
Tumour epithelial,479.1130065917969,461.63909912109375,0.0
Tumour epithelial,467.0478210449219,226.98451232910156,0.0
Tumour epithelial,458.2686767578125,228.18731689453125,0.0
Tumour epithelial,481.511474609375,217.1896209716797,0.0
Tumour epithelial,481.24420166015625,224.9510040283203,0.0
Tumour epithelial,477.0313415527343,228.9549102783203,0.0
Tumour epithelial,472.0356750488281,225.1414031982422,0.0
Tumour epithelial,509.1141052246093,218.64071655273438,0.0
Tumour epithelial,493.0674133300781,223.31898498535156,0.0
Tumour epithelial,485.1473083496093,222.2665252685547,0.0
Tumour epithelial,492.4233703613281,234.39393615722656,0.0
Tumour epithelial,489.8851318359375,247.03564453125,0.0
Tumour epithelial,489.9529113769531,266.6205749511719,0.0
Tumour epithelial,495.3248596191406,270.0751953125,0.0
Tumour epithelial,480.1499328613281,279.1530456542969,0.0
Tumour epithelial,492.2248229980469,280.43719482421875,0.0
Tumour epithelial,498.9615783691406,278.0088806152344,0.0
Tumour epithelial,490.9407043457031,276.6982727050781,0.0
Tumour epithelial,467.3883056640625,236.67315673828125,0.0
Tumour epithelial,469.82366943359375,238.2718811035156,0.0
Tumour epithelial,474.8882141113281,244.0856170654297,2.387955
Tumour epithelial,467.1481018066406,251.44554138183594,0.0
Tumour epithelial,477.16455078125,267.0453796386719,0.0
Tumour epithelial,469.35333251953125,256.48193359375,2.8939679
Tumour epithelial,464.4169006347656,257.33502197265625,0.0
Tumour epithelial,457.1274108886719,251.77647399902344,0.0
Tumour epithelial,463.8262939453125,248.1125946044922,0.0
Tumour epithelial,455.6990966796875,255.87083435058594,0.0
Tumour epithelial,452.5726623535156,249.09190368652344,0.0
Tumour epithelial,436.611572265625,250.38096618652344,0.0
Tumour epithelial,435.0223693847656,256.01092529296875,0.0
Tumour epithelial,444.2093811035156,252.7649383544922,0.0
Tumour epithelial,431.7815246582031,242.9839782714844,0.0
Tumour epithelial,432.991943359375,237.6339416503906,0.0
Tumour epithelial,437.103271484375,247.9081573486328,2.7934585
Tumour epithelial,437.0156555175781,244.7795715332031,0.0
Tumour epithelial,448.911865234375,240.7432556152344,3.2973788
Tumour epithelial,456.7618103027343,242.6013946533203,0.0
Tumour epithelial,463.5059814453125,242.2112579345703,0.0
Tumour epithelial,494.4846496582031,238.10638427734375,0.0
Tumour epithelial,481.2903747558593,248.8199768066406,0.0
Tumour epithelial,482.89154052734375,263.7286071777344,0.0
Tumour epithelial,487.3048095703125,254.15057373046875,0.0
Tumour epithelial,502.43505859375,251.3963317871094,0.0
Tumour epithelial,499.7461242675781,254.89219665527344,0.0
Tumour epithelial,485.0438232421875,234.92430114746094,0.0
Tumour epithelial,489.1808166503906,240.65846252441406,0.0
Tumour epithelial,480.2007751464843,239.237060546875,0.0
Tumour epithelial,561.3884887695312,196.24057006835938,0.0
Tumour epithelial,553.5960083007812,305.18994140625,0.0
Tumour epithelial,509.2852783203125,211.86788940429688,0.0
Tumour epithelial,548.8877563476562,409.70904541015625,3.304933
Tumour epithelial,564.2415771484375,509.52459716796875,0.0
Tumour epithelial,563.4832153320312,513.9677124023438,0.0
Tumour epithelial,560.8804321289062,492.865478515625,0.0
Tumour epithelial (proliferative),566.8240356445312,342.2108154296875,0.0
Tumour epithelial,569.3016357421875,350.2561340332031,0.0
Tumour epithelial,565.3344116210938,329.59130859375,0.0
Tumour epithelial (proliferative),555.0391235351562,345.0317687988281,0.0
Tumour epithelial,559.29931640625,361.3135681152344,0.0
Tumour epithelial (proliferative),558.31396484375,393.5702819824219,0.0
Tumour epithelial,563.205810546875,380.8505554199219,0.0
Tumour epithelial,562.77978515625,375.4231872558594,0.0
Tumour epithelial,556.794677734375,403.9720153808594,0.0
Tumour epithelial,568.0877075195312,458.02850341796875,3.5623684
Tumour epithelial,565.29248046875,480.00933837890625,0.0
Tumour epithelial,568.924560546875,447.38250732421875,0.0
Tumour epithelial,555.4637451171875,415.634033203125,0.0
Tumour epithelial,555.607666015625,419.50341796875,0.0
Tumour epithelial,567.113525390625,422.6468505859375,0.0
Tumour epithelial,551.5592041015625,389.7735900878906,2.3888535
Tumour epithelial,555.5477294921875,396.6376647949219,0.0
Tumour epithelial,555.9264526367188,378.377685546875,0.0
Tumour epithelial,556.6141967773438,365.424560546875,0.0
Tumour epithelial,322.37664794921875,243.52513122558594,2.6225934
Tumour epithelial,323.4950866699219,238.2816619873047,0.0
Tumour epithelial,352.4668273925781,247.70774841308594,0.0
Tumour epithelial,335.7012023925781,239.3974151611328,0.0
Tumour epithelial,328.69708251953125,225.43804931640625,0.0
Tumour epithelial,328.998046875,229.34608459472656,0.0
Tumour epithelial,331.279052734375,234.1473846435547,0.0
Tumour epithelial,287.48406982421875,301.61383056640625,0.0
Tumour epithelial,349.5946044921875,258.0686950683594,2.5992243
Tumour epithelial,348.26458740234375,278.4966125488281,0.0
Tumour epithelial,353.7548828125,267.5363464355469,0.0
Tumour epithelial,320.7184143066406,248.0806121826172,0.0
Tumour epithelial,443.6877136230469,322.27520751953125,0.0
Tumour epithelial,434.0704650878906,385.1168212890625,0.0
Tumour epithelial,436.1780090332031,377.9836730957031,0.0
Tumour epithelial,451.5483093261719,338.36395263671875,0.0
Tumour epithelial,435.9366455078125,388.9151611328125,0.0
Tumour epithelial,438.12774658203125,390.8748474121094,0.0
Tumour epithelial,444.03924560546875,388.5431823730469,0.0
Tumour epithelial,438.3800048828125,401.7396240234375,3.5491512
Tumour epithelial,435.01922607421875,338.7667541503906,0.0
Tumour epithelial,422.7764587402344,340.1582336425781,0.0
Tumour epithelial,427.78558349609375,336.6158447265625,0.0
Tumour epithelial,429.7835693359375,372.8444519042969,0.0
Tumour epithelial,436.0718994140625,375.9274597167969,0.0
Tumour epithelial,433.8421325683594,364.0951232910156,0.0
Tumour epithelial,426.05670166015625,345.5699768066406,0.0
Tumour epithelial,431.8157653808594,355.1233215332031,3.35559
Tumour epithelial,427.9066162109375,258.66302490234375,0.0
Tumour epithelial,430.4898986816406,256.6312255859375,2.3182132
Tumour epithelial,430.06689453125,269.690185546875,0.0
Tumour epithelial,472.2967834472656,280.13287353515625,3.8121538
Tumour epithelial,460.06439208984375,272.22882080078125,0.0
Tumour epithelial,450.9224853515625,282.0167236328125,0.0
Tumour epithelial,440.45196533203125,276.9982604980469,0.0
Tumour epithelial,438.87030029296875,280.9300537109375,0.0
Tumour epithelial,470.821044921875,259.3547668457031,0.0
Tumour epithelial,467.05841064453125,270.5459289550781,0.0
Tumour epithelial,471.49969482421875,268.14373779296875,0.0
Tumour epithelial,457.7486267089843,264.6313781738281,0.0
Tumour epithelial,436.8699645996094,303.8771667480469,0.0
Tumour epithelial,441.4059753417969,312.6612854003906,0.0
Tumour epithelial,445.2218017578125,326.39056396484375,0.0
Tumour epithelial,447.1712341308594,318.111572265625,0.0
Tumour epithelial,448.05108642578125,304.4209289550781,0.0
Tumour epithelial,450.321533203125,311.4855041503906,0.0
Tumour epithelial,434.5668640136719,299.98272705078125,0.0
Tumour epithelial,413.8778076171875,330.98370361328125,0.0
Tumour epithelial,424.4251708984375,331.742919921875,0.0
Tumour epithelial,433.4021301269531,312.7693786621094,2.5900514
Tumour epithelial,417.8111572265625,317.4641418457031,0.0
Tumour epithelial,411.4635314941406,296.6233825683594,0.0
Tumour epithelial,409.5121154785156,303.9674987792969,0.0
Tumour epithelial,446.4823913574219,301.1563415527344,0.0
Tumour epithelial,471.5241394042969,296.7217712402344,0.0
Tumour epithelial,461.6656494140625,295.26239013671875,0.0
Tumour epithelial,432.9360656738281,290.8750915527344,0.0
Tumour epithelial,362.8962097167969,272.5321350097656,0.0
Tumour epithelial (proliferative),367.2850341796875,272.7182922363281,0.0
Tumour epithelial,367.5764465332031,267.4511413574219,0.0
Tumour epithelial,415.1700134277344,248.75379943847656,0.0
Tumour epithelial,398.61761474609375,273.67926025390625,0.0
Tumour epithelial,398.5580749511719,258.3448791503906,3.2100859
Tumour epithelial,391.82147216796875,249.7373352050781,0.0
Tumour epithelial,403.0155029296875,249.253173828125,0.0
Tumour epithelial,392.9704895019531,285.41204833984375,0.0
Tumour epithelial,422.8992004394531,273.2115783691406,0.0
Tumour epithelial,417.68182373046875,261.4396057128906,2.1168098
Tumour epithelial,429.8114929199219,280.6382141113281,0.0
Tumour epithelial,425.03753662109375,265.5106506347656,0.0
Tumour epithelial,428.03253173828125,276.5809631347656,0.0
Tumour epithelial,429.7924499511719,259.39007568359375,0.0
Tumour epithelial,422.6105041503906,296.6034851074219,0.0
Tumour epithelial,410.62939453125,285.40875244140625,0.0
Tumour epithelial,423.138427734375,288.0347900390625,0.0
Tumour epithelial (proliferative),370.2926330566406,257.8749084472656,0.0
Tumour epithelial,365.1101379394531,197.8830108642578,0.0
Tumour epithelial,357.7960205078125,211.7957763671875,0.0
Tumour epithelial,360.9844055175781,215.86611938476562,0.0
Tumour epithelial (proliferative),364.5390319824219,243.500732421875,0.0
Tumour epithelial,361.3251953125,233.6304168701172,0.0
Tumour epithelial,420.0603942871094,250.70033264160156,0.0
Tumour epithelial,423.2633361816406,258.5226135253906,2.9556878
Tumour epithelial,420.0257568359375,256.99652099609375,0.0
Tumour epithelial,424.8277587890625,253.57232666015625,0.0
Tumour epithelial,416.6581726074219,219.85984802246094,2.7862883
Tumour epithelial,430.55450439453125,233.3199768066406,0.0
Tumour epithelial,429.1071472167969,229.5496826171875,0.0
Tumour epithelial,409.1097412109375,232.53125,0.0
Tumour epithelial,407.47808837890625,220.58758544921875,0.0
Tumour epithelial,424.847412109375,216.96316528320312,2.6369243
Tumour epithelial,319.129638671875,224.04501342773438,0.0
Tumour epithelial,304.2720642089844,228.02796936035156,0.0
Tumour epithelial,304.710693359375,218.93568420410156,0.0
Tumour epithelial,296.7013854980469,215.5475311279297,0.0
Tumour epithelial,317.091552734375,216.75030517578125,0.0
Tumour epithelial,317.5686340332031,221.13243103027344,0.0
Tumour epithelial,347.6460266113281,249.35044860839844,2.7735267
Tumour epithelial,353.9058532714844,243.77203369140625,0.0
Tumour epithelial,351.68487548828125,237.7841339111328,0.0
Tumour epithelial,348.95001220703125,233.0478057861328,3.3462927
Tumour epithelial,344.556396484375,214.5074005126953,0.0
Tumour epithelial,337.6925048828125,236.1511688232422,2.133695
Tumour epithelial,336.7147216796875,226.6856231689453,0.0
Tumour epithelial,333.3357238769531,214.62142944335938,0.0
Tumour epithelial,319.2012634277344,198.26504516601562,0.0
Tumour epithelial,423.6324157714844,677.0486450195312,0.0
Tumour epithelial,420.251708984375,673.9345092773438,0.0
Tumour epithelial,421.6007080078125,684.7172241210938,0.0
Tumour epithelial,433.1585388183594,684.2748413085938,0.0
Tumour epithelial,427.40374755859375,687.1776733398438,0.0
Tumour epithelial,433.74432373046875,669.6454467773438,0.0
Tumour epithelial,436.1913757324219,676.3829956054688,0.0
Tumour epithelial,432.7917785644531,676.958740234375,0.0
Tumour epithelial,424.5579528808594,671.4437255859375,0.0
Tumour epithelial (proliferative),434.1907653808594,657.5558471679688,0.0
Tumour epithelial,419.9809875488281,666.833740234375,0.0
Tumour epithelial (proliferative),436.3349914550781,660.5499877929688,0.0
Tumour epithelial,425.5408020019531,664.9287109375,0.0
Tumour epithelial,405.61871337890625,679.0108032226562,0.0
Tumour epithelial,411.916259765625,667.83447265625,0.0
Tumour epithelial,420.2940979003906,734.2272338867188,0.0
Tumour epithelial,409.4864196777344,678.8509521484375,0.0
Tumour epithelial,420.98516845703125,679.075927734375,0.0
Tumour epithelial,416.0107727050781,695.8388671875,0.0
Tumour epithelial,480.111083984375,730.2130737304688,0.0
Tumour epithelial,487.6161804199219,715.4454345703125,0.0
Tumour epithelial,481.781982421875,747.1685180664062,0.0
Tumour epithelial,496.7822265625,717.6466064453125,0.0
Tumour epithelial,493.0142822265625,727.139892578125,0.0
Tumour epithelial,499.2825012207031,715.6741333007812,3.1303434
Tumour epithelial,486.26544189453125,704.3743896484375,0.0
Tumour epithelial,495.74493408203125,707.8814086914062,0.0
Tumour epithelial,482.5068359375,705.3072509765625,0.0
Tumour epithelial,487.66571044921875,762.7577514648438,0.0
Tumour epithelial,505.5794982910156,732.6213989257812,0.0
Tumour epithelial,440.7005920410156,650.7738037109375,0.0
Tumour epithelial (proliferative),439.179931640625,652.007568359375,0.0
Tumour epithelial,451.4295349121093,645.8773803710938,0.0
Tumour epithelial,469.72686767578125,671.408447265625,0.0
Tumour epithelial,474.76910400390625,672.2653198242188,0.0
Tumour epithelial,468.09283447265625,669.24560546875,0.0
Tumour epithelial,476.8860778808593,686.7755737304688,0.0
Tumour epithelial,477.4974670410156,682.99365234375,0.0
Tumour epithelial,477.64666748046875,678.6490478515625,0.0
Tumour epithelial,482.8434753417969,669.6878051757812,0.0
Tumour epithelial,471.7471618652343,684.3046875,0.0
Tumour epithelial,471.8189697265625,681.4432373046875,0.0
Tumour epithelial,453.1215515136719,643.4944458007812,0.0
Tumour epithelial,476.96575927734375,662.0499267578125,0.0
Tumour epithelial,440.3791198730469,686.4440307617188,0.0
Tumour epithelial (proliferative),437.64764404296875,671.83203125,0.0
Tumour epithelial,454.1630859375,667.1954956054688,0.0
Tumour epithelial,451.7427978515625,670.7615356445312,0.0
Tumour epithelial,547.609375,1239.035400390625,0.0
Tumour epithelial,539.2138061523438,1216.9715576171875,0.0
Tumour epithelial,532.6265258789062,1173.271484375,0.0
Tumour epithelial,510.45135498046875,1172.380126953125,2.6903114
Tumour epithelial,525.7737426757812,1193.515380859375,2.8227344
Tumour epithelial,519.1306762695312,1192.2266845703125,0.0
Tumour epithelial,500.7818908691406,1191.1273193359375,0.0
Tumour epithelial,467.5190124511719,1178.8389892578125,0.0
Tumour epithelial,469.9520263671875,729.113525390625,0.0
Tumour epithelial,472.81854248046875,744.0521850585938,0.0
Tumour epithelial,473.1371154785156,737.1087036132812,0.0
Tumour epithelial,451.99566650390625,732.5795288085938,0.0
Tumour epithelial,423.2293395996094,732.0908813476562,0.0
Tumour epithelial,473.1081237792969,754.1458740234375,0.0
Tumour epithelial,476.006591796875,768.2055053710938,0.0
Tumour epithelial,478.0958557128906,747.6453857421875,0.0
Tumour epithelial,469.4026184082031,755.651123046875,0.0
Tumour epithelial,468.2248229980469,769.4374389648438,0.0
Tumour epithelial,470.7227783203125,774.0101318359375,3.6828535
Tumour epithelial,460.321044921875,778.9630737304688,0.0
Tumour epithelial,460.0724182128906,746.4822998046875,0.0
Tumour epithelial,473.2109069824219,693.40771484375,0.0
Tumour epithelial,443.6058044433594,767.1301879882812,0.0
Tumour epithelial,439.2405700683594,767.1921997070312,0.0
Tumour epithelial,452.0368957519531,748.4692993164062,0.0
Tumour epithelial,449.19244384765625,761.865234375,0.0
Tumour epithelial,453.4428405761719,754.847412109375,0.0
Tumour epithelial,466.0376892089843,802.4950561523438,0.0
Tumour epithelial,499.28594970703125,786.8108520507812,0.0
Tumour epithelial,498.9259338378906,794.5025024414062,0.0
Tumour epithelial,505.2415466308593,797.0249633789062,0.0
Tumour epithelial,483.72637939453125,803.6619873046875,2.5911927
Tumour epithelial,494.4242858886719,775.5718994140625,0.0
Tumour epithelial,493.37298583984375,800.800537109375,2.3091817
Tumour epithelial (proliferative),460.2862854003906,782.580810546875,0.0
Tumour epithelial (proliferative),461.64727783203125,780.2095336914062,0.0
Tumour epithelial (proliferative),452.0019226074219,779.1096801757812,0.0
Tumour epithelial,450.9684753417969,773.0677490234375,0.0
Tumour epithelial,440.0704345703125,776.6510620117188,3.2414207
Tumour epithelial,486.8407287597656,1213.8673095703125,0.0
Tumour epithelial,481.33984375,1221.0150146484375,0.0
Tumour epithelial,519.5126342773438,1249.9017333984375,0.0
Tumour epithelial,521.7445068359375,1211.2491455078125,0.0
Tumour epithelial,509.5718994140625,1202.9390869140625,0.0
Tumour epithelial,518.29736328125,1226.954833984375,0.0
Tumour epithelial,520.9674072265625,1215.0133056640625,0.0
Tumour epithelial,499.4180603027343,1205.232421875,0.0
Tumour epithelial,501.4003601074219,1365.012939453125,0.0
Tumour epithelial,519.5935668945312,1359.673828125,3.1035366
Tumour epithelial,515.3157958984375,1358.7550048828125,0.0
Tumour epithelial,514.6710205078125,1402.7969970703125,0.0
Tumour epithelial,605.1212158203125,1405.289306640625,0.0
Tumour epithelial,609.8251953125,1457.5953369140625,0.0
Tumour epithelial,634.5126953125,1430.8167724609375,0.0
Tumour epithelial,636.4871215820312,1439.22412109375,0.0
Tumour epithelial,606.63623046875,1476.1710205078125,0.0
Tumour epithelial,616.7357788085938,1459.105712890625,0.0
Tumour epithelial (proliferative),530.3759765625,1523.13037109375,0.0
Tumour epithelial,531.885986328125,1522.3597412109375,0.0
Tumour epithelial,539.9744262695312,1560.1934814453125,0.0
Tumour epithelial,536.2719116210938,1573.3187255859375,0.0
Tumour epithelial,552.4801025390625,1552.422607421875,0.0
Tumour epithelial,542.1328735351562,1560.0335693359375,0.0
Tumour epithelial,547.4529418945312,1554.6265869140625,0.0
Tumour epithelial,543.5689697265625,1548.8458251953125,0.0
Tumour epithelial,539.8732299804688,1558.6912841796875,0.0
Tumour epithelial,535.8626098632812,1559.417724609375,0.0
Tumour epithelial (proliferative),525.2294921875,1580.017333984375,0.0
Tumour epithelial,527.7158203125,1584.315185546875,0.0
Tumour epithelial,525.1184692382812,1572.604736328125,0.0
Tumour epithelial,532.3767700195312,1577.0185546875,0.0
Tumour epithelial,527.4264526367188,1576.020263671875,0.0
Tumour epithelial,548.2083129882812,1545.9615478515625,0.0
Tumour epithelial,544.3772583007812,1546.940673828125,0.0
Tumour epithelial,525.8898315429688,1538.0977783203125,0.0
Tumour epithelial,565.5272216796875,1531.766845703125,3.6494415
Tumour epithelial (proliferative),561.43603515625,1518.7896728515625,0.0
Tumour epithelial,536.7196044921875,1471.1484375,0.0
Tumour epithelial,581.7401123046875,1497.8101806640625,0.0
Tumour epithelial,526.6830444335938,1503.9224853515625,0.0
Tumour epithelial,544.851806640625,1494.4901123046875,0.0
Tumour epithelial,568.1475219726562,1486.881103515625,0.0
Tumour epithelial,577.8345947265625,1481.8035888671875,0.0
Tumour epithelial,582.0254516601562,1454.35009765625,0.0
Tumour epithelial,554.4339599609375,1421.1990966796875,0.0
Tumour epithelial,555.7841186523438,1456.3798828125,0.0
Tumour epithelial,530.8464965820312,1462.3394775390625,0.0
Tumour epithelial,496.7892761230469,1488.427490234375,0.0
Tumour epithelial,513.862548828125,1583.3641357421875,0.0
Tumour epithelial,518.8400268554688,1546.1959228515625,0.0
Tumour epithelial,521.2041625976562,1514.4332275390625,0.0
Tumour epithelial,530.137939453125,1379.570068359375,0.0
Tumour epithelial,536.1869506835938,1391.97314453125,0.0
Tumour epithelial,547.8381958007812,1405.77978515625,0.0
Tumour epithelial,545.0686645507812,1345.283447265625,0.0
Tumour epithelial,529.4159545898438,1366.5704345703125,0.0
Tumour epithelial (proliferative),242.6469421386719,763.6622314453125,2.357961
Tumour epithelial (proliferative),263.2621765136719,791.4801635742188,0.0
Tumour epithelial (proliferative),260.1299133300781,785.1362915039062,2.7097318
Tumour epithelial (proliferative),256.85186767578125,788.8165893554688,0.0
Tumour epithelial (proliferative),248.51100158691406,787.9058837890625,2.387057
Tumour epithelial (proliferative),246.0545654296875,795.8297729492188,0.0
Tumour epithelial (proliferative),244.7493133544922,786.285400390625,0.0
Tumour epithelial (proliferative),255.66127014160156,799.652099609375,0.0
Tumour epithelial (proliferative),254.6630401611328,800.8679809570312,0.0
Tumour epithelial (proliferative),252.95057678222656,788.2366333007812,2.983747
Tumour epithelial (proliferative),224.35861206054688,799.6165771484375,2.0640206
Tumour epithelial (proliferative),229.7353057861328,792.0134887695312,0.0
Tumour epithelial (proliferative),238.86463928222656,811.6392822265625,0.0
Tumour epithelial (proliferative),235.39910888671875,787.629150390625,0.0
Tumour epithelial (proliferative),231.54364013671875,801.736328125,0.0
Tumour epithelial (proliferative),231.3737487792969,809.4551391601562,3.0521736
Tumour epithelial (proliferative),225.5926513671875,802.013916015625,0.0
Tumour epithelial (proliferative),224.2372589111328,776.9691772460938,0.0
Tumour epithelial (proliferative),228.31385803222656,780.15673828125,0.0
Tumour epithelial (proliferative),237.0191650390625,778.667724609375,0.0
Tumour epithelial (proliferative),256.90863037109375,767.8360595703125,0.0
Tumour epithelial (proliferative),251.6945037841797,774.1124877929688,0.0
Tumour epithelial (proliferative),257.6802978515625,780.3505249023438,0.0
Tumour epithelial (proliferative),248.67042541503906,782.5206298828125,3.3979166
Tumour epithelial (proliferative),239.9108428955078,774.3253173828125,0.0
Tumour epithelial (proliferative),245.5345153808594,771.4161987304688,0.0
Tumour epithelial (proliferative),265.9245300292969,805.49951171875,0.0
Tumour epithelial (proliferative),272.9434814453125,800.49365234375,0.0
Tumour epithelial (proliferative),269.336669921875,804.5280151367188,0.0
Tumour epithelial (proliferative),266.95928955078125,792.8124389648438,0.0
Tumour epithelial (proliferative),274.51416015625,798.7022094726562,0.0
Tumour epithelial (proliferative),222.33737182617188,780.526611328125,0.0
Tumour epithelial (proliferative),221.40386962890625,792.4994506835938,0.0
Tumour epithelial (proliferative),259.5219421386719,807.8579711914062,3.2677622
Tumour epithelial,337.6186828613281,828.8193969726562,0.0
Tumour epithelial,368.27081298828125,784.164306640625,0.0
Tumour epithelial,640.7960815429688,149.7632293701172,3.3253832
Tumour epithelial,616.1271362304688,126.71998596191406,0.0
Tumour epithelial,599.7071533203125,173.59310913085938,0.0
Tumour epithelial,588.599365234375,181.18580627441406,0.0
Tumour epithelial,699.5126342773438,241.7843780517578,0.0
Tumour epithelial (proliferative),684.0054931640625,236.4336242675781,0.0
Tumour epithelial (proliferative),895.72021484375,266.1899719238281,0.0
Tumour epithelial (proliferative),901.7841186523438,326.0970764160156,0.0
Tumour epithelial,904.147705078125,302.7734375,0.0
Tumour epithelial (proliferative),904.167724609375,315.1030578613281,0.0
Tumour epithelial (proliferative),865.1257934570312,265.7608947753906,0.0
Tumour epithelial,705.5725708007812,284.5506591796875,0.0
Tumour epithelial,794.3467407226562,242.7485656738281,0.0
Tumour epithelial,702.9168090820312,285.5945739746094,0.0
Tumour epithelial,954.8447875976562,528.9266967773438,0.0
Tumour epithelial (proliferative),948.1868286132812,384.17755126953125,0.0
Tumour epithelial (proliferative),947.3604125976562,368.1171569824219,0.0
Tumour epithelial,748.9326782226562,552.5513916015625,0.0
Tumour epithelial (proliferative),849.9518432617188,583.0574340820312,0.0
Tumour epithelial,278.9489440917969,292.0654602050781,3.4980605
Tumour epithelial,204.23291015625,495.0060119628906,0.0
Tumour epithelial,420.6873779296875,414.1917724609375,0.0
Tumour epithelial,187.0015411376953,525.3600463867188,0.0
Tumour epithelial (proliferative),129.86422729492188,650.0955200195312,0.0
Tumour epithelial,133.3763427734375,622.7233276367188,0.0
Tumour epithelial,146.44883728027344,1078.541748046875,0.0
Tumour epithelial,95.88333129882812,1071.615478515625,0.0
Tumour epithelial,100.55223846435547,767.5458984375,0.0
Tumour epithelial (proliferative),130.83787536621094,715.1022338867188,0.0
Tumour epithelial (proliferative),209.15565490722656,807.137451171875,0.0
Tumour epithelial,189.70230102539062,455.72998046875,0.0
Tumour epithelial,169.7270965576172,476.457275390625,0.0
Tumour epithelial,177.6859893798828,521.5527954101562,0.0
Tumour epithelial,602.6958618164062,436.48211669921875,0.0
Tumour epithelial,396.7650451660156,199.82508850097656,0.0
Tumour epithelial,566.1610717773438,165.86126708984375,0.0
Tumour epithelial,517.046142578125,255.79661560058594,0.0
Tumour epithelial,551.7374877929688,372.3002014160156,0.0
Tumour epithelial,456.4837951660156,281.9418029785156,0.0
Tumour epithelial,402.39520263671875,219.7464141845703,0.0
Tumour epithelial,488.50823974609375,1191.070556640625,5.537982
Tumour epithelial,487.2308654785156,803.361572265625,0.0
Tumour epithelial,510.00006103515625,1508.2724609375,0.0
Tumour epithelial (proliferative),600.8061626280668,165.611333165334,0.0
Tumour epithelial (proliferative),597.5283809356569,164.06872299326417,0.0
Tumour epithelial (proliferative),587.8243024636217,163.39990535438247,0.0
Tumour epithelial (proliferative),567.8173950975137,184.39761766516054,0.0
Tumour epithelial (proliferative),568.6172800228504,176.28011467137503,0.0
Tumour epithelial (proliferative),573.369899343951,168.6204149690868,0.0
Tumour epithelial (proliferative),535.494210353666,164.91681199659797,0.0
Tumour epithelial (proliferative),562.4983420056741,162.19102675437665,0.0
Tumour epithelial,671.9671100828598,218.93289949972035,0.0
Tumour epithelial,670.7005140711167,224.30012479909232,0.0
Tumour epithelial (proliferative),620.7275615371392,227.36490024006824,0.0
Tumour epithelial (proliferative),572.7690136007723,226.8793696442024,0.0
Tumour epithelial (proliferative),610.346554392933,218.11299992249462,0.0
Tumour epithelial (proliferative),613.525091457982,221.50114903447735,0.0
Tumour epithelial (proliferative),639.8282959778309,227.8416027171869,2.876409
Tumour epithelial,661.6345779156012,225.3870670008059,0.0
Tumour epithelial (proliferative),658.7954931710462,221.05104246022722,2.3997154
Tumour epithelial,702.9858845084892,226.6408510857029,0.0
Tumour epithelial (proliferative),587.8763150621614,180.12273661128432,0.0
Tumour epithelial (proliferative),605.3378558872328,192.8139700072958,0.0
Tumour epithelial (proliferative),575.503148904769,187.3892822599048,0.0
Tumour epithelial (proliferative),583.9570446544286,189.25293955905167,0.0
Tumour epithelial (proliferative),593.2900553048966,188.47663877766067,0.0
Tumour epithelial (proliferative),579.4857140555775,184.7646379376993,0.0
Tumour epithelial (proliferative),596.3793550685295,171.43357309053397,0.0
Tumour epithelial,580.0967027360953,178.75324680396184,0.0
Tumour epithelial (proliferative),587.0819755976985,216.94180814710475,0.0
Tumour epithelial (proliferative),587.1409678280274,183.63729992186248,0.0
Tumour epithelial (proliferative),543.5140941137952,202.1202732082685,0.0
Tumour epithelial (proliferative),515.496481681418,224.5228356070552,0.0
Tumour epithelial (proliferative),516.608760902641,200.04660548137812,0.0
Tumour epithelial (proliferative),518.5744036891203,208.1257523707871,0.0
Tumour epithelial,565.7916127439726,200.22820338976,0.0
Tumour epithelial (proliferative),558.6900126858804,202.89042298995471,0.0
Tumour epithelial (proliferative),524.7274749740884,180.11733456750218,0.0
Tumour epithelial (proliferative),516.3943045450588,189.25736955365767,0.0
Tumour epithelial (proliferative),513.4916382232449,184.69892103929925,0.0
Tumour epithelial (proliferative),529.7762346540314,191.26692984061995,0.0
Tumour epithelial (proliferative),619.0481155244871,166.12387398011066,0.0
Tumour epithelial (proliferative),617.13789547628,164.8152567605399,0.0
Tumour epithelial (proliferative),621.2822032359054,174.3972394819589,0.0
Tumour epithelial (proliferative),633.187957156666,233.8081839774275,2.7282548
Tumour epithelial,591.7270958410573,234.10841969099565,0.0
Tumour epithelial (proliferative),604.6835552450635,230.0453178756589,0.0
Tumour epithelial (proliferative),628.5629790470553,229.48103536129324,2.6345193
Tumour epithelial (proliferative),575.2799600398342,248.15112014649,0.0
Tumour epithelial (proliferative),572.8113057075506,233.6608946243936,0.0
Tumour epithelial (proliferative),572.277507292758,242.6265981681397,0.0
Tumour epithelial (proliferative),586.5079247858743,236.0920533548501,0.0
Tumour epithelial (proliferative),592.3280134547008,247.3634575444009,0.0
Tumour epithelial (proliferative),594.8582096544967,246.33807314543205,0.0
Tumour epithelial (proliferative),619.2170927288116,247.41183690995436,0.0
Tumour epithelial,604.297858880157,244.6785143028099,0.0
Tumour epithelial (proliferative),616.0894209255696,236.5073733167803,0.0
Tumour epithelial (proliferative),543.8148238195677,271.18964173495846,0.0
Tumour epithelial (proliferative),545.5163560643202,256.1436909182929,0.0
Tumour epithelial (proliferative),507.7134273451542,261.3187054445074,0.0
Tumour epithelial (proliferative),501.874057045129,248.87520117132016,0.0
Tumour epithelial (proliferative),483.5596625822375,267.3989367821945,0.0
Tumour epithelial (proliferative),509.4222260558793,266.5836265518987,0.0
Tumour epithelial (proliferative),508.40957390759473,264.2592498137262,0.0
Tumour epithelial (proliferative),511.291110111252,266.0762806228831,0.0
Tumour epithelial (proliferative),526.6572634876776,257.8905270287466,0.0
Tumour epithelial (proliferative),558.7682865474083,241.5928477721631,0.0
Tumour epithelial (proliferative),557.7585346114197,245.2475455164294,0.0
Tumour epithelial,568.1927973022925,244.2981562407559,0.0
Tumour epithelial (proliferative),507.2834310341876,243.8089286709742,0.0
Tumour epithelial (proliferative),507.5052494691362,236.8861378555947,0.0
Tumour epithelial (proliferative),537.4694780205127,231.1520675712404,0.0
Tumour epithelial (proliferative),513.722730963448,238.1753937678046,0.0
Tumour epithelial (proliferative),519.6616964659466,245.0048359918099,0.0
Tumour epithelial (proliferative),527.9615303888042,241.975133997337,0.0
Tumour epithelial (proliferative),567.1275907575668,247.7724034133728,0.0
Tumour epithelial (proliferative),584.2091081604644,251.3142956475097,0.0
Tumour epithelial (proliferative),594.50310893579,250.1738907411084,0.0
Tumour epithelial,589.183514046049,271.60038828519106,0.0
Tumour epithelial,598.3336200990785,272.6700248245229,0.0
Tumour epithelial (proliferative),567.7726489649465,256.8281410201548,0.0
Tumour epithelial,560.531265048279,270.69558578976086,0.0
Tumour epithelial (proliferative),570.1579620318003,259.04455655884624,0.0
Tumour epithelial (proliferative),655.997712548861,246.5572622670355,0.0
Tumour epithelial (proliferative),656.9073274844749,231.3146706826065,0.0
Tumour epithelial (proliferative),649.1816399848358,237.6810828588887,0.0
Tumour epithelial (proliferative),653.0804814246374,240.0225581014219,0.0
Tumour epithelial,667.3450321855452,232.3166143547212,0.0
Tumour epithelial (proliferative),638.9497547453889,234.9098503338747,2.910235
Tumour epithelial (proliferative),634.7285116837567,243.0598133960504,0.0
Tumour epithelial (proliferative),628.8249223971765,245.2518798996411,0.0
Tumour epithelial (proliferative),628.0473467971939,235.710404538972,0.0
Tumour epithelial (proliferative),633.9570233425493,228.85983219681,3.5859525
Tumour epithelial (proliferative),647.9326045991927,260.5885530961345,0.0
Tumour epithelial (proliferative),642.5761037112233,259.57539102041324,0.0
Tumour epithelial (proliferative),638.235951945454,262.6475444739884,0.0
Tumour epithelial (proliferative),619.8766201272066,260.7441287700141,0.0
Tumour epithelial,637.2303431698882,259.6376181029186,0.0
Tumour epithelial (proliferative),636.762070430707,267.68347629185286,0.0
Tumour epithelial (proliferative),624.7940734922087,268.853632277137,0.0
Tumour epithelial (proliferative),638.268682912795,275.78867728622885,0.0
Tumour epithelial (proliferative),626.8055460070584,274.00858434576526,0.0
Tumour epithelial (proliferative),653.227404267326,268.3622534509819,0.0
Tumour epithelial (proliferative),663.4543177142656,251.0785338842147,0.0
Tumour epithelial (proliferative),647.3670632014679,253.5636015058659,0.0
Tumour epithelial (proliferative),656.6465314710861,249.8181526131058,0.0
Tumour epithelial (proliferative),652.5803700911293,256.90416801391495,0.0
Tumour epithelial,697.390896932485,237.9530654054192,0.0
Tumour epithelial (proliferative),717.2010679194351,243.06692050969886,0.0
Tumour epithelial,699.0258199058233,235.87053768931685,2.8907495
Tumour epithelial (proliferative),704.864234091905,262.7938617778461,0.0
Tumour epithelial (proliferative),695.8904195148694,260.7413401043449,0.0
Tumour epithelial,679.4761580980787,261.5616699328453,0.0
Tumour epithelial (proliferative),707.8234864239563,246.3406227826154,0.0
Tumour epithelial (proliferative),764.991260125541,315.8526242595619,0.0
Tumour epithelial,732.8446218214058,282.8404638078519,0.0
Tumour epithelial (proliferative),714.0995298973222,265.26642024206666,3.4291608
Tumour epithelial,742.867134042405,265.1332973106326,0.0
Tumour epithelial (proliferative),675.704591359422,236.86005188016284,0.0
Tumour epithelial,809.4370215297419,353.4593902679362,0.0
Tumour epithelial (proliferative),799.8156389462243,357.8686053309085,0.0
Tumour epithelial (proliferative),795.7842641785875,366.6422574538211,0.0
Tumour epithelial (proliferative),807.0995380629238,363.9515615933352,0.0
Tumour epithelial,790.333139880652,352.6593459902756,0.0
Tumour epithelial,769.4148965738315,358.54307997729074,0.0
Tumour epithelial (proliferative),784.2272846892726,361.2393850395799,0.0
Tumour epithelial,716.4598565197796,350.1479214942418,0.0
Tumour epithelial,737.7561472799566,360.3691938689132,0.0
Tumour epithelial,729.8821983781075,354.9613815326293,0.0
Tumour epithelial,754.347847509474,330.1367753563165,0.0
Tumour epithelial (proliferative),758.5254439695742,334.93079441118124,0.0
Tumour epithelial (proliferative),768.4661606426862,342.0164592368776,0.0
Tumour epithelial (proliferative),793.7079193326547,344.7815407621868,0.0
Tumour epithelial,846.2245731758835,374.4235270440565,0.0
Tumour epithelial (proliferative),822.3836807658247,375.414634758142,0.0
Tumour epithelial (proliferative),811.9749383496336,378.12330556077035,0.0
Tumour epithelial (proliferative),836.9421170501911,388.89431158263005,2.577596
Tumour epithelial (proliferative),812.4137149736503,384.7396459219473,0.0
Tumour epithelial (proliferative),841.138469278821,382.21627000161675,0.0
Tumour epithelial,833.6730359946692,383.58979142273535,0.0
Tumour epithelial,669.5617504936521,437.9719908901499,0.0
Tumour epithelial (proliferative),673.0631991079686,424.6166726192783,0.0
Tumour epithelial (proliferative),632.8755947312446,430.42283389499096,0.0
Tumour epithelial (proliferative),630.0076353455885,432.9396763700393,0.0
Tumour epithelial (proliferative),644.7303559083388,437.1988771552381,0.0
Tumour epithelial (proliferative),654.6273781742216,437.5047698763068,0.0
Tumour epithelial (proliferative),635.5838512178306,440.7646403675038,0.0
Tumour epithelial (proliferative),646.6275728069111,439.68760988034035,0.0
Tumour epithelial,807.2473054729295,419.58639780891434,0.0
Tumour epithelial,787.6810869587257,430.69382845711294,0.0
Tumour epithelial,746.7612108477202,439.9326618841221,2.4660518
Tumour epithelial (proliferative),769.935006623996,427.5994612895781,0.0
Tumour epithelial,752.5778097006521,404.98982054580875,0.0
Tumour epithelial,756.8194339245184,409.45225928498286,0.0
Tumour epithelial (proliferative),802.0258875499786,388.8108109648764,0.0
Tumour epithelial (proliferative),736.3360949802425,381.7229789475741,0.0
Tumour epithelial (proliferative),797.913705218863,371.8975058751482,0.0
Tumour epithelial,754.4151101254164,378.0006680122527,0.0
Tumour epithelial (proliferative),799.1452277841031,378.2933663608977,0.0
Tumour epithelial (proliferative),833.568285744516,398.7637977669331,0.0
Tumour epithelial (proliferative),842.3803975508156,421.00638636769895,0.0
Tumour epithelial (proliferative),844.8395066788942,412.38759283320815,0.0
Tumour epithelial (proliferative),812.2227312133873,424.99306280846577,0.0
Tumour epithelial,822.0897952423662,422.5814884786237,0.0
Tumour epithelial (proliferative),803.7753051680804,399.8647311026901,0.0
Tumour epithelial (proliferative),800.8599225308145,398.8400319187143,0.0
Tumour epithelial (proliferative),814.011684143063,394.2387016939789,0.0
Tumour epithelial (proliferative),856.517840930519,342.69644747366874,0.0
Tumour epithelial (proliferative),840.5296079518283,341.3570593203418,0.0
Tumour epithelial (proliferative),829.9440960026712,333.95457020415324,0.0
Tumour epithelial (proliferative),842.4945495880825,337.61043122038444,0.0
Tumour epithelial (proliferative),834.7122203048929,325.3668185023694,0.0
Tumour epithelial (proliferative),885.5510375939416,422.3217441905731,0.0
Tumour epithelial,855.752296430995,415.0056240339695,0.0
Tumour epithelial,860.1226534297703,361.5950594266529,0.0
Tumour epithelial (proliferative),849.7373437728171,356.0505865373431,0.0
Tumour epithelial,816.9742430358363,302.8945394618513,0.0
Tumour epithelial,757.46916115499,231.971600638121,0.0
Tumour epithelial,759.8327545000885,300.2479523246368,0.0
Tumour epithelial (proliferative),799.9594862890607,304.0914985080251,0.0
Tumour epithelial (proliferative),774.5268235149912,289.4027837312073,0.0
Tumour epithelial (proliferative),755.0715779591912,321.37147329517927,0.0
Tumour epithelial,764.9653653728978,309.95043727343244,0.0
Tumour epithelial (proliferative),792.6209930661735,325.3753597869335,0.0
Tumour epithelial (proliferative),796.6020443699045,328.69686775703724,0.0
Tumour epithelial (proliferative),728.1232036853361,315.8037349665717,0.0
Tumour epithelial (proliferative),730.7870805497,312.4254338282096,0.0
Tumour epithelial,745.2411968351876,316.35936464974645,0.0
Tumour epithelial,612.7594035413666,277.1259619888795,0.0
Tumour epithelial,585.791285514573,277.3004527836129,0.0
Tumour epithelial (proliferative),596.613730466606,292.0160662327147,0.0
Tumour epithelial (proliferative),712.5844239363674,299.88370478253495,0.0
Tumour epithelial (proliferative),582.1215608461574,312.2569984217866,0.0
Tumour epithelial,655.4258607991075,317.489108885675,0.0
Tumour epithelial,655.2066876127365,289.5386475226134,0.0
Tumour epithelial,644.1917450533626,299.8677695501392,0.0
Tumour epithelial,646.4702283222355,292.26800225689135,0.0
Tumour epithelial,646.4432021680923,298.09835321538077,0.0
Tumour epithelial,683.7271841090585,302.9045786582606,0.0
Tumour epithelial (proliferative),682.0643266733304,284.0422352942092,0.0
Tumour epithelial,683.7292397540375,319.5525621285997,0.0
Tumour epithelial,699.6309284855869,304.0558354579234,0.0
Tumour epithelial (proliferative),638.8465263099292,278.95080106191034,0.0
Tumour epithelial (proliferative),627.6540333912021,283.6626261880778,0.0
Tumour epithelial (proliferative),642.3270997698073,282.1400466031294,0.0
Tumour epithelial (proliferative),623.0559858243403,281.02269997800477,0.0
Tumour epithelial (proliferative),616.0884329411612,283.3984519054212,0.0
Tumour epithelial,619.1430257686361,284.99449291171396,0.0
Tumour epithelial,627.4736784309471,301.0705927618346,0.0
Tumour epithelial,643.0923414999156,292.2439719264386,2.6478302
Tumour epithelial,636.0951490844803,293.8560119060567,0.0
Tumour epithelial,660.640856823403,1170.4506282291227,0.0
Tumour epithelial,647.1924130544105,1170.5065927652965,0.0
Tumour epithelial (proliferative),503.594010418531,1163.0763126038098,0.0
Tumour epithelial (proliferative),470.778586345979,1167.6968925892793,0.0
Tumour epithelial (proliferative),469.467754129105,1178.6624996691557,0.0
Tumour epithelial (proliferative),483.992431623641,1176.1244633350211,0.0
Tumour epithelial (proliferative),490.4989463631466,1189.7079103928702,0.0
Tumour epithelial (proliferative),491.6557486236831,1193.6270851892086,0.0
Tumour epithelial (proliferative),494.2710070940075,1153.9336961100062,0.0
Tumour epithelial (proliferative),478.118003812345,1157.8988918575035,0.0
Tumour epithelial (proliferative),489.9210392250826,1156.1497132678876,0.0
Tumour epithelial (proliferative),481.81054773355123,1182.7500780014525,0.0
Tumour epithelial (proliferative),484.8471337484191,1193.2034629712002,0.0
Tumour epithelial (proliferative),504.8358430791312,1129.8034198796406,0.0
Tumour epithelial (proliferative),501.9587687405446,1123.7255947620454,0.0
Tumour epithelial (proliferative),497.164462851497,1155.289465682236,0.0
Tumour epithelial (proliferative),497.1177726205772,1149.8839798898819,0.0
Tumour epithelial,622.9945076977575,1138.1439205155723,0.0
Tumour epithelial,597.4386974477337,1126.653088175932,0.0
Tumour epithelial,645.9857016460105,1143.5831890006052,0.0
Tumour epithelial,210.4072150301419,1224.6197098984767,0.0
Tumour epithelial,221.84170038803074,1151.809975818161,2.6067502
Tumour epithelial,223.04532036134597,1177.8506951899872,0.0
Tumour epithelial (proliferative),483.8171759377527,1264.909841560435,0.0
Tumour epithelial,482.7628372215208,1271.7654335008015,0.0
Tumour epithelial (proliferative),454.0433734135053,1288.7866838547784,0.0
Tumour epithelial (proliferative),453.595147196678,1290.232200655861,2.7189443
Tumour epithelial (proliferative),448.7885074377559,1283.2608551873716,0.0
Tumour epithelial (proliferative),462.9144535472856,1266.3347063003325,0.0
Tumour epithelial (proliferative),462.321376067981,1273.206233473095,0.0
Tumour epithelial (proliferative),435.0936731054606,1311.7343108776615,0.0
Tumour epithelial (proliferative),451.7329240684468,1330.1392493310254,0.0
Tumour epithelial (proliferative),443.7352221518125,1338.7280846286124,0.0
Tumour epithelial (proliferative),456.7217991450466,1303.3416701613312,0.0
Tumour epithelial (proliferative),449.89775896482354,1314.5213192827473,0.0
Tumour epithelial (proliferative),448.3083151447426,1304.444770688694,2.782014
Tumour epithelial (proliferative),429.4481708427618,1284.3380768973238,0.0
Tumour epithelial (proliferative),436.58718682651914,1290.7440403204123,0.0
Tumour epithelial (proliferative),460.8257588962461,1255.226192056331,0.0
Tumour epithelial (proliferative),487.7422786405422,1254.6430900325058,3.596243
Tumour epithelial (proliferative),484.3062600904428,1254.644619814816,0.0
Tumour epithelial (proliferative),476.0913290857897,1277.5404892028776,3.4176784
Tumour epithelial (proliferative),455.714660587171,1271.2966827046482,0.0
Tumour epithelial,489.1841940791034,1261.576700870682,0.0
Tumour epithelial,483.5127173875996,1260.9716719670805,0.0
Tumour epithelial (proliferative),503.601181273109,1157.1206151072954,0.0
Tumour epithelial (proliferative),501.08752584454,1160.6031645359906,0.0
Tumour epithelial (proliferative),497.1993291399787,1196.2549962340552,0.0
Tumour epithelial (proliferative),478.0393793757044,1232.115898181152,0.0
Tumour epithelial (proliferative),476.3071877438224,1230.3029786619534,0.0
Tumour epithelial (proliferative),463.9790864236452,1233.8063076336925,0.0
Tumour epithelial (proliferative),448.4786627790531,1246.7454613753168,0.0
Tumour epithelial (proliferative),469.8976229582126,1245.6296126620375,0.0
Tumour epithelial (proliferative),462.6832651956882,1247.7099891217663,0.0
Tumour epithelial (proliferative),466.1339760300566,1239.9777044359155,0.0
Tumour epithelial (proliferative),494.51086421202825,1227.9455841222568,2.6527216
Tumour epithelial (proliferative),486.1690568870403,1229.6245202074722,0.0
Tumour epithelial (proliferative),466.2432917242914,1254.6680764769026,0.0
Tumour epithelial (proliferative),487.9973698407333,1242.6416928469062,0.0
Tumour epithelial (proliferative),488.488206868987,1250.3519231711214,0.0
Tumour epithelial,495.201911500102,1247.3419489943542,0.0
Tumour epithelial (proliferative),500.960968228853,1205.1429039732454,0.0
Tumour epithelial (proliferative),496.6004193656172,1204.1219017631854,0.0
Tumour epithelial (proliferative),470.9317876702315,1216.4789733358582,0.0
Tumour epithelial (proliferative),458.570413584812,1217.111283357321,3.94168
Tumour epithelial (proliferative),459.4859882973416,1223.845512567762,0.0
Tumour epithelial (proliferative),477.109558565413,1205.1699301273886,0.0
Tumour epithelial (proliferative),476.314135505147,1211.190133444641,0.0
Tumour epithelial (proliferative),476.495096004233,1207.1187453084583,0.0
Tumour epithelial (proliferative),498.5453144795175,1222.7301737819191,0.0
Tumour epithelial (proliferative),475.0956320247742,1224.2172496690898,3.331867
Tumour epithelial (proliferative),500.1186637148787,1215.245841312146,0.0
Tumour epithelial,589.9855980334562,1423.3270860808757,2.563658
Tumour epithelial,584.0494371318591,1433.2720733962697,0.0
Tumour epithelial,559.7356188947595,1431.6969075444154,0.0
Tumour epithelial,550.2886394621971,1423.3973285852762,0.0
Tumour epithelial,584.599107038118,1440.9021176310696,2.8827543
Tumour epithelial,563.5610626541461,1442.4176219728342,0.0
Tumour epithelial,583.1393760097383,1424.0326981713592,0.0
Tumour epithelial,560.0749756038592,1424.5945107247035,0.0
Tumour epithelial,571.5732337617958,1435.7249518484819,0.0
Tumour epithelial,574.2835299581283,1428.4175641992308,0.0
Tumour epithelial,618.6385800519165,1439.3102516556644,0.0
Tumour epithelial,610.750671886489,1438.6096113576884,0.0
Tumour epithelial,610.5115796596232,1424.8592905461912,0.0
Tumour epithelial,598.4510308913704,1430.9633769267746,0.0
Tumour epithelial,596.7377703155746,1456.8684556004482,0.0
Tumour epithelial,601.8789862138777,1463.3148307728923,0.0
Tumour epithelial,570.8579330500157,1461.2946257506896,0.0
Tumour epithelial,573.9169558720968,1466.1657075894202,0.0
Tumour epithelial,613.9012904243807,1453.3902405549647,2.7651205
Tumour epithelial,616.9608550443633,1462.4997117653854,0.0
Tumour epithelial,608.1236213441916,1472.3494701319823,0.0
Tumour epithelial,606.6019022617926,1459.135338020137,0.0
Tumour epithelial,639.1452800468846,1467.4458804191645,0.0
Tumour epithelial,620.8235235066263,1457.3694593069704,0.0
Tumour epithelial,622.918305416441,1464.8850248322392,0.0
Tumour epithelial,635.2020749200934,1457.7205443471134,0.0
Tumour epithelial (proliferative),439.69172067232245,1366.7756234274289,0.0
Tumour epithelial (proliferative),440.6975206706769,1361.0496482411315,0.0
Tumour epithelial,604.9834563187515,1422.4478436982083,0.0
Tumour epithelial,587.5020283236503,1414.5412913108776,3.244574
Tumour epithelial,558.6761171632312,1398.5586356635256,0.0
Tumour epithelial,577.1142646409081,1398.9896518293656,0.0
Tumour epithelial,579.101260638798,1394.1081164781835,4.3039665
Tumour epithelial,570.9627868791797,1383.8473565976353,0.0
Tumour epithelial,532.685402550663,1391.1556366199004,0.0
Tumour epithelial (proliferative),447.8138767539675,1340.5192047498938,0.0
Tumour epithelial,564.4549973210825,1418.49195412643,0.0
Tumour epithelial,550.6376847925935,1412.3679805758168,0.0
Tumour epithelial,570.9829608833927,1410.9460479186798,0.0
Tumour epithelial,540.650755945534,1404.6040803888927,0.0
Tumour epithelial,563.2551699330775,1373.1386254639783,0.0
Tumour epithelial,548.9291729160516,1396.7175426534511,0.0
Tumour epithelial,581.7000420788253,1492.7186490713752,0.0
Tumour epithelial,542.0724017684877,1533.16673075684,0.0
Tumour epithelial (proliferative),580.8792501285853,1507.5997339736743,0.0
Tumour epithelial,637.2718385150467,1504.020170850154,0.0
Tumour epithelial,606.1728301943049,1514.357802291779,3.036935
Tumour epithelial,622.9142578674125,1510.6104730415964,0.0
Tumour epithelial,635.5815246739008,1483.6558362214096,0.0
Tumour epithelial,637.9499145239503,1479.7968328625973,0.0
Tumour epithelial,617.3972254482882,1489.076237391286,0.0
Tumour epithelial,596.4411200292955,1497.6010767955715,0.0
Tumour epithelial,624.1705278485633,1484.2388107633753,0.0
Tumour epithelial,615.2496341783141,1502.7884411268926,0.0
Tumour epithelial,676.819324606434,1425.7066624640672,0.0
Tumour epithelial,653.7358019216798,1448.8251151782326,0.0
Tumour epithelial,675.4786456992828,1504.5496030112702,0.0
Tumour epithelial,680.3823469587275,1498.9689571444221,2.5279164
Tumour epithelial,659.1999293692503,1495.3403135051228,3.0464292
Tumour epithelial,667.0869451616637,1484.6744162761454,0.0
Tumour epithelial,666.038884926996,1489.0191255183797,0.0
Tumour epithelial,691.1444611209103,1454.3977296879532,0.0
Tumour epithelial,674.5464505393643,1507.0413634305276,0.0
Tumour epithelial,688.8202437350617,1469.160128979369,0.0
Tumour epithelial,682.6986604693077,1404.437589080822,2.304297
Tumour epithelial,681.9654007506176,1384.4336456679396,0.0
Tumour epithelial,678.2965365847515,1408.7884174522962,0.0
Tumour epithelial,685.432493003889,1422.0540522352446,0.0
Tumour epithelial,600.8818549819465,1412.3907998286074,0.0
Tumour epithelial,607.2713413747377,1403.655615356698,0.0
Tumour epithelial,632.4061746553308,1409.6057036514092,0.0
Tumour epithelial,616.1245421777699,1388.2855100426384,0.0
Tumour epithelial,624.926686496206,1415.2081489161747,0.0
Tumour epithelial,734.3892079622926,1127.534115304628,0.0
Tumour epithelial,726.8908524880113,1149.2493751949537,0.0
Tumour epithelial,689.0811194246124,1117.5360955358208,0.0
Tumour epithelial,707.5282862438252,1126.0133842066373,0.0
Tumour epithelial,697.2173622516952,1144.703754542674,0.0
Tumour epithelial,691.4341477106325,1153.5665483556083,0.0
Tumour epithelial,692.911152530929,1142.6560134388915,0.0
Tumour epithelial,665.809130746314,1140.5284686912712,0.0
Tumour epithelial,641.1419009251415,1158.5296720966567,0.0
Tumour epithelial,663.9333626705463,1159.107547364256,0.0
Tumour epithelial,645.7693968014707,1155.5199528836079,0.0
Tumour epithelial,648.026112542891,1134.1361458271135,0.0
Tumour epithelial,712.0085724432824,1132.2438051096542,0.0
Tumour epithelial,694.5707273087836,1136.1351888606946,2.4246843
Tumour epithelial,724.5216977468067,1135.1510289079336,0.0
Tumour epithelial,716.0594678706042,1155.5715830365702,0.0
Tumour epithelial,709.0411294017797,1152.4866495266135,0.0
Tumour epithelial,604.2254491841508,1328.6190281604718,0.0
Tumour epithelial,614.761155564455,1371.1766796514144,3.1753745
Tumour epithelial,568.33458900015,1364.285902717918,0.0
Tumour epithelial,551.022201950303,1362.0552251462325,0.0
Tumour epithelial,557.312634938522,1347.3412689613,0.0
Tumour epithelial,555.0457525188333,1355.4127828743913,0.0
Tumour epithelial,538.5447556321126,1262.9447087013918,0.0
Tumour epithelial,550.5932573646742,1304.341000455333,0.0
Tumour epithelial,548.5816254975005,1321.445496463345,0.0
Tumour epithelial,542.4452224656183,1304.2636189668192,3.599698
Tumour epithelial,691.4731890300021,1276.9604467436727,0.0
Tumour epithelial,679.4941171049887,1286.8140295660446,2.526327
Tumour epithelial,677.3511948581065,1276.0062450278156,3.0755208
Tumour epithelial,680.3374892795334,1262.0286240614255,0.0
Tumour epithelial,686.9817641031001,1271.3080285901142,2.8197627
Tumour epithelial,687.647203472714,1331.787462288182,0.0
Tumour epithelial,681.1162440867133,1326.911408656944,0.0
Tumour epithelial,684.574093905195,1339.2882399177875,0.0
Tumour epithelial,677.1395431014263,1386.5582583327991,0.0
Tumour epithelial,684.8395589416757,1347.2802051507592,0.0
Tumour epithelial,679.9417059125203,1350.7345810885788,0.0
Tumour epithelial,688.7895046717703,1292.4268008614026,0.0
Tumour epithelial,689.5163265565725,1310.1053476812392,0.0
Tumour epithelial,681.3786814290388,1289.170531732727,0.0
Tumour epithelial,696.4208396603941,1172.4186931709264,0.0
Tumour epithelial,672.284731134972,1180.1417991629173,0.0
Tumour epithelial,680.3416324399562,1163.732589214796,0.0
Tumour epithelial,698.2935641067742,1157.917504208942,0.0
Tumour epithelial,597.6795744206275,1193.4032270445132,0.0
Tumour epithelial,686.9655898422185,1192.773849105811,0.0
Tumour epithelial,685.751325133663,1195.3424810861454,0.0
Tumour epithelial,649.746830807448,1222.2363090595102,0.0
Tumour epithelial,655.2635126514597,1210.60180466459,0.0
Tumour epithelial,652.8691165021402,1255.8683181809497,0.0
Tumour epithelial,674.9709173246897,1213.9747196944024,0.0
Tumour epithelial,416.7189478527189,696.6612390742923,0.0
Tumour epithelial,433.7166140627501,679.0246337861214,0.0
Tumour epithelial,753.0489507816646,700.2987427028036,0.0
Tumour epithelial,756.9195549896608,712.4090731370605,0.0
Tumour epithelial (proliferative),781.8290800194105,666.3727604141274,0.0
Tumour epithelial,734.1237588610444,670.4143815361947,0.0
Tumour epithelial,709.6992704349562,667.8533347264806,3.3515942
Tumour epithelial (proliferative),765.0280067714456,659.5811006261324,0.0
Tumour epithelial,298.961277422099,903.8449478135642,0.0
Tumour epithelial,293.1753857619937,917.7697275493302,0.0
Tumour epithelial,312.2146739465675,918.7658707968528,0.0
Tumour epithelial,445.6480874485974,917.1214185545418,0.0
Tumour epithelial,428.096225726307,919.1273456085178,0.0
Tumour epithelial,441.31220632511025,901.777765726259,0.0
Tumour epithelial (proliferative),440.4017627574119,910.2386092372432,0.0
Tumour epithelial,541.0727846403028,901.321380670445,0.0
Tumour epithelial (proliferative),455.2648089766391,933.1852801461825,0.0
Tumour epithelial,504.0792701154461,905.6958569267944,0.0
Tumour epithelial,529.0624955950261,895.1380643143898,0.0
Tumour epithelial,511.640537887226,901.2529229120728,0.0
Tumour epithelial (proliferative),688.9370967942197,791.1708714809046,0.0
Tumour epithelial,668.481309866756,781.5239367522405,0.0
Tumour epithelial,438.98920001692375,886.0510936521122,0.0
Tumour epithelial,447.2533390192149,887.846293192887,0.0
Tumour epithelial,450.3039161681262,887.2099037519306,0.0
Tumour epithelial,459.5257626374013,891.2188257771218,0.0
Tumour epithelial,646.865708919833,875.8963349374606,0.0
Tumour epithelial,546.4028649129602,874.0677351495843,0.0
Tumour epithelial,673.0426426581781,888.0565745195811,0.0
Tumour epithelial,642.0687577822075,884.8850170863213,0.0
Tumour epithelial,669.0088935409142,878.6106786828218,2.304297
Tumour epithelial,691.430466671949,859.6673843382,0.0
Tumour epithelial,686.0154675458547,877.6975261256162,0.0
Tumour epithelial,692.3426949856757,867.782369565267,3.3100035
Tumour epithelial,720.9089574694384,806.5767354564603,0.0
Tumour epithelial,692.24614341259,766.335238123774,0.0
Tumour epithelial,697.895199232113,777.6284098407773,0.0
Tumour epithelial,696.6253046272639,785.1388760916794,0.0
Tumour epithelial,713.1630162894243,824.0149152308394,0.0
Tumour epithelial,751.7881073888163,715.82220869344,0.0
Tumour epithelial,757.8799714461522,721.9549784923357,0.0
Tumour epithelial (proliferative),662.182271853043,758.0367427604375,2.945387
Tumour epithelial,684.653499168223,743.4601482787563,0.0
Tumour epithelial,658.257551595831,732.4415087454666,0.0
Tumour epithelial,684.0916866148787,749.1566114146566,0.0
Tumour epithelial,721.9165262785888,724.8551907883608,0.0
Tumour epithelial (proliferative),665.4112279933923,699.7144296013165,0.0
Tumour epithelial,727.5330423535597,702.3559174641643,0.0
Tumour epithelial,738.081831559661,696.5554928721142,0.0
Tumour epithelial,692.835571723676,686.2902711264953,0.0
Tumour epithelial,704.8822249692797,689.0083755867018,0.0
Tumour epithelial,734.1256710889319,683.6315732126601,0.0
Tumour epithelial,520.6000266903376,1009.8565034815642,0.0
Tumour epithelial,519.1789226652853,1024.6912487280565,0.0
Tumour epithelial,232.9730976257526,1022.8554462151374,0.0
Tumour epithelial,232.7153293065191,1019.1108578249267,0.0
Tumour epithelial,258.219158828468,1026.2647573157417,0.0
Tumour epithelial,242.6378798146999,1018.7871813845044,0.0
Tumour epithelial,249.6206349095846,1012.7750731653092,0.0
Tumour epithelial,277.7186565246308,1017.5387515376924,0.0
Tumour epithelial,277.3365933927104,1009.3407118793788,0.0
Tumour epithelial,270.1804629693601,990.5935483750837,0.0
Tumour epithelial,270.3013157718494,993.9477873125284,0.0
Tumour epithelial,290.49998772460776,997.4712584180157,0.0
Tumour epithelial,288.633717047348,984.2280604422804,0.0
Tumour epithelial,291.3115372400581,991.7119467255465,0.0
Tumour epithelial (proliferative),481.308205467508,967.366034930402,0.0
Tumour epithelial (proliferative),449.4243869512756,994.8915992568634,0.0
Tumour epithelial (proliferative),434.4937753466905,982.026321252626,0.0
Tumour epithelial (proliferative),487.7982431767162,992.3466151614042,0.0
Tumour epithelial,515.372218739196,976.6318626410892,0.0
Tumour epithelial (proliferative),453.97156925633027,988.9746562455355,0.0
Tumour epithelial (proliferative),495.1362902130962,983.8754456198276,0.0
Tumour epithelial,519.8967411437839,996.4779197713948,0.0
Tumour epithelial,512.4051422080383,1005.711239607995,0.0
Tumour epithelial,443.67724977635675,1024.57912843292,0.0
Tumour epithelial,442.3734609322019,1014.6943125550523,2.7019117
Tumour epithelial,479.563010685991,1092.4194921610883,0.0
Tumour epithelial,473.1378931135629,1094.345233125649,0.0
Tumour epithelial,216.03216084305018,1148.762521974799,0.0
Tumour epithelial,224.61060636911495,1110.5177092612992,0.0
Tumour epithelial,217.74424221164875,1101.2335879038214,0.0
Tumour epithelial,226.27755915956874,1114.2225870523796,0.0
Tumour epithelial,460.7937290791306,1129.6398606543307,0.0
Tumour epithelial,457.0810111537114,1129.3748258691248,0.0
Tumour epithelial,477.6357399391202,1127.3536009920488,0.0
Tumour epithelial (proliferative),503.9778901669444,1141.3748207542737,0.0
Tumour epithelial,474.009263491427,1107.6809829311387,0.0
Tumour epithelial,474.3715031942469,1112.3534480332887,0.0
Tumour epithelial,465.6743720572986,1101.5053792275633,0.0
Tumour epithelial,484.4282602296646,1047.1609462609265,0.0
Tumour epithelial,509.2371861373,1069.69126141783,0.0
Tumour epithelial,483.44598063432625,1074.2287232311232,0.0
Tumour epithelial,521.8337642528808,1051.7673757600285,0.0
Tumour epithelial,237.47945386540934,1077.3686014223802,0.0
Tumour epithelial (proliferative),228.9757764497454,1075.8231388437116,0.0
Tumour epithelial,219.55607813504463,1078.489421928167,0.0
Tumour epithelial,237.4081915061356,1080.518295716793,0.0
Tumour epithelial (proliferative),230.0046825350737,1073.2219989892897,0.0
Tumour epithelial,217.64837585355596,1089.2960591296637,0.0
Tumour epithelial (proliferative),214.3572404363985,1040.1505276026028,3.6530964
Tumour epithelial,224.10973014445196,1054.620292286303,0.0
Tumour epithelial,222.87800042119068,1063.737029962696,0.0
Tumour epithelial,230.86690608954254,1068.8922051245777,0.0
Tumour epithelial,251.30721990634996,1068.2213955816467,0.0
Tumour epithelial,247.7840675055105,1049.6873180049474,0.0
Tumour epithelial,459.8630796367545,1074.7761303343816,0.0
Tumour epithelial,465.90651652283975,1056.8970545500772,0.0
Tumour epithelial,466.88312317544523,1060.114314229848,0.0
Tumour epithelial,453.1383478248217,1058.9634717462275,0.0
Tumour epithelial,450.2383586220501,1047.491761685462,0.0
Tumour epithelial (proliferative),480.9570248159705,974.7837581287607,0.0
Tumour epithelial (proliferative),459.485191535722,934.8505756724672,0.0
Tumour epithelial,443.3286506324675,942.0112954427475,0.0
Tumour epithelial (proliferative),466.3974491624879,934.8813625414557,0.0
Tumour epithelial,306.98275470546776,972.388246513174,0.0
Tumour epithelial,274.4121595434438,969.833063868981,0.0
Tumour epithelial,274.847892538073,975.91796422976,0.0
Tumour epithelial,268.6975939835419,949.0609147727647,0.0
Tumour epithelial,265.9098844282307,955.0912528978207,0.0
Tumour epithelial,276.68541605609084,956.8178671983642,0.0
Tumour epithelial,290.1954335630603,973.637250028352,0.0
Tumour epithelial,287.5666938861291,982.248968319659,3.94168
Tumour epithelial,292.56296291056054,951.1597761020728,2.5575964
Tumour epithelial,293.5841563434093,941.5371904085094,2.5380533
Tumour epithelial,303.54023458055076,963.9256182561612,0.0
Tumour epithelial (proliferative),449.05621934200434,961.2723383213404,0.0
Tumour epithelial (proliferative),446.9575173650203,962.9899014098831,0.0
Tumour epithelial,418.2517578568653,973.2038754481173,0.0
Tumour epithelial,436.8725549682621,949.2610612916552,2.7376652
Tumour epithelial,433.32470295720924,948.63365932177,0.0
Tumour epithelial,677.9907872807743,1013.808951043145,0.0
Tumour epithelial,678.2014510530461,1019.326620871565,0.0
Tumour epithelial (proliferative),604.6994904774593,992.0601634238583,0.0
Tumour epithelial (proliferative),598.6984413095466,1009.0162705478015,0.0
Tumour epithelial,679.2489535545802,1010.115164173812,0.0
Tumour epithelial,672.9580903150862,1009.061271644087,0.0
Tumour epithelial,673.7905627906722,1004.4805934805365,0.0
Tumour epithelial,672.1645157417782,997.8861481286713,3.2605035
Tumour epithelial (proliferative),710.8629726511201,968.826594590866,0.0
Tumour epithelial,606.818430199586,967.1678006393988,0.0
Tumour epithelial,641.5478669056555,983.3699800482347,0.0
Tumour epithelial (proliferative),695.8519677990985,974.1810876395538,0.0
Tumour epithelial,693.09939543122,890.1266249487177,0.0
Tumour epithelial,646.8051550367292,890.524304608386,3.1864293
Tumour epithelial,685.253954660127,895.3176862539545,0.0
Tumour epithelial,718.4328135779288,916.5341096293643,0.0
Tumour epithelial,717.519692891188,911.6390612011106,0.0
Tumour epithelial,649.1125448171679,914.5337917771916,0.0
Tumour epithelial,634.2794887053095,911.998177598381,0.0
Tumour epithelial,676.1585701951442,911.2325215522304,0.0
Tumour epithelial,683.9917249020602,908.075433309986,0.0
Tumour epithelial,610.5756074233892,950.7362813659236,0.0
Tumour epithelial,617.455644010251,942.1320845043073,0.0
Tumour epithelial,613.5151478729671,935.566832498191,0.0
Tumour epithelial,622.113608050921,979.407270196991,3.384052
Tumour epithelial,615.2359617489185,960.2372493658424,0.0
Tumour epithelial (proliferative),703.6581919632656,980.279246113686,0.0
Tumour epithelial (proliferative),697.147119747295,980.2253850281884,0.0
Tumour epithelial,701.1281869862584,977.2499584352554,3.8164907
Tumour epithelial,658.9773141726818,963.3134503684463,2.5189478
Tumour epithelial,701.292256139005,926.2982639275315,0.0
Tumour epithelial,698.482763121009,920.399295858346,0.0
Tumour epithelial,635.9885742502177,918.3384241230694,0.0
Tumour epithelial,717.2376392777833,919.369752363722,0.0
Tumour epithelial,710.4707587761637,929.2004521923737,0.0
Tumour epithelial,710.0940817527932,921.6717560356108,0.0
Tumour epithelial,678.819180336867,928.1750518581724,0.0
Tumour epithelial,701.661300186058,1043.4013787522638,0.0
Tumour epithelial (proliferative),668.3403149305185,1051.1641953433848,0.0
Tumour epithelial (proliferative),622.2012518290975,1037.6830524775164,0.0
Tumour epithelial,620.043015823883,1045.3324739549093,0.0
Tumour epithelial,659.8227419922055,1033.5164991334666,3.6101398
Tumour epithelial,651.8322109301492,1032.9915925783507,0.0
Tumour epithelial,657.759097526492,1041.899196264782,0.0
Tumour epithelial (proliferative),628.1082193849455,1152.4000893442399,0.0
Tumour epithelial,651.8052166464709,1144.253743579818,0.0
Tumour epithelial,687.3672533099855,1146.759654485443,0.0
Tumour epithelial,722.4647301434671,1148.7952848126047,0.0
Tumour epithelial,721.0535218977326,1150.5122104918516,0.0
Tumour epithelial,667.754217083003,1066.5030038610194,0.0
Tumour epithelial,691.3695462785003,1072.326438928649,2.5946257
Tumour epithelial,707.3023087132211,1074.880155531461,0.0
Tumour epithelial,660.606149887245,1060.2970594749622,0.0
Tumour epithelial,650.0411226793326,1054.1379646721487,0.0
Tumour epithelial (proliferative),651.7371094632115,1062.0478315878177,0.0
Tumour epithelial (proliferative),630.7912663338815,1085.4760652197565,0.0
Tumour epithelial,643.6254706349475,1079.095343204783,0.0
Tumour epithelial,613.7347672458452,1050.2943866182957,0.0
Tumour epithelial,483.2082907079113,1127.3278496564974,0.0
Tumour epithelial,484.080808422508,1120.1739501656823,2.8530085
Tumour epithelial,522.7843964766812,1050.7660694972099,0.0
Tumour epithelial,760.3708076219307,721.7612698073331,0.0
Tumour epithelial,760.2361549081867,732.1279671128481,0.0
Tumour epithelial,720.6241151903645,954.0394000778425,0.0
Tumour epithelial,733.2160402180857,975.8670352270233,0.0
Tumour epithelial,742.216131993342,1070.5581380601582,0.0
Tumour epithelial,744.517099875125,1088.602557815801,0.0
Tumour epithelial (proliferative),661.967560531743,1094.6274779618425,0.0
Tumour epithelial,671.3034076535772,1087.5175597124398,0.0
Tumour epithelial,704.6399138254701,1053.703060309604,0.0
Tumour epithelial,727.5964167727976,1066.6594878431456,0.0
Tumour epithelial,709.428339613764,1058.5156279749774,0.0
Tumour epithelial,715.144642113997,1047.5537178690167,0.0
Tumour epithelial,718.3412337973505,1164.7543563160111,0.0
Tumour epithelial,729.2889934169438,1156.0860998201638,0.0
Tumour epithelial,742.2452615981613,1104.3107450203688,0.0
Tumour epithelial,728.8301065296436,1113.5969060875932,0.0
Tumour epithelial,749.7161925374895,1105.6406357751878,0.0
Tumour epithelial,754.2670399459952,1075.2945990556095,0.0
Tumour epithelial (proliferative),754.0742395692391,1084.42242765375,0.0
Tumour epithelial,734.8246700579712,943.3560378341595,0.0
Tumour epithelial,725.2192306744655,928.2250247469655,2.915173
Tumour epithelial,719.9759336774353,928.7507599341658,0.0
Tumour epithelial (proliferative),722.922915880542,931.8808857631964,0.0
Tumour epithelial (proliferative),709.1120252507083,958.4468303947866,0.0
Tumour epithelial,731.940600152363,939.2888565993293,0.0
Tumour epithelial,720.7427211250861,906.7908623561002,2.8050528
Tumour epithelial,700.5698642488087,881.0425863692008,0.0
Tumour epithelial,714.1211699429156,833.1803509774337,0.0
Tumour epithelial,649.4587855466626,834.8161344533215,2.5521228
Tumour epithelial,646.6912181250997,882.0559396677108,0.0
Tumour epithelial,643.337775949275,824.676801043629,0.0
Tumour epithelial,649.8312875391455,815.1824621003866,0.0
Tumour epithelial (proliferative),672.995123795174,815.9829206940894,0.0
Tumour epithelial,695.1106607880486,845.8983236934052,0.0
Tumour epithelial,692.7403746453439,849.9483586181775,0.0
Tumour epithelial,687.9817636768626,826.8448212815346,0.0
Tumour epithelial,672.4829972964396,858.6219693521095,0.0
Tumour epithelial,689.4514223550246,828.9172301250655,0.0
Tumour epithelial,452.3708432917131,879.704855480043,0.0
Tumour epithelial,456.61624416565724,878.147218383824,0.0
Tumour epithelial,618.8023305000152,781.7980227494472,0.0
Tumour epithelial,577.6988645765783,851.6896970734547,0.0
Tumour epithelial,594.4891496722114,849.169699422392,3.8252237
Tumour epithelial,558.2726370789711,827.6596215843936,0.0
Tumour epithelial,569.0249351379982,820.3894586380193,3.5825472
Tumour epithelial,583.2449628595924,821.3253029661564,0.0
Tumour epithelial,588.8980184224469,846.004452341161,4.3633456
Tumour epithelial,675.2781804757444,779.1448065555561,0.0
Tumour epithelial,625.5832180709107,782.8327930002972,0.0
Tumour epithelial,653.1143597287106,785.8628455698828,3.5361168
Tumour epithelial,657.557230002503,810.4365037064274,0.0
Tumour epithelial (proliferative),204.11216082452785,891.0212288954147,0.0
Tumour epithelial (proliferative),190.36464461393223,892.1982051601641,0.0
Tumour epithelial (proliferative),188.64842008491078,894.682444149731,0.0
Tumour epithelial (proliferative),206.44628992492662,899.7121771621933,0.0
Tumour epithelial (proliferative),208.25576743392793,899.6771196509227,0.0
Tumour epithelial (proliferative),202.31708876561228,885.0048500339373,0.0
Tumour epithelial (proliferative),221.07935887021844,917.7513064206806,0.0
Tumour epithelial (proliferative),188.68513486035056,919.0260612714105,0.0
Tumour epithelial (proliferative),206.59072687136162,927.9736305206902,0.0
Tumour epithelial (proliferative),181.0381992792113,943.1108902189833,0.0
Tumour epithelial (proliferative),186.09368362722537,943.4153168986716,0.0
Tumour epithelial (proliferative),162.50131710161054,934.1173000185447,0.0
Tumour epithelial (proliferative),199.26268716092596,930.191878611107,0.0
Tumour epithelial (proliferative),196.95124983145877,949.1299461995033,0.0
Tumour epithelial,223.18688896594975,951.1998691467804,3.893389
Tumour epithelial (proliferative),217.53498073982786,906.857407886585,0.0
Tumour epithelial (proliferative),170.44917361131098,909.507118329349,0.0
Tumour epithelial (proliferative),180.85233072854737,908.770591888018,0.0
Tumour epithelial (proliferative),170.6542281817794,914.4082858868424,0.0
Tumour epithelial (proliferative),198.35189301811494,911.656271252098,0.0
Tumour epithelial (proliferative),189.56571580253927,908.4824191453732,0.0
Tumour epithelial (proliferative),155.70940234989726,891.3300536992441,0.0
Tumour epithelial (proliferative),146.99455123452495,896.8478510095234,3.1558044
Tumour epithelial (proliferative),145.47624229185863,891.9835894502583,0.0
Tumour epithelial (proliferative),156.12741536610235,888.5417704755666,0.0
Tumour epithelial (proliferative),185.28085929318334,902.789907947107,0.0
Tumour epithelial (proliferative),166.09101503293462,895.4114491613713,0.0
Tumour epithelial (proliferative),169.4632289125216,898.648596011172,0.0
Tumour epithelial (proliferative),132.15814872386343,718.6768462248132,0.0
Tumour epithelial (proliferative),110.98940356378186,740.0486699865461,0.0
Tumour epithelial (proliferative),129.3078455757018,746.281704267676,0.0
Tumour epithelial,178.69591133982595,732.2687708262969,0.0
Tumour epithelial,296.3758815772842,822.8562963538099,2.3382704
Tumour epithelial,196.76423394406234,841.0144936687582,0.0
Tumour epithelial,142.84125600382825,868.9395224009162,0.0
Tumour epithelial (proliferative),137.6723765420861,855.3335110539947,0.0
Tumour epithelial (proliferative),147.63049448897422,880.0251536511975,0.0
Tumour epithelial,138.62211639287236,848.3240485096147,0.0
Tumour epithelial,136.28894340641736,835.2692687217268,0.0
Tumour epithelial (proliferative),156.31347513955504,837.0163438606664,0.0
Tumour epithelial,132.2327893524051,815.8019601950034,0.0
Tumour epithelial (proliferative),179.3215285636828,870.1185383754123,0.0
Tumour epithelial (proliferative),178.5044973282883,850.8162551153792,0.0
Tumour epithelial,185.06235538657293,833.3418067520674,2.7526596
Tumour epithelial,186.10885396846612,839.0757495545625,0.0
Tumour epithelial (proliferative),125.52131565382552,809.6507692674581,0.0
Tumour epithelial,129.61501311536213,802.4690149904154,0.0
Tumour epithelial (proliferative),145.72693536790845,771.8571785944761,0.0
Tumour epithelial (proliferative),151.47349887446103,802.3055195060351,0.0
Tumour epithelial (proliferative),149.54960639685828,797.8481163002981,0.0
Tumour epithelial (proliferative),152.38626898608916,805.3509336396502,0.0
Tumour epithelial,320.77272237516564,766.546921750919,0.0
Tumour epithelial,281.6061520789665,775.806694073296,0.0
Tumour epithelial,311.08429230134305,807.2229410005724,0.0
Tumour epithelial,314.84054528166746,828.9378821862505,0.0
Tumour epithelial,306.541603731824,815.782774175199,0.0
Tumour epithelial,303.07651931783465,797.5167272073962,3.5042973
Tumour epithelial,595.1879414832295,753.570097119911,0.0
Tumour epithelial,501.39208000608727,790.7049252856531,0.0
Tumour epithelial,554.6663346354907,806.3017570862393,0.0
Tumour epithelial,549.4289336744469,743.7091203497073,0.0
Tumour epithelial,572.4655430350277,739.1969636854585,0.0
Tumour epithelial,549.564478761205,726.3249928836145,0.0
Tumour epithelial,553.9222230235391,731.4052724532362,0.0
Tumour epithelial,579.672156274608,722.3441168674398,0.0
Tumour epithelial,563.5087632214234,716.8614408093607,0.0
Tumour epithelial,525.2137545258769,724.3778987076436,0.0
Tumour epithelial,523.8136212666573,731.6272183700443,0.0
Tumour epithelial,530.3074515611759,743.021674424155,0.0
Tumour epithelial,526.3298582028747,743.7176616342714,0.0
Tumour epithelial,538.6941006301255,732.0285312626986,0.0
Tumour epithelial,538.9055930344817,726.7898554830631,2.4079556
Tumour epithelial,537.40952967624,712.1208366534865,0.0
Tumour epithelial,540.4710383945747,702.9986172571495,0.0
Tumour epithelial,546.9012871118342,698.6743688533112,2.6502724
Tumour epithelial,554.931815607204,683.720109363851,0.0
Tumour epithelial,553.5388850730271,697.9360576659517,0.0
Tumour epithelial,577.0163904435334,709.3026589338347,0.0
Tumour epithelial,588.0248314280898,708.3153119345944,0.0
Tumour epithelial,575.787592803033,705.8071063555046,0.0
Tumour epithelial,582.1891581019802,701.6524725652868,0.0
Tumour epithelial,684.1986120242541,685.8422998733862,0.0
Tumour epithelial,685.6605102442395,694.0026049013867,0.0
Tumour epithelial,589.7855471259601,716.8867459584051,0.0
Tumour epithelial (proliferative),596.979380309159,680.6423148380076,0.0
Tumour epithelial,637.4368956522019,699.4914000887057,0.0
Tumour epithelial,626.7629033251673,736.3853512815538,0.0
Tumour epithelial,629.5797106148332,735.5358759130015,0.0
Tumour epithelial (proliferative),592.1448220230793,762.8301244060065,0.0
Tumour epithelial,609.8320057388743,748.2018360304334,0.0
Tumour epithelial,635.8135735280476,733.0877780305084,0.0
Tumour epithelial,678.4865164253736,737.0310468982292,0.0
Tumour epithelial,684.8583465806703,762.5672568124063,0.0
Tumour epithelial,673.6255534592143,744.1239463194332,0.0
Tumour epithelial,651.305392147146,735.177843111534,0.0
Tumour epithelial (proliferative),650.999722519331,743.2685430444299,0.0
Tumour epithelial,643.1450871191455,675.68059339741,0.0
Tumour epithelial,563.4989471182676,674.8007136054467,0.0
Tumour epithelial,595.5977637899831,674.1283742802055,0.0
Tumour epithelial,547.9645814286725,518.9670801837923,0.0
Tumour epithelial (proliferative),539.2876242959372,515.4751289679837,0.0
Tumour epithelial,534.4718058431553,516.0478730907514,0.0
Tumour epithelial,535.7816500756204,524.112949169955,0.0
Tumour epithelial (proliferative),552.2304750114776,540.1995025325273,0.0
Tumour epithelial (proliferative),536.567511996449,544.3172303245167,0.0
Tumour epithelial (proliferative),550.0081475015674,534.0602948997436,0.0
Tumour epithelial,553.7219490227894,544.5227310814921,0.0
Tumour epithelial,456.11536794099425,526.2309965190675,0.0
Tumour epithelial,440.5780701686384,527.7039537903355,0.0
Tumour epithelial,434.8603494327221,527.9252622978476,0.0
Tumour epithelial,426.5419668993559,545.7989519736024,0.0
Tumour epithelial,471.8809219821867,505.121849128146,0.0
Tumour epithelial,458.8324206758627,511.6537327576255,0.0
Tumour epithelial,445.751315884057,511.25500137261923,0.0
Tumour epithelial,432.00682736761655,513.048352426436,0.0
Tumour epithelial,469.2025599915751,502.1473467786919,0.0
Tumour epithelial (proliferative),522.527329307673,530.5570615393988,0.0
Tumour epithelial,508.4362176161603,521.7981973121495,3.1240873
Tumour epithelial,514.3244134682463,518.8602185153464,0.0
Tumour epithelial,492.1603536927267,526.7789772906923,0.0
Tumour epithelial,496.3047889342113,514.891676369046,0.0
Tumour epithelial,463.3771489551284,526.6076098015085,0.0
Tumour epithelial,458.96943180400126,519.8616841304893,3.1976187
Tumour epithelial,493.3712401320142,533.2243963491925,0.0
Tumour epithelial,509.029008261282,543.3610526398426,0.0
Tumour epithelial,506.4834504974566,534.1274140985945,0.0
Tumour epithelial,142.6752746231942,530.7922974400248,3.4780712
Tumour epithelial,145.60576386077122,536.1785334716449,0.0
Tumour epithelial (proliferative),56.431884669549326,519.3276307519784,0.0
Tumour epithelial,108.65960884659475,544.4704635192342,0.0
Tumour epithelial,243.61923516655926,520.3970441980566,0.0
Tumour epithelial,254.2087707618963,524.9801763873961,0.0
Tumour epithelial (proliferative),190.37822143193338,520.9937230398828,0.0
Tumour epithelial (proliferative),214.50499191117183,529.4930023314055,0.0
Tumour epithelial,175.8134827631545,537.5024963200127,0.0
Tumour epithelial,215.37735027344434,544.796498374051,0.0
Tumour epithelial (proliferative),228.77244288437575,537.7816815915861,0.0
Tumour epithelial,201.34478462575368,501.07012506873974,0.0
Tumour epithelial (proliferative),201.77567330973454,513.835042979349,0.0
Tumour epithelial (proliferative),188.64287462403706,508.609019774236,0.0
Tumour epithelial,55.3772909895991,509.4018931973183,0.0
Tumour epithelial (proliferative),171.44206607142488,505.1581177170786,2.5178988
Tumour epithelial (proliferative),173.3178341471925,496.323656747344,0.0
Tumour epithelial (proliferative),187.27155226498905,497.311800508204,0.0
Tumour epithelial (proliferative),170.68201922707757,492.358556611241,3.036935
Tumour epithelial,220.85040145115642,504.529122223954,0.0
Tumour epithelial,218.89502095433966,507.5434945248621,0.0
Tumour epithelial (proliferative),226.0176236487294,507.5536612031306,0.0
Tumour epithelial,239.5148292288527,511.5661208499137,3.3515942
Tumour epithelial,247.3543261582621,506.16092189174276,0.0
Tumour epithelial (proliferative),210.1208907744552,496.8875090104349,3.2653363
Tumour epithelial,208.60876470195842,498.1396995720922,0.0
Tumour epithelial,240.70155785582844,496.8253616040915,0.0
Tumour epithelial,260.6842755391597,500.0500789726234,0.0
Tumour epithelial,403.54522749022914,462.975677208126,0.0
Tumour epithelial,412.62362499747786,461.0254597266056,0.0
Tumour epithelial (proliferative),185.1814234430339,469.1182949806424,0.0
Tumour epithelial (proliferative),180.90663800055208,467.99983288925,0.0
Tumour epithelial (proliferative),173.06510136139605,470.2664922156853,0.0
Tumour epithelial (proliferative),176.07717898883925,471.1374164070422,0.0
Tumour epithelial (proliferative),119.36030862312445,450.6138888066642,0.0
Tumour epithelial (proliferative),167.92025223010668,477.375964278581,0.0
Tumour epithelial (proliferative),181.96779699624935,481.7426960119862,0.0
Tumour epithelial (proliferative),177.20125028203492,483.735205600285,0.0
Tumour epithelial,217.70223693905356,477.4416174360514,0.0
Tumour epithelial (proliferative),200.1066170686045,473.1590237296956,0.0
Tumour epithelial,215.59547173447726,490.8155161878963,0.0
Tumour epithelial,215.75877599606883,487.2599833948288,0.0
Tumour epithelial (proliferative),206.68786804804606,487.7211490203616,0.0
Tumour epithelial (proliferative),188.17966928875762,484.979810991322,0.0
Tumour epithelial (proliferative),184.26349031610957,482.652151595276,0.0
Tumour epithelial (proliferative),210.25321694426944,489.7418320995361,0.0
Tumour epithelial,234.7801529794298,483.3804235862262,0.0
Tumour epithelial (proliferative),185.9873000157514,473.7624272395928,0.0
Tumour epithelial,199.2491103429248,450.7104881854472,0.0
Tumour epithelial (proliferative),187.09887808674878,466.1595047703306,0.0
Tumour epithelial,225.93954100999025,461.84169420038023,0.0
Tumour epithelial,539.9176396439353,443.8556930067003,0.0
Tumour epithelial,515.669506434771,448.1041853157291,0.0
Tumour epithelial,534.25938919532,440.7877145840128,0.0
Tumour epithelial,476.9521503398077,448.7403197929672,0.0
Tumour epithelial,458.4110293903897,451.295470566695,0.0
Tumour epithelial,472.836334775706,457.7972366069465,0.0
Tumour epithelial,483.88082125594127,459.69461285784274,0.0
Tumour epithelial,446.28903436601894,467.291894254837,0.0
Tumour epithelial,450.88647639404974,467.6707384698132,0.0
Tumour epithelial,464.9557568171802,466.631729447146,0.0
Tumour epithelial,486.5962804675701,468.92283342007624,0.0
Tumour epithelial,456.299133040982,439.0598573353425,0.0
Tumour epithelial,430.9604562675825,417.5536676940487,0.0
Tumour epithelial,463.5777097900612,438.13781291846004,0.0
Tumour epithelial,490.1033701541547,443.8976026679011,0.0
Tumour epithelial (proliferative),484.6448200379227,442.86930212140385,0.0
Tumour epithelial (proliferative),537.1871057024601,462.2412542174711,0.0
Tumour epithelial,507.4990028580372,462.958116582026,0.0
Tumour epithelial,510.2223022040048,453.6370892263196,0.0
Tumour epithelial,469.059525345591,474.5239401253205,0.0
Tumour epithelial,456.1300602252631,490.8693135324644,0.0
Tumour epithelial,456.6796982610571,474.2398149317044,0.0
Tumour epithelial,449.6631604734934,479.4567231838873,0.0
Tumour epithelial,434.8756791262868,483.9684017911642,0.0
Tumour epithelial,441.22682534993385,472.2931350717758,0.0
Tumour epithelial,452.839657828796,475.66436096695423,0.0
Tumour epithelial (proliferative),539.0740921818343,489.3256356998241,0.0
Tumour epithelial,513.1965814602053,492.140753854856,0.0
Tumour epithelial,491.953960562737,487.7331960560528,0.0
Tumour epithelial,476.3914532527312,487.7821172195077,0.0
Tumour epithelial,503.7480403748682,478.84764673125727,0.0
Tumour epithelial,492.5696023311142,484.4061744955402,0.0
Tumour epithelial,499.8996817512963,479.3830386692894,0.0
Tumour epithelial,586.0301227777203,607.7861136200258,0.0
Tumour epithelial,622.208996352042,597.1543177883752,0.0
Tumour epithelial,547.0004679982653,608.5119315851871,0.0
Tumour epithelial,553.4169805451997,593.7979116593249,0.0
Tumour epithelial (proliferative),570.8501247861418,599.8884212219072,0.0
Tumour epithelial,507.1232500781456,595.4356711040297,0.0
Tumour epithelial,545.7912706936116,595.631738203427,0.0
Tumour epithelial,536.4849993631037,602.5387053330375,0.0
Tumour epithelial,545.131838906611,604.2852705445403,0.0
Tumour epithelial (proliferative),603.9032706555736,630.6433560047602,0.0
Tumour epithelial (proliferative),573.3845278872902,631.6064177098293,0.0
Tumour epithelial,592.6866199245345,642.492858555164,2.8392575
Tumour epithelial (proliferative),577.1645243638842,636.5039520343367,0.0
Tumour epithelial,585.7348110509624,628.425171655273,0.0
Tumour epithelial,590.231255576069,615.384478612823,0.0
Tumour epithelial,585.1622581509833,625.3870239876303,0.0
Tumour epithelial,404.2877455789411,637.1384292474056,0.0
Tumour epithelial,247.5468237656027,652.1742133858025,0.0
Tumour epithelial,145.2977039480967,707.1747317406368,0.0
Tumour epithelial (proliferative),117.3888654120528,673.5005261238133,0.0
Tumour epithelial (proliferative),139.97495388234128,694.4920077587246,0.0
Tumour epithelial (proliferative),121.37541437096046,691.1355378887447,0.0
Tumour epithelial (proliferative),134.28671332635713,686.72976483597,0.0
Tumour epithelial (proliferative),130.18619558535514,668.3169862482671,0.0
Tumour epithelial,266.9254686592761,687.4367792269042,0.0
Tumour epithelial (proliferative),237.9593593242395,617.8828043478272,0.0
Tumour epithelial,242.6240480329804,625.3991985051806,0.0
Tumour epithelial,118.60402249362254,601.719379424178,0.0
Tumour epithelial (proliferative),135.90866502052535,653.7903646553789,0.0
Tumour epithelial (proliferative),126.35243363465786,656.4031690999143,0.0
Tumour epithelial,143.73815462399023,651.695009077198,0.0
Tumour epithelial,67.42566524030153,660.7612639373612,0.0
Tumour epithelial (proliferative),235.0057958701535,610.8922728595335,0.0
Tumour epithelial (proliferative),226.656881431517,609.7942078656076,0.0
Tumour epithelial,193.96798310418706,615.2042830048917,0.0
Tumour epithelial (proliferative),202.0901710562969,597.7880938512187,0.0
Tumour epithelial (proliferative),223.57564489547627,606.5546388604828,0.0
Tumour epithelial,250.6134636287689,598.2554423469211,0.0
Tumour epithelial (proliferative),223.80033167225622,597.4806076069104,3.9642282
Tumour epithelial (proliferative),223.0931260585332,591.3983206242444,0.0
Tumour epithelial (proliferative),234.550239446424,596.684228432701,0.0
Tumour epithelial (proliferative),232.7350252537602,604.4452602777936,0.0
Tumour epithelial (proliferative),235.6171351257837,617.6288604843687,0.0
Tumour epithelial,244.7942992034213,601.570353130813,0.0
Tumour epithelial,385.8033221863871,549.8005437918916,0.0
Tumour epithelial,425.7369826996526,557.8784317979413,0.0
Tumour epithelial,185.0257680929923,580.6033480128615,0.0
Tumour epithelial,72.61710899111604,550.4408214295526,0.0
Tumour epithelial,96.91923076763723,568.6188421736013,0.0
Tumour epithelial (proliferative),62.568606406079276,577.3576598784966,0.0
Tumour epithelial,156.24202155749254,548.5175663612456,0.0
Tumour epithelial,145.32900074452195,557.8291600593736,0.0
Tumour epithelial,197.90927600309078,587.7890542275383,0.0
Tumour epithelial (proliferative),192.72892317402372,556.9515749408753,0.0
Tumour epithelial,183.28908272557473,572.568995061717,0.0
Tumour epithelial,157.74586130914355,568.3524050879442,0.0
Tumour epithelial,216.54948222754555,552.109367743246,0.0
Tumour epithelial (proliferative),209.11990321628426,547.0655479853456,0.0
Tumour epithelial,214.63585203960565,566.1586972554169,0.0
Tumour epithelial,245.6391852250436,564.0487450043614,0.0
Tumour epithelial (proliferative),237.539115375499,560.7461999608087,0.0
Tumour epithelial,224.87079684367262,554.564222164275,0.0
Tumour epithelial (proliferative),217.36466497598215,563.8879266390236,0.0
Tumour epithelial (proliferative),225.9095190321567,567.040744238986,0.0
Tumour epithelial (proliferative),223.3150082344115,585.5662167901914,0.0
Tumour epithelial (proliferative),227.2661809774006,583.039462600593,0.0
Tumour epithelial (proliferative),230.28036205552004,585.7154343063452,0.0
Tumour epithelial,254.2885744057342,581.441796200596,0.0
Tumour epithelial,251.514314186565,571.3814378026567,0.0
Tumour epithelial (proliferative),433.2068459784103,595.762279627213,0.0
Tumour epithelial (proliferative),425.452315708135,591.3784971951441,0.0
Tumour epithelial,417.92674285692175,605.918950569752,0.0
Tumour epithelial,410.14241370206645,614.379347894229,2.933516
Tumour epithelial,432.5477647665224,620.6818597886042,0.0
Tumour epithelial,436.2396075375032,637.9543768869972,0.0
Tumour epithelial,461.6096129777927,620.629464744487,0.0
Tumour epithelial (proliferative),410.7360648497374,625.7180306349546,0.0
Tumour epithelial,408.4949975065298,634.040683810603,0.0
Tumour epithelial,428.5782027653486,627.6544163347556,0.0
Tumour epithelial,422.86115130919296,634.7489092791993,0.0
Tumour epithelial,484.28296278068024,610.8207555365414,0.0
Tumour epithelial,481.2098213426966,611.44611779668,0.0
Tumour epithelial,447.2804926552172,593.4398151169278,0.0
Tumour epithelial,461.244409321747,597.1601819538969,0.0
Tumour epithelial,456.2947986577702,616.588098586138,0.0
Tumour epithelial,432.8598722282254,615.4809186392819,0.0
Tumour epithelial,487.613171387672,602.2324301663913,0.0
Tumour epithelial,465.4899376775502,604.3379205523759,0.0
Tumour epithelial,478.7606717348652,603.423429435649,0.0
Tumour epithelial,477.6803267193636,605.9593623191075,0.0
Tumour epithelial,461.12722162270876,600.6743468836652,0.0
Tumour epithelial,572.1184418029837,548.1082858523934,0.0
Tumour epithelial,577.1959486421687,551.5566064019024,0.0
Tumour epithelial,507.35287677696823,564.2561579892244,0.0
Tumour epithelial,497.4512970346202,510.483481160947,0.0
Tumour epithelial,500.7326482190867,498.7530785374692,0.0
Tumour epithelial (proliferative),526.102685529841,548.2485796384054,0.0
Tumour epithelial (proliferative),518.7541212400796,548.0302032136542,0.0
Tumour epithelial,527.3888181365013,562.6556869883257,3.569047
Tumour epithelial,563.2776386107555,549.7680359178042,0.0
Tumour epithelial (proliferative),549.2151465966256,552.4489156751343,0.0
Tumour epithelial,479.4646265611796,539.9997384592142,0.0
Tumour epithelial,573.1038765743363,565.739281938761,0.0
Tumour epithelial (proliferative),551.972260505737,556.7825339956213,0.0
Tumour epithelial (proliferative),570.8616300239315,565.8443269907137,0.0
Tumour epithelial,565.5680414334603,564.004190094583,0.0
Tumour epithelial,567.233050125562,560.3064512876157,0.0
Tumour epithelial,470.760228958259,569.7435508760926,3.2701943
Tumour epithelial,469.64594189775426,558.703685613252,0.0
Tumour epithelial (proliferative),482.0561734056992,574.6268072323735,3.6641464
Tumour epithelial (proliferative),430.42726339162095,562.1761002341434,0.0
Tumour epithelial (proliferative),433.8020587788561,576.5526756787933,0.0
Tumour epithelial,455.537970730367,554.7173278771331,0.0
Tumour epithelial,455.3913028513965,584.1541002362104,0.0
Tumour epithelial,454.7845529426962,586.9008881147292,0.0
Tumour epithelial (proliferative),540.2251258882436,570.8170756121291,0.0
Tumour epithelial (proliferative),537.6551234779231,575.03545033193,0.0
Tumour epithelial,495.2121419193001,571.581010653181,0.0
Tumour epithelial,535.615732435916,589.566533789889,0.0
Tumour epithelial,498.7251913828006,587.706573464658,3.1753745
Tumour epithelial,542.4149136536017,587.9702059494132,0.0
Tumour epithelial,570.5634499553424,569.490116940071,2.8362303
Tumour epithelial,560.0983685250161,557.869635549659,0.0
Tumour epithelial (proliferative),557.7845409106895,577.172364996199,0.0
Tumour epithelial,561.172116354306,587.0717775469412,0.0
Tumour epithelial (proliferative),887.9336098008233,437.5841910745672,0.0
Tumour epithelial (proliferative),892.9593789242275,450.39790266677227,0.0
Tumour epithelial,852.486466162882,456.05063952497875,0.0
Tumour epithelial (proliferative),886.8660089874302,457.7973959592703,0.0
Tumour epithelial (proliferative),900.669904050242,434.5367372312054,0.0
Tumour epithelial (proliferative),895.6869767991337,447.413042416261,0.0
Tumour epithelial (proliferative),897.3370980003696,439.06769746968115,0.0
Tumour epithelial (proliferative),874.6698991971867,442.887468286335,0.0
Tumour epithelial (proliferative),888.7965225540933,445.4129476573418,0.0
Tumour epithelial,805.6875967964991,462.208268286412,0.0
Tumour epithelial,809.879280002037,464.5260797088374,0.0
Tumour epithelial,779.643738183891,450.757146545902,0.0
Tumour epithelial,799.2438509374003,450.855403188854,3.0502548
Tumour epithelial,834.5578875791401,488.3837678538413,0.0
Tumour epithelial,843.6189236506935,490.161247416192,0.0
Tumour epithelial (proliferative),808.7150519232041,491.2156817438183,0.0
Tumour epithelial,816.0243916384233,486.2292606930074,0.0
Tumour epithelial,811.493080824835,482.755316289806,0.0
Tumour epithelial,813.2660427488014,478.168455256086,0.0
Tumour epithelial,825.4903339975366,465.0891670807734,0.0
Tumour epithelial,832.7413188917227,472.146212229087,0.0
Tumour epithelial,796.6892419615741,440.7235912088523,3.3024082
Tumour epithelial (proliferative),845.1560202323546,428.2288710987452,0.0
Tumour epithelial,852.7088343633483,559.4154168329754,0.0
Tumour epithelial,882.7110684439886,594.7443369817728,3.4349554
Tumour epithelial,846.2845932287021,570.4812246541563,0.0
Tumour epithelial,833.5506613774862,578.9319970982665,0.0
Tumour epithelial,882.8390681982073,534.5424312911092,0.0
Tumour epithelial,863.6221898161992,530.5392140791156,3.2437847
Tumour epithelial,811.2471683185038,500.8852763729491,0.0
Tumour epithelial,854.9842979056822,519.1626692262176,4.8806705
Tumour epithelial,778.8064692033537,516.672342977876,0.0
Tumour epithelial,803.7028795368417,525.1102078837453,0.0
Tumour epithelial,861.226224046489,477.8466273026215,0.0
Tumour epithelial (proliferative),848.3766263109285,468.1181041840912,0.0
Tumour epithelial,862.1994205593617,494.8689931228662,0.0
Tumour epithelial (proliferative),845.3008555595995,488.3164893026665,0.0
Tumour epithelial (proliferative),905.3676942204768,477.4431472183613,0.0
Tumour epithelial (proliferative),885.2603909064675,488.9058379375906,0.0
Tumour epithelial (proliferative),900.2537395209947,489.4825977389222,0.0
Tumour epithelial (proliferative),896.8962617475656,485.0933654573741,1.8732845
Tumour epithelial (proliferative),879.5913483217121,474.348875662221,0.0
Tumour epithelial (proliferative),881.1398943678493,469.5964475639091,0.0
Tumour epithelial,819.2642793481962,593.7627904071246,0.0
Tumour epithelial,810.137104094584,628.8377029515339,3.59452
Tumour epithelial,859.4329367336015,499.7354218737372,0.0
Tumour epithelial (proliferative),883.4748680355651,506.089500180145,0.0
Tumour epithelial,880.7943069828829,546.9538101357866,0.0
Tumour epithelial,900.6256638613032,524.6027344728706,0.0
Tumour epithelial,871.184222479134,520.9869983718118,0.0
Tumour epithelial,896.4249692818454,519.340219585571,0.0
Tumour epithelial (proliferative),888.305534141132,511.8892873628993,0.0
Tumour epithelial,790.020426880118,651.886040643158,0.0
Tumour epithelial,642.2000322266837,642.961290646669,0.0
Tumour epithelial,565.984142221778,655.26513854314,0.0
Tumour epithelial,583.254683351354,649.4499897963561,0.0
Tumour epithelial,634.7790901113808,659.1338305232488,0.0
Tumour epithelial (proliferative),697.1269935487791,663.2772459098601,0.0
Tumour epithelial,662.0122110529156,652.3175667364347,0.0
Tumour epithelial,686.8701537354003,637.9017268791616,0.0
Tumour epithelial,704.3071702378146,644.0384486156917,0.0
Tumour epithelial,713.8242646929182,647.7947653369456,0.0
Tumour epithelial,730.8162420249841,660.1605694169712,0.0
Tumour epithelial,807.223482300498,636.1375054301642,0.0
Tumour epithelial,688.614009957396,575.1689875794062,0.0
Tumour epithelial,679.8523889349422,573.7291437210565,0.0
Tumour epithelial,668.1224484332039,576.2606147394442,0.0
Tumour epithelial,667.0969206171435,566.3033891655703,0.0
Tumour epithelial,675.7953265726834,555.2143159050916,0.0
Tumour epithelial,669.9230022120636,552.2766876834012,0.0
Tumour epithelial,682.2150102308646,565.4242105238322,0.0
Tumour epithelial,683.9399991377037,551.4977735238972,0.0
Tumour epithelial,680.6870764078312,562.8102587425643,0.0
Tumour epithelial,615.493443233969,561.8075501792947,0.0
Tumour epithelial,600.962041071362,566.5555482830005,0.0
Tumour epithelial,602.078399712078,560.876996348313,1.8566862
Tumour epithelial,584.5656430500868,548.886498861672,0.0
Tumour epithelial,601.5031378225917,550.9170299144669,0.0
Tumour epithelial,603.2375285165443,548.3113007131151,0.0
Tumour epithelial,609.2954664641097,551.4971998555311,0.0
Tumour epithelial,682.5862692752205,592.488481742902,0.0
Tumour epithelial,599.9141083185531,571.8243097813992,0.0
Tumour epithelial,578.9841366806893,586.076335449644,0.0
Tumour epithelial,623.7711590542611,574.0145756037291,0.0
Tumour epithelial,701.3085578817457,631.7080844925141,0.0
Tumour epithelial,725.8578032422602,635.9135835445393,0.0
Tumour epithelial,704.3322841640703,616.3280993343691,0.0
Tumour epithelial,721.3630956574847,625.6285383698201,0.0
Tumour epithelial,689.4634534554834,621.6439016388,0.0
Tumour epithelial,681.6014241074665,622.1812376751844,0.0
Tumour epithelial,703.5936702072952,597.6129337767247,0.0
Tumour epithelial,680.932048735451,607.1220606156304,0.0
Tumour epithelial,689.227468598935,599.5369537361865,0.0
Tumour epithelial,697.2883696472508,610.7002214387,0.0
Tumour epithelial,693.148316594675,599.5627688126677,0.0
Tumour epithelial,771.6759626336957,545.8440168108175,0.0
Tumour epithelial,686.542445681182,544.3619764570839,0.0
Tumour epithelial,686.9617813216759,595.6084727641291,2.5631053
Tumour epithelial,693.7003130448633,579.045009766417,2.345066
Tumour epithelial,700.4119142253022,588.6829570240099,0.0
Tumour epithelial,687.378901964867,579.7946030983128,0.0
Tumour epithelial,692.8546461968538,569.80665439638,0.0
Tumour epithelial,779.6537455098354,503.29095466680474,0.0
Tumour epithelial,783.2859427059589,505.06540653500025,0.0
Tumour epithelial,788.5048109917265,509.9871624127492,0.0
Tumour epithelial,755.8985209091361,504.2239306531107,0.0
Tumour epithelial,772.9510361890734,512.5593320146755,0.0
Tumour epithelial,759.1676657055874,532.6476046773962,0.0
Tumour epithelial,773.3715829072295,494.1882718653849,0.0
Tumour epithelial,756.4465335512256,482.0096430250796,0.0
Tumour epithelial,747.9229530302993,480.80108312972175,0.0
Tumour epithelial,749.2162405563055,451.786690040526,0.0
Tumour epithelial,751.1340139046682,458.3479582385432,0.0
Tumour epithelial,769.3130545035903,458.4211965666342,0.0
Tumour epithelial,660.0567349447045,493.5245694361022,0.0
Tumour epithelial (proliferative),665.176502020203,477.2926230131512,0.0
Tumour epithelial (proliferative),655.8460091364536,443.2841599615946,0.0
Tumour epithelial (proliferative),653.804705866559,461.385341015031,0.0
Tumour epithelial (proliferative),654.496039988816,456.3850881825006,0.0
Tumour epithelial (proliferative),657.8867706084467,464.1722856791872,0.0
Tumour epithelial (proliferative),657.1508178354818,466.1896861004881,0.0
Tumour epithelial (proliferative),653.1896058960833,470.4206815243465,0.0
Tumour epithelial,681.6482577554775,445.4284367032305,0.0
Tumour epithelial,678.5284420218068,464.70363006819076,0.0
Tumour epithelial,686.8290089653545,489.2152682802512,2.6588748
Tumour epithelial (proliferative),686.5641494677049,449.9258692127456,2.966108
Tumour epithelial,682.658328396114,473.6613341252742,0.0
Tumour epithelial,698.7943765905076,471.6817002047511,0.0
Tumour epithelial (proliferative),634.8835614949672,492.996380223113,0.0
Tumour epithelial (proliferative),637.8825403613812,474.002507450867,0.0
Tumour epithelial (proliferative),610.744712109573,485.5274093173692,0.0
Tumour epithelial (proliferative),605.0628137760822,487.5190584031188,0.0
Tumour epithelial (proliferative),603.7374486272636,482.8977453969592,0.0
Tumour epithelial (proliferative),626.648042170059,480.0134683333298,0.0
Tumour epithelial (proliferative),606.5796248069033,478.3356477143821,0.0
Tumour epithelial,551.908200871506,456.0190877648352,0.0
Tumour epithelial,555.2221555414542,446.4684018398414,0.0
Tumour epithelial,552.3895723717167,459.8058726504299,0.0
Tumour epithelial,540.578314379063,466.757362819354,0.0
Tumour epithelial,562.8347347615482,465.230162017011,0.0
Tumour epithelial,594.830673572917,487.3286323759897,0.0
Tumour epithelial,550.2787914885766,478.5138354830312,3.5657017
Tumour epithelial (proliferative),634.5558693759813,461.788852969756,0.0
Tumour epithelial (proliferative),633.9969251644682,468.2591628612584,0.0
Tumour epithelial (proliferative),631.5136741593101,458.620705676229,0.0
Tumour epithelial (proliferative),631.4436547481632,446.639036308335,0.0
Tumour epithelial,610.4863063810435,528.0671177366345,0.0
Tumour epithelial,602.2759009823908,541.3333899288785,0.0
Tumour epithelial,606.2326191862536,530.3449954666762,0.0
Tumour epithelial (proliferative),589.3625304467827,516.901300396938,0.0
Tumour epithelial (proliferative),618.9000134746011,528.6062066485824,0.0
Tumour epithelial,580.60264636466,512.676041656742,0.0
Tumour epithelial,591.0907701410306,512.9393554368493,0.0
Tumour epithelial (proliferative),538.1803487376867,507.0260775289724,0.0
Tumour epithelial (proliferative),539.0103831227161,498.8270498862502,0.0
Tumour epithelial (proliferative),558.2746767887178,495.815290963455,0.0
Tumour epithelial (proliferative),546.264132779723,497.9181042303971,0.0
Tumour epithelial (proliferative),549.3841556714149,503.9657161473701,0.0
Tumour epithelial,589.316796329807,535.093917813861,0.0
Tumour epithelial,571.74453751005,530.6383312246171,0.0
Tumour epithelial,559.5618611207162,543.4943986645301,0.0
Tumour epithelial,582.3187752822871,535.0567568519141,2.73362
Tumour epithelial,617.6542288763667,497.742370487537,0.0
Tumour epithelial,620.2452020525201,509.746795367292,0.0
Tumour epithelial (proliferative),591.601048152807,499.4874377871946,0.0
Tumour epithelial (proliferative),598.1947286135173,496.1090410374381,0.0
Tumour epithelial (proliferative),611.7817770338878,501.9294802813773,0.0
Tumour epithelial,604.9674892158909,507.6736216326058,0.0
Tumour epithelial,606.695218982702,496.9155868899162,0.0
Tumour epithelial,683.6537226877141,495.0071834582021,0.0
Tumour epithelial,707.797097679109,499.8669512819316,0.0
Tumour epithelial,672.5751985510813,510.3259454534827,0.0
Tumour epithelial,673.0972686348307,501.2933139336745,0.0
Tumour epithelial (proliferative),636.377680754857,498.818094285644,0.0
Tumour epithelial (proliferative),636.1881152302772,503.3602729277262,0.0
Tumour epithelial,658.0495649426016,503.1506927512574,0.0
Tumour epithelial,664.2592381730392,500.0000423429009,0.0
Tumour epithelial,673.7821967936645,516.3218953470285,0.0
Tumour epithelial,692.6762193997185,521.1445022088113,0.0
Tumour epithelial,669.154445953617,530.5275176185371,0.0
Tumour epithelial,663.1005236846153,525.2062973350917,0.0
Tumour epithelial,664.2780417472662,522.1648670095755,0.0
Tumour epithelial,681.7511993567541,524.9569109480982,0.0
Tumour epithelial,680.484204964201,542.1738778263598,0.0
Tumour epithelial (proliferative),507.5055363033194,137.5219803167111,0.0
Tumour epithelial (proliferative),477.3431690723343,141.70552061849492,2.5620005
Tumour epithelial (proliferative),474.4802452201152,136.4799754703535,0.0
Tumour epithelial (proliferative),566.862555972361,141.2225077893476,0.0
Tumour epithelial (proliferative),558.5663871529542,127.29604688656394,0.0
Tumour epithelial (proliferative),450.9599378153941,139.82731445217075,0.0
Tumour epithelial (proliferative),448.72632816094773,135.54183646875137,3.705799
Tumour epithelial,454.3004087120488,138.61362341198145,0.0
Tumour epithelial,412.2240968508518,142.73356620127385,0.0
Tumour epithelial,411.013082929705,140.4267182187366,0.0
Tumour epithelial (proliferative),430.0414076743905,157.62048339862986,0.0
Tumour epithelial,428.948792529944,140.3642361725129,0.0
Tumour epithelial (proliferative),598.258660765889,152.26530513494907,0.0
Tumour epithelial,541.8054228849293,160.3951260633765,0.0
Tumour epithelial,533.8865684981891,158.59023790130513,0.0
Tumour epithelial (proliferative),547.393175865426,155.36924937715375,0.0
Tumour epithelial (proliferative),594.1541910872528,155.86885078322507,0.0
Tumour epithelial (proliferative),587.1386731545625,157.56980935961138,0.0
Tumour epithelial (proliferative),581.4539064792406,154.1410891459491,0.0
Tumour epithelial (proliferative),611.7824781841132,160.76366018299282,0.0
Tumour epithelial (proliferative),601.3772176162006,154.8005209329497,0.0
Tumour epithelial (proliferative),515.8898269578744,143.06364860511925,0.0
Tumour epithelial (proliferative),521.8473092004172,150.33153281326096,0.0
Tumour epithelial (proliferative),460.4806336330191,157.46674027647572,0.0
Tumour epithelial (proliferative),463.2478504794693,155.3312119774251,0.0
Tumour epithelial (proliferative),479.848697532382,158.4698631557877,0.0
Tumour epithelial (proliferative),506.5670785970693,146.90752942838782,0.0
Tumour epithelial (proliferative),503.4834517761693,145.02562628814783,0.0
Tumour epithelial (proliferative),510.4545422809402,136.13110542751355,0.0
Tumour epithelial (proliferative),507.9485676343859,143.95670683427383,0.0
Tumour epithelial (proliferative),520.0972063673223,139.01903165936153,0.0
Tumour epithelial (proliferative),583.3714886048145,136.79547713655683,0.0
Tumour epithelial (proliferative),587.8738610363724,133.28551910814105,0.0
Tumour epithelial (proliferative),511.83937771706,165.10985140184,0.0
Tumour epithelial (proliferative),494.8801472875672,180.78546699139088,0.0
Tumour epithelial (proliferative),492.6684963833622,165.9204448033466,0.0
Tumour epithelial (proliferative),505.161909804413,173.95251901625855,0.0
Tumour epithelial (proliferative),376.9361939902411,181.71343931472452,0.0
Tumour epithelial (proliferative),454.0862710591148,170.20005862124435,0.0
Tumour epithelial (proliferative),467.2365666299828,161.30552182537767,0.0
Tumour epithelial (proliferative),456.761031687205,177.52186765581325,0.0
Tumour epithelial,445.0850000766614,178.4548117716544,2.711042
Tumour epithelial (proliferative),459.37638576892374,178.7402755247917,0.0
Tumour epithelial (proliferative),424.8146195781222,215.31714746342925,0.0
Tumour epithelial (proliferative),397.7187965989091,214.22507411688423,0.0
Tumour epithelial (proliferative),349.14871818412314,205.46149306084575,0.0
Tumour epithelial (proliferative),471.88152752101774,201.14098943662054,0.0
Tumour epithelial (proliferative),467.13126661431176,205.51248580451212,0.0
Tumour epithelial (proliferative),469.6844732896872,207.1189484527917,0.0
Tumour epithelial (proliferative),468.3448301726419,209.45682233280345,0.0
Tumour epithelial (proliferative),462.2104349800417,213.7525148001885,0.0
Tumour epithelial (proliferative),456.095257677711,208.27924052922288,0.0
Tumour epithelial (proliferative),454.0733316504093,218.72660198112507,0.0
Tumour epithelial (proliferative),469.0024453431492,215.02623386081257,0.0
Tumour epithelial (proliferative),471.1816839846615,214.48056369788517,0.0
Tumour epithelial (proliferative),493.0046023050532,222.03191975511473,2.983747
Tumour epithelial (proliferative),471.4891064880402,212.44802480580825,0.0
Tumour epithelial (proliferative),489.726884353573,213.33123506134226,0.0
Tumour epithelial (proliferative),492.25357480224176,210.80985104506112,0.0
Tumour epithelial (proliferative),493.4956305560955,217.4068779045745,0.0
Tumour epithelial (proliferative),471.646100397603,193.35393535702553,0.0
Tumour epithelial (proliferative),496.6041800804626,190.61313912588744,0.0
Tumour epithelial,338.2508677123933,190.42121518691312,0.0
Tumour epithelial (proliferative),407.1044891276773,197.6506636145163,0.0
Tumour epithelial,420.7991322371839,188.02321767507223,0.0
Tumour epithelial (proliferative),470.0161492167721,186.404325545524,0.0
Tumour epithelial (proliferative),451.8089351269744,201.44186255948455,0.0
Tumour epithelial (proliferative),485.3400104864193,182.5781168949823,0.0
Tumour epithelial (proliferative),490.1854684714576,191.67076049999287,0.0
Tumour epithelial (proliferative),580.624828208155,147.93296163305382,0.0
Tumour epithelial (proliferative),568.4844439255995,124.50049719691408,0.0
Tumour epithelial (proliferative),568.2342289065215,147.4457897082512,0.0
Tumour epithelial (proliferative),565.4567178999437,132.65042042100873,0.0
Tumour epithelial,574.8164997408364,145.32538394474415,0.0
Tumour epithelial (proliferative),541.4760097608446,137.48279558024998,0.0
Tumour epithelial (proliferative),536.6221061026367,149.86493327348123,0.0
Tumour epithelial (proliferative),561.7926024333315,144.67554516764577,0.0
Tumour epithelial (proliferative),557.6055882508853,136.28903951578775,0.0
Tumour epithelial,547.5044356580131,121.7061028116129,0.0
Tumour epithelial (proliferative),549.8010850918171,148.97104641224206,0.0
Tumour epithelial (proliferative),554.1371255676281,128.2038292704522,0.0
Tumour epithelial,737.201888026768,212.90076069340367,0.0
Tumour epithelial,585.1552147782645,204.33496774186113,0.0
Tumour epithelial (proliferative),585.1326186187273,218.01625712662008,0.0
Tumour epithelial,581.20793023198,204.6569869181143,0.0
Tumour epithelial (proliferative),653.8417712171115,203.6767789029874,0.0
Tumour epithelial (proliferative),657.8630271121771,215.6799608346155,0.0
Tumour epithelial,673.8372052158945,213.0630929058191,0.0
Tumour epithelial,732.713283636,219.05838945483683,0.0
Tumour epithelial,729.6036664510625,199.3831739510462,2.9368918
Tumour epithelial,451.216750020684,399.5112876481525,0.0
Tumour epithelial,457.04534810360974,400.5249277808457,0.0
Tumour epithelial,445.0367800634319,387.5516726418944,0.0
Tumour epithelial,445.52436630427684,399.0442897275629,0.0
Tumour epithelial,448.8233737262378,396.5293913508669,0.0
Tumour epithelial,424.2898723753304,373.5214335381335,0.0
Tumour epithelial,442.9735817842256,377.24900310014556,0.0
Tumour epithelial,427.81334348081776,383.91059952132645,0.0
Tumour epithelial,451.8080108834955,441.2956979223243,2.4303355
Tumour epithelial,437.30331617038377,406.1875444831375,3.036935
Tumour epithelial,444.80272337000326,407.06101831167774,0.0
Tumour epithelial,430.1002724228604,409.4734531440692,2.431281
Tumour epithelial,430.8330062788814,388.3850534257269,0.0
Tumour epithelial,443.1310218802955,396.49997491186434,0.0
Tumour epithelial,405.03625531503394,388.53395223723277,0.0
Tumour epithelial,413.0922164413071,417.80815335540865,0.0
Tumour epithelial,408.0754865784795,409.5791037348529,0.0
Tumour epithelial,373.0540526739904,395.2524374380665,0.0
Tumour epithelial,383.8218079084414,396.1199514896907,0.0
Tumour epithelial,402.60568618817615,400.5328953970436,3.0755208
Tumour epithelial,189.4182192914843,430.8075104050242,0.0
Tumour epithelial,188.4197176295671,439.7602745400649,0.0
Tumour epithelial,226.06205107664874,431.7834796483338,0.0
Tumour epithelial,206.42480923165715,435.89250680343514,0.0
Tumour epithelial,197.79715570795435,395.51492258608914,0.0
Tumour epithelial (proliferative),134.31386696235947,417.204367399934,0.0
Tumour epithelial,192.23709816136153,396.8138352491309,0.0
Tumour epithelial (proliferative),200.2626548642236,418.1449604273251,3.579154
Tumour epithelial,211.06183437695898,419.3473374525134,0.0
Tumour epithelial,395.4695066757852,381.43512490957744,0.0
Tumour epithelial,206.86978466107587,379.2236014872316,0.0
Tumour epithelial,198.93352900055953,384.68753771201324,0.0
Tumour epithelial,201.06910510530733,376.8787957811277,2.7512858
Tumour epithelial,350.02936286724145,373.3064991235797,0.0
Tumour epithelial,378.3599113934063,384.2342759617488,0.0
Tumour epithelial,390.375076619796,386.86084844707415,0.0
Tumour epithelial,381.29594609185705,394.24791225830364,0.0
Tumour epithelial,379.3452186828998,406.47087291513384,0.0
Tumour epithelial,376.3200741648921,346.93716338928846,0.0
Tumour epithelial,369.36498263344646,358.0986782162383,0.0
Tumour epithelial,374.9299482316171,371.42677911017796,0.0
Tumour epithelial,255.12103094608776,346.23403719505876,0.0
Tumour epithelial,228.9795371645908,343.47819810453905,0.0
Tumour epithelial (proliferative),218.28527522194898,350.2994018133957,0.0
Tumour epithelial,259.0777491499505,332.9457425116436,3.3895733
Tumour epithelial,256.33032386213586,343.59580011961964,0.0
Tumour epithelial,252.87919871172514,336.3634674149528,0.0
Tumour epithelial,209.95592924869447,337.84385050451726,0.0
Tumour epithelial,231.73926445181505,336.98647126069676,0.0
Tumour epithelial,240.8589342109688,331.2881277673737,0.0
Tumour epithelial,360.1431999051008,341.4773384544649,0.0
Tumour epithelial,374.081683940727,335.186076834161,0.0
Tumour epithelial,276.93579042749275,330.2820728053009,0.0
Tumour epithelial,301.01214183143105,324.7802425978821,3.2461548
Tumour epithelial,367.75858372609645,330.7347608871991,0.0
Tumour epithelial (proliferative),359.76081806853256,324.7931182656579,0.0
Tumour epithelial,437.1927893984869,343.9381845228746,0.0
Tumour epithelial,441.9587943147999,344.96042968106144,0.0
Tumour epithelial,436.8768893514737,335.35448037011923,0.0
Tumour epithelial (proliferative),429.3654032456983,332.9185570051765,0.0
Tumour epithelial (proliferative),443.4116731932493,327.05340349913473,0.0
Tumour epithelial,396.149239948858,334.4917787586785,0.0
Tumour epithelial,382.740952965503,336.4026680866464,0.0
Tumour epithelial,414.8269895808372,347.01097538574555,0.0
Tumour epithelial,408.8191838743888,351.113564706959,0.0
Tumour epithelial,378.46068580307696,368.3249542538819,0.0
Tumour epithelial,382.6402422967619,356.42946262278423,0.0
Tumour epithelial,418.0021483766184,363.5779122641199,0.0
Tumour epithelial,424.09549441056714,362.86771082670646,0.0
Tumour epithelial,414.27945499571945,358.9860794378923,0.0
Tumour epithelial,572.5774402369105,304.92312641629405,0.0
Tumour epithelial,553.2736271945677,304.0315501637523,3.4795938
Tumour epithelial,578.491419295013,272.94987937585694,0.0
Tumour epithelial,515.6396119387965,305.84743363617673,0.0
Tumour epithelial (proliferative),505.6388194395526,296.3983507529382,0.0
Tumour epithelial,537.6194285573566,277.58024359401736,0.0
Tumour epithelial,533.177864972621,280.2711944182216,0.0
Tumour epithelial,528.1400687325662,288.89320686965624,0.0
Tumour epithelial (proliferative),431.1689847187132,287.9236435897697,0.0
Tumour epithelial (proliferative),341.5012726755473,290.8768564687431,0.0
Tumour epithelial,289.370434711468,294.92867613954365,0.0
Tumour epithelial (proliferative),316.5710477789155,283.61274891067916,0.0
Tumour epithelial (proliferative),338.30358146115844,277.4649681228665,0.0
Tumour epithelial (proliferative),344.8177132417492,283.54464172741973,0.0
Tumour epithelial,389.07508036095135,292.96759082952923,0.0
Tumour epithelial,385.4557428973712,310.5295554891585,3.7332869
Tumour epithelial,256.08670602926975,303.5099900074396,0.0
Tumour epithelial,263.7590742413126,310.1587107608448,2.5821044
Tumour epithelial,266.52128742479056,311.9668178398601,0.0
Tumour epithelial,303.0987649022591,308.406153901961,0.0
Tumour epithelial,309.25722229577684,318.95275998122395,0.0
Tumour epithelial (proliferative),306.2461007822774,298.7937348866662,0.0
Tumour epithelial,370.5598063584792,312.90342705915225,0.0
Tumour epithelial (proliferative),337.30380498064955,302.0441079793553,0.0
Tumour epithelial,416.7646500992299,310.8697727008076,0.0
Tumour epithelial,399.3700053797559,310.22430017738566,0.0
Tumour epithelial,359.8340563966234,318.7212529249786,0.0
Tumour epithelial (proliferative),496.3370418445802,253.4432426955808,0.0
Tumour epithelial (proliferative),498.1745016216686,254.1165221995334,0.0
Tumour epithelial (proliferative),489.1060476994348,255.8575419501626,0.0
Tumour epithelial (proliferative),446.1707312007129,248.8111574723217,0.0
Tumour epithelial (proliferative),486.1272747076986,251.6636278120891,3.3279712
Tumour epithelial (proliferative),402.76860800419024,254.69325013040006,0.0
Tumour epithelial (proliferative),412.8963086942338,269.23002246632444,0.0
Tumour epithelial (proliferative),403.66455051040845,267.5117582275563,0.0
Tumour epithelial (proliferative),483.880884996871,260.54235685741924,0.0
Tumour epithelial (proliferative),424.32531233217856,260.4781538060968,0.0
Tumour epithelial (proliferative),358.8778149710197,229.1496143979266,0.0
Tumour epithelial (proliferative),351.6017878591237,220.40072562615697,0.0
Tumour epithelial,295.7187763342134,219.8503864401376,0.0
Tumour epithelial,337.100917601787,219.9916044696287,0.0
Tumour epithelial (proliferative),337.7104083704593,221.74997768833688,0.0
Tumour epithelial (proliferative),378.21005646795675,272.0197398609175,2.6202278
Tumour epithelial,343.57814338414914,248.91532608649266,0.0
Tumour epithelial (proliferative),352.16723364545425,253.1574443025632,0.0
Tumour epithelial (proliferative),351.78733770513975,269.36652366702634,0.0
Tumour epithelial (proliferative),379.4340735387385,249.3344386337331,0.0
Tumour epithelial (proliferative),361.1625448509916,250.8874067068601,0.0
Tumour epithelial (proliferative),434.44765878413716,245.7854870916449,0.0
Tumour epithelial (proliferative),432.6662910250819,241.34835350151525,0.0
Tumour epithelial (proliferative),456.6507280085616,241.0891669465985,0.0
Tumour epithelial (proliferative),373.5586258725692,236.4921073641452,0.0
Tumour epithelial (proliferative),381.91984231061514,249.966461821013,0.0
Tumour epithelial (proliferative),400.79531630616066,240.6648595135971,0.0
Tumour epithelial (proliferative),459.489143473356,220.2715705675895,0.0
Tumour epithelial (proliferative),435.5749489942768,226.20049687367896,0.0
Tumour epithelial (proliferative),402.7427291867795,221.19436394039454,0.0
Tumour epithelial (proliferative),441.70679454969365,233.977607368259,0.0
Tumour epithelial (proliferative),480.1475787511962,232.8639577170502,0.0
Tumour epithelial (proliferative),476.83155250103675,233.607878106213,0.0
Tumour epithelial (proliferative),473.3652251389205,236.3506184357034,0.0
Tumour epithelial (proliferative),479.044860669411,231.1400205355492,0.0
Tumour epithelial (proliferative),473.421253416024,219.77128394652516,0.0
Tumour epithelial (proliferative),466.4601702371975,226.0383718192847,0.0
Tumour epithelial (proliferative),469.7229409406905,231.07167432380385,0.0
Tumour epithelial (proliferative),480.0033330275501,242.96479160527454,0.0
Tumour epithelial (proliferative),477.5529086011272,242.8387917227214,0.0
Tumour epithelial (proliferative),491.376372129321,234.22858727849194,0.0
Tumour epithelial (proliferative),492.1304273262875,229.90948595471755,0.0
Tumour epithelial (proliferative),488.576711149713,221.37097412103654,0.0
Tumour epithelial (proliferative),476.5500406855336,220.69876227765454,0.0
Tumour epithelial (proliferative),480.442029975405,230.00308950981014,0.0
Tumour epithelial (proliferative),496.914375314278,241.5258719904038,2.7554133
Tumour epithelial (proliferative),481.8252400178201,246.5256467659623,0.0
Tumour epithelial (proliferative),490.3054607713975,242.09045727418496,0.0
Tumour epithelial,504.8879194186004,276.91109131525536,0.0
Tumour epithelial (proliferative),510.2096814999472,278.90541752004725,0.0
Tumour epithelial (proliferative),494.621869040897,274.7756426923667,0.0
Tumour epithelial (proliferative),472.4885642639012,279.9377018746434,3.4826465
Tumour epithelial (proliferative),474.5253419277952,274.82714536346975,0.0
Tumour epithelial (proliferative),480.895514818923,294.9209634870641,0.0
Tumour epithelial (proliferative),490.0062927184,284.00150484020566,0.0
Tumour epithelial (proliferative),457.2598044611917,302.0321884255233,0.0
Tumour epithelial (proliferative),467.5064457258371,299.7446858151145,0.0
Tumour epithelial (proliferative),465.0413608856101,322.5775472942834,0.0
Tumour epithelial,422.0939654807323,316.3077982377138,0.0
Tumour epithelial,450.6247880076469,322.5056475257139,0.0
Tumour epithelial (proliferative),447.3340669065317,299.72393814253525,0.0
Tumour epithelial,436.7566102173507,303.32096628076135,0.0
Tumour epithelial (proliferative),472.8152683984786,286.2219519926932,0.0
Tumour epithelial,461.3119109661754,287.8715035093708,0.0
Tumour epithelial (proliferative),455.724731654045,285.4977275507715,0.0
Tumour epithelial (proliferative),435.5614996581348,284.476502247458,0.0
Tumour epithelial (proliferative),440.0821976069477,293.29955359079736,0.0
Tumour epithelial (proliferative),465.4718352535487,275.7802634835239,0.0
Tumour epithelial (proliferative),445.8247135644718,280.4172567583609,0.0
Tumour epithelial (proliferative),462.2079809542528,273.66753850203156,0.0
Tumour epithelial (proliferative),489.4978313231165,318.6177057848711,0.0
Tumour epithelial (proliferative),491.3783162276732,307.55164299997176,0.0
Tumour epithelial (proliferative),470.5157506228434,303.8863164556975,0.0
Tumour epithelial (proliferative),472.7809120374333,312.7079017576565,0.0
Tumour epithelial (proliferative),485.6501101088405,300.22685407694485,0.0
Tumour epithelial (proliferative),477.7170096243386,298.1532341557517,0.0
Tumour epithelial (proliferative),483.789161799201,306.5376522921659,2.8197627
Tumour epithelial,740.8630873458517,333.1171418712922,0.0
Tumour epithelial,629.2043721509839,334.5636785272481,0.0
Tumour epithelial,688.9420685867271,324.67271164967565,0.0
Tumour epithelial (proliferative),720.6169921414836,327.4306541908716,2.3684235
Tumour epithelial (proliferative),722.1941977030846,324.45557817305126,0.0
Tumour epithelial (proliferative),730.8469492178107,341.61068447915244,0.0
Tumour epithelial (proliferative),719.784009738461,335.9350327567609,0.0
Tumour epithelial,540.8619296452423,344.3809927606874,0.0
Tumour epithelial,531.6432702224462,354.094951076808,0.0
Tumour epithelial,536.0769618023783,358.95347595241066,0.0
Tumour epithelial,493.982834351363,355.3996960349066,0.0
Tumour epithelial,532.5866997212037,366.1016068890984,0.0
Tumour epithelial,545.9458424478503,358.7878132764245,3.1387522
Tumour epithelial,591.1593872517266,330.18722630208146,0.0
Tumour epithelial (proliferative),483.2989303097783,334.92585448913854,0.0
Tumour epithelial,545.9281224694263,343.27773288100065,2.8748298
Tumour epithelial,562.7120653425658,322.77753446085,0.0
Tumour epithelial,571.1848921483115,359.82287036145755,0.0
Tumour epithelial,565.8714163878104,347.024966519789,0.0
Tumour epithelial,599.039997080717,352.5654874714647,0.0
Tumour epithelial,490.8563417553182,348.67996788594604,0.0
Tumour epithelial,480.6088081176587,345.90870349046725,0.0
Tumour epithelial,482.2784061566902,357.8550922538369,0.0
Tumour epithelial,484.2936712568502,358.1696537413289,0.0
Tumour epithelial,469.4198528205235,360.1036810267353,0.0
Tumour epithelial,442.97291250446494,350.5162165853722,0.0
Tumour epithelial,435.7192584588526,351.07544763106836,0.0
Tumour epithelial,434.4083306305845,346.8642756363104,0.0
Tumour epithelial,451.6018089762946,364.1651893188326,0.0
Tumour epithelial,443.8653173890913,361.1493509765439,0.0
Tumour epithelial,451.1375837861419,359.9466552467077,0.0
Tumour epithelial,453.6469367019642,369.69171913646477,0.0
Tumour epithelial,462.2030091617452,350.4233779214346,0.0
Tumour epithelial,446.52994320937773,349.064070727613,0.0
Tumour epithelial,453.2848563514681,351.51745910726146,0.0
Tumour epithelial (proliferative),471.60938562216324,329.2408328500983,0.0
Tumour epithelial (proliferative),488.56112649243,323.0182520814201,0.0
Tumour epithelial,458.5005216555242,336.9447846927495,0.0
Tumour epithelial,446.71284780681606,343.3410276240765,0.0
Tumour epithelial (proliferative),469.2373306686626,332.92489922767,0.0
Tumour epithelial (proliferative),466.104559591054,328.6185620250446,0.0
Tumour epithelial,458.0345117193431,333.34823461149523,0.0
Tumour epithelial,504.99573720099,379.0786227428951,0.0
Tumour epithelial,512.0576585304168,382.9889375500215,0.0
Tumour epithelial,512.7366269123346,384.9300400786117,3.4378662
Tumour epithelial,527.0637075251634,371.1601508017324,0.0
Tumour epithelial,516.0449405100146,373.9744403246797,0.0
Tumour epithelial,522.1236580006241,373.427511278393,0.0
Tumour epithelial,458.393564375684,430.8779760026782,0.0
Tumour epithelial,464.9885515254506,428.4342443738615,0.0
Tumour epithelial,455.5483286314242,433.708838167317,0.0
Tumour epithelial,404.6897596218209,441.9004718622075,0.0
Tumour epithelial,371.56551074543927,429.9084445932564,2.33153
Tumour epithelial,375.76291469940736,427.0711445947297,0.0
Tumour epithelial,388.3896741451457,430.7750025309369,0.0
Tumour epithelial (proliferative),464.52808705014326,435.6153293711436,0.0
Tumour epithelial,503.129052207688,412.1340632857919,0.0
Tumour epithelial,493.573362619722,417.223617160668,0.0
Tumour epithelial,476.9309564807212,410.5679486459383,0.0
Tumour epithelial,456.44321941230424,406.40225580443774,0.0
Tumour epithelial,479.6265603927852,399.45487692547164,0.0
Tumour epithelial,521.6714798461625,409.50341138097315,0.0
Tumour epithelial,516.9181912453013,404.2715877512679,2.8415346
Tumour epithelial (proliferative),518.9235446309111,395.6771751223426,2.5631053
Tumour epithelial,521.6832400476706,393.3811630978344,0.0
Tumour epithelial,529.7279508998723,419.4564300534947,0.0
Tumour epithelial,529.6140458587075,429.5026698355312,0.0
Tumour epithelial,512.275461286802,433.24152154207945,0.0
Tumour epithelial (proliferative),519.11782698428,429.399537011466,0.0
Tumour epithelial,537.0688662780838,435.5439714004755,0.0
Tumour epithelial,548.460677083617,428.8000216982734,0.0
Tumour epithelial,733.0411032368453,392.57895162856795,0.0
Tumour epithelial,660.5694351118052,408.2992814802213,3.946645
Tumour epithelial,663.53236848254,410.9498205550699,0.0
Tumour epithelial (proliferative),665.886161659715,411.3011286884665,0.0
Tumour epithelial,660.2146212272816,423.7235347139617,0.0
Tumour epithelial,670.5630248860062,420.99504048223315,0.0
Tumour epithelial (proliferative),655.9947485956354,409.7811943520958,0.0
Tumour epithelial (proliferative),655.100399612657,418.57466990410865,0.0
Tumour epithelial,644.9274747330741,403.42682921150475,0.0
Tumour epithelial (proliferative),527.8858061644597,168.69056186209286,0.0
Tumour epithelial (proliferative),524.771711179219,174.86039701154115,0.0
Tumour epithelial,524.173311332294,171.22136360071988,0.0
Tumour epithelial (proliferative),525.9182192796278,163.34900822211046,0.0
Tumour epithelial (proliferative),497.8667922841068,162.01924494915056,0.0
Tumour epithelial (proliferative),512.4969610171026,173.00416553069073,0.0
Tumour epithelial (proliferative),506.07853624228073,176.38530314041932,0.0
Tumour epithelial (proliferative),505.4583369974383,169.87940987497723,0.0
Tumour epithelial (proliferative),511.3617669316947,185.69101673779338,0.0
Tumour epithelial (proliferative),496.7257659036421,178.64869574421337,0.0
Tumour epithelial (proliferative),505.2964350362977,180.19447702752996,0.0
Tumour epithelial,485.249147791299,187.03406999457133,0.0
Tumour epithelial (proliferative),491.69753080302473,200.29068543598373,0.0
Tumour epithelial (proliferative),518.5661173682746,180.9077699000282,0.0
Tumour epithelial (proliferative),525.6246922988983,183.0728421199405,0.0
Tumour epithelial (proliferative),513.7415664081396,196.07527466940843,0.0
Tumour epithelial (proliferative),512.6500348594961,199.7151048418495,0.0
Tumour epithelial (proliferative),521.6678466131763,194.81503681539115,0.0
Tumour epithelial,450.9042919838682,181.35741435253885,0.0
Tumour epithelial (proliferative),447.42856283463846,184.24236069592882,0.0
Tumour epithelial (proliferative),386.33020471031995,188.30523941801206,0.0
Tumour epithelial (proliferative),379.05054436543776,192.69179458051764,0.0
Tumour epithelial (proliferative),389.7940143057177,198.8037529659046,0.0
Tumour epithelial,419.6051690147005,180.32355240993547,0.0
Tumour epithelial (proliferative),383.5227354668381,179.45618177540283,0.0
Tumour epithelial,373.24138726603474,188.25442196190207,0.0
Tumour epithelial (proliferative),355.447469363653,199.17724294279603,0.0
Tumour epithelial,420.6168650490414,173.91241003631845,0.0
Tumour epithelial (proliferative),486.85334763657823,175.89531067948266,0.0
Tumour epithelial (proliferative),465.009745384537,166.62959451542193,0.0
Tumour epithelial,448.96873491615173,162.31187955686596,0.0
Tumour epithelial (proliferative),362.2355596595913,214.75375732207777,0.0
Tumour epithelial (proliferative),337.9196061013506,217.18053386362536,0.0
Tumour epithelial (proliferative),356.6990225160146,208.0336626627721,0.0
Tumour epithelial (proliferative),408.713692635929,201.0520389693875,0.0
Tumour epithelial (proliferative),398.9233089452384,205.07222720388256,0.0
Tumour epithelial (proliferative),393.5377103229142,209.0898658011943,0.0
Tumour epithelial (proliferative),403.28612061147436,192.65812343446544,0.0
Tumour epithelial (proliferative),413.093140684786,191.4332777315991,0.0
Tumour epithelial (proliferative),412.74129075348804,209.38167177682513,0.0
Tumour epithelial (proliferative),396.31107816906916,208.1646821435299,0.0
Tumour epithelial (proliferative),447.8737613573107,203.05632469442676,0.0
Tumour epithelial (proliferative),430.6630092196836,203.49760314992966,0.0
Tumour epithelial (proliferative),450.66637896419974,209.53302461411988,0.0
Tumour epithelial (proliferative),437.6920720999103,214.0668372591945,0.0
Tumour epithelial (proliferative),434.1211458723484,217.47071444555183,0.0
Tumour epithelial (proliferative),431.2019387793076,209.88726483027725,0.0
Tumour epithelial (proliferative),420.73861022454486,195.7841379735382,0.0
Tumour epithelial (proliferative),422.0490599958411,203.3073842808217,0.0
Tumour epithelial (proliferative),416.8738064411407,195.8825699040467,0.0
Tumour epithelial (proliferative),440.39949995441174,198.59581411837257,0.0
Tumour epithelial,426.1593619695341,197.05436721826763,0.0
Tumour epithelial (proliferative),435.68509332059614,191.62050077701667,0.0
Tumour epithelial (proliferative),463.2595788105126,185.16250882015618,0.0
Tumour epithelial (proliferative),472.3180891477315,186.03494685859067,0.0
Tumour epithelial (proliferative),463.0202634903932,193.15350200395187,0.0
Tumour epithelial (proliferative),453.7313934336616,189.84933156669473,0.0
Tumour epithelial (proliferative),457.5880383780792,201.21983696651466,0.0
Tumour epithelial (proliferative),456.977782718252,185.1051579187639,0.0
Tumour epithelial (proliferative),466.5548255176282,194.6489916938275,0.0
Tumour epithelial (proliferative),476.1632288543593,195.174934039049,0.0
Tumour epithelial (proliferative),517.1011277132044,160.13307116662853,0.0
Tumour epithelial (proliferative),424.4938752204607,137.79467994869944,0.0
Tumour epithelial (proliferative),446.04156020691306,147.38936305033786,0.0
Tumour epithelial (proliferative),447.9154797957228,141.90308562973735,0.0
Tumour epithelial (proliferative),457.0104180741982,145.4864572738003,0.0
Tumour epithelial (proliferative),451.50473154053975,144.03789684333015,0.0
Tumour epithelial (proliferative),433.9307835861489,147.04971950705502,0.0
Tumour epithelial,444.104568968281,137.690814103944,0.0
Tumour epithelial (proliferative),438.7332483141833,149.45538186567825,0.0
Tumour epithelial,438.227081592365,155.52114401234996,0.0
Tumour epithelial (proliferative),430.0634301655614,132.4267056934049,0.0
Tumour epithelial (proliferative),478.47020431875575,127.23985128952036,0.0
Tumour epithelial,462.3976739606917,143.7823913270968,0.0
Tumour epithelial (proliferative),462.993556040898,139.25735899507225,0.0
Tumour epithelial (proliferative),458.1554920036916,132.4652530205702,0.0
Tumour epithelial (proliferative),471.81450393356124,135.85439011696147,0.0
Tumour epithelial (proliferative),476.000052074627,125.98642574735226,0.0
Tumour epithelial (proliferative),467.8984524427722,149.81867329383638,0.0
Tumour epithelial (proliferative),471.6381009109402,156.6426497331299,0.0
Tumour epithelial (proliferative),461.409338977043,146.17691495827543,0.0
Tumour epithelial,491.8455691119812,132.31922255089563,0.0
Tumour epithelial (proliferative),492.4305833636937,134.81837691798466,0.0
Tumour epithelial,494.0412847837905,138.37402125767906,0.0
Tumour epithelial,482.630287958453,148.15329809138976,0.0
Tumour epithelial (proliferative),505.1471219087496,153.13973507743304,0.0
Tumour epithelial (proliferative),502.3492775456347,154.72004800935122,0.0
Tumour epithelial (proliferative),499.3674449892786,140.67138777694083,0.0
Tumour epithelial (proliferative),498.0647397409267,125.27918029554823,0.0
Tumour epithelial (proliferative),494.1760968498586,235.5253646203927,0.0
Tumour epithelial (proliferative),485.4384264816955,230.5298764223486,0.0
Tumour epithelial (proliferative),473.85822935878,242.91016562862194,0.0
Tumour epithelial (proliferative),475.6973464000374,244.1699891665969,0.0
Tumour epithelial (proliferative),476.1202674678203,245.80664908026645,0.0
Tumour epithelial (proliferative),473.95454190338,250.9228944694054,0.0
Tumour epithelial (proliferative),455.666376833012,251.53185937540874,0.0
Tumour epithelial (proliferative),469.18037814808025,251.90761215530034,0.0
Tumour epithelial (proliferative),468.9851078103028,243.78257179659164,0.0
Tumour epithelial (proliferative),468.6709287683882,239.9460689859223,0.0
Tumour epithelial (proliferative),465.6769535649467,234.69228660597565,0.0
Tumour epithelial (proliferative),454.870188881591,230.09667712967035,0.0
Tumour epithelial (proliferative),457.64610636492927,230.2007341972145,0.0
Tumour epithelial (proliferative),442.95261101839276,236.0356426321691,0.0
Tumour epithelial (proliferative),449.771137608207,233.4074925588365,0.0
Tumour epithelial (proliferative),453.1131382871716,234.4967613044799,0.0
Tumour epithelial (proliferative),458.1684951533265,232.7796125319795,0.0
Tumour epithelial (proliferative),447.96341297476914,240.5116263188796,0.0
Tumour epithelial (proliferative),444.58304025619555,246.2472901264735,0.0
Tumour epithelial (proliferative),447.1536482053471,244.5492955033128,0.0
Tumour epithelial (proliferative),467.1107101645212,248.3515534995637,0.0
Tumour epithelial (proliferative),440.31405523830574,242.9707991878877,0.0
Tumour epithelial (proliferative),451.6889746974992,258.7553958317931,0.0
Tumour epithelial (proliferative),458.945019027971,262.3629890290976,0.0
Tumour epithelial (proliferative),470.231848522481,265.7138178268095,0.0
Tumour epithelial (proliferative),445.2055660449676,266.07694990264366,0.0
Tumour epithelial (proliferative),439.14571586951473,271.7590075884583,0.0
Tumour epithelial (proliferative),435.2785218012512,262.91004555724345,0.0
Tumour epithelial (proliferative),440.99232246999816,258.08944653474265,0.0
Tumour epithelial (proliferative),478.1776015815051,207.89201438200635,0.0
Tumour epithelial,458.0471005529357,220.76972186751277,0.0
Tumour epithelial (proliferative),456.613057119178,217.14279923331225,0.0
Tumour epithelial (proliferative),458.40742802786826,205.10020947196946,0.0
Tumour epithelial (proliferative),461.6195565628076,203.60570776650238,0.0
Tumour epithelial (proliferative),464.6396336769135,221.27926685859904,0.0
Tumour epithelial (proliferative),338.66837080116176,265.529255965202,0.0
Tumour epithelial,307.7369373842935,222.652963567274,0.0
Tumour epithelial (proliferative),380.59855658128976,265.6599248708471,0.0
Tumour epithelial (proliferative),356.4674517188397,226.8657768909688,0.0
Tumour epithelial (proliferative),344.700812376894,221.3650780850501,0.0
Tumour epithelial (proliferative),368.40529919764526,271.93104435740275,0.0
Tumour epithelial,352.0314654654425,273.0074374352703,0.0
Tumour epithelial,359.1266595601116,249.4802300749217,0.0
Tumour epithelial (proliferative),380.7373843259215,236.3172978647639,0.0
Tumour epithelial (proliferative),369.6589558006831,239.56454765190344,0.0
Tumour epithelial (proliferative),347.3135530804999,219.14504524860487,0.0
Tumour epithelial (proliferative),374.17461821605895,216.6302265480708,0.0
Tumour epithelial (proliferative),449.5306749513552,222.07558229187907,0.0
Tumour epithelial (proliferative),452.8938376189414,212.41927764656631,0.0
Tumour epithelial (proliferative),453.5606633537736,216.37905541504912,0.0
Tumour epithelial (proliferative),436.139980464565,213.0840477364195,0.0
Tumour epithelial (proliferative),446.2131826598152,222.7734339241858,0.0
Tumour epithelial (proliferative),427.4101502307407,226.6582682947114,0.0
Tumour epithelial (proliferative),404.878815218964,248.62892215464396,0.0
Tumour epithelial (proliferative),423.4354570847355,249.3762367483071,0.0
Tumour epithelial,395.4511492880653,232.57545033452524,0.0
Tumour epithelial (proliferative),433.7665232106136,255.85320756695094,0.0
Tumour epithelial (proliferative),425.3719702663957,268.02331105792445,0.0
Tumour epithelial (proliferative),441.762982179121,268.9302488744957,0.0
Tumour epithelial (proliferative),430.669510794501,268.0627666933363,0.0
Tumour epithelial (proliferative),398.7624905799006,258.64067809377616,0.0
Tumour epithelial,399.8388199168386,268.00680215716244,0.0
Tumour epithelial (proliferative),403.9922426293945,264.5764724850282,0.0
Tumour epithelial (proliferative),409.1503180035723,260.4908701215486,0.0
Tumour epithelial (proliferative),421.5162176949923,256.19337697290285,0.0
Tumour epithelial (proliferative),452.8319451763162,253.6564082993387,0.0
Tumour epithelial (proliferative),444.550564252573,256.8922484600829,0.0
Tumour epithelial (proliferative),428.78312985395786,249.2411059775912,0.0
Tumour epithelial (proliferative),427.4579877983927,245.0975949795855,0.0
Tumour epithelial (proliferative),425.1406225624743,238.5981714184961,0.0
Tumour epithelial (proliferative),422.5932481821557,243.2162655077118,0.0
Tumour epithelial (proliferative),437.3900038346166,231.3424298574399,0.0
Tumour epithelial (proliferative),441.5787071516967,228.9486870526487,0.0
Tumour epithelial (proliferative),522.4547921298076,205.97812923034812,0.0
Tumour epithelial (proliferative),521.2650039382119,203.4244604332332,0.0
Tumour epithelial (proliferative),501.7239790264258,206.29896919940398,0.0
Tumour epithelial (proliferative),506.7283112784495,205.9508162420218,0.0
Tumour epithelial (proliferative),491.5721523945351,227.0795480335577,0.0
Tumour epithelial (proliferative),490.598382213296,221.35003522566853,0.0
Tumour epithelial (proliferative),487.9192553315295,214.3976686189625,0.0
Tumour epithelial (proliferative),513.9462704034954,221.97362867501113,0.0
Tumour epithelial (proliferative),510.854134168496,220.1682783912003,0.0
Tumour epithelial (proliferative),496.5951607389266,216.11932706223092,0.0
Tumour epithelial (proliferative),513.5083383467955,207.03496977806614,0.0
Tumour epithelial (proliferative),504.3200833474106,209.69441664782397,0.0
Tumour epithelial (proliferative),506.09526823629625,212.38182985043633,0.0
Tumour epithelial (proliferative),485.8639290571266,265.9430302095898,0.0
Tumour epithelial (proliferative),476.4999084444166,257.4163423183465,0.0
Tumour epithelial (proliferative),481.595677059927,262.08504670565105,0.0
Tumour epithelial (proliferative),504.0417267079217,257.2111762012513,0.0
Tumour epithelial (proliferative),493.0914811920747,268.8426369667839,0.0
Tumour epithelial (proliferative),506.7624445462412,256.3234881454141,0.0
Tumour epithelial (proliferative),508.6003186393717,251.2075295904582,0.0
Tumour epithelial (proliferative),481.882447502121,248.0738023989059,0.0
Tumour epithelial (proliferative),491.543755810406,255.02263138402006,0.0
Tumour epithelial (proliferative),511.13092915521,235.52687846747025,0.0
Tumour epithelial (proliferative),485.6776461904203,235.8543634284352,0.0
Tumour epithelial (proliferative),487.946377097067,241.220377650145,0.0
Tumour epithelial (proliferative),582.5024129004156,139.4053335630991,0.0
Tumour epithelial (proliferative),576.8058222826561,154.69190638894034,0.0
Tumour epithelial (proliferative),572.594841510687,149.41187868123788,0.0
Tumour epithelial (proliferative),581.1106297029716,140.8653673608942,0.0
Tumour epithelial (proliferative),577.5634151012144,135.23135440075274,0.0
Tumour epithelial (proliferative),583.1283169584556,146.9891656239512,0.0
Tumour epithelial (proliferative),584.981202040503,145.45551105248776,0.0
Tumour epithelial (proliferative),539.121228599261,154.9876324317405,0.0
Tumour epithelial (proliferative),518.8213997912544,152.52736003169707,0.0
Tumour epithelial (proliferative),527.7675348696185,156.25381412744142,0.0
Tumour epithelial (proliferative),542.4058305711361,141.53767481567056,0.0
Tumour epithelial (proliferative),536.1935439625856,140.74172589273564,0.0
Tumour epithelial (proliferative),466.3967480122623,128.04042142985006,0.0
Tumour epithelial (proliferative),545.7547152704958,152.9306807636333,0.0
Tumour epithelial (proliferative),554.1452844066147,144.99216230011677,0.0
Tumour epithelial (proliferative),548.8000975336461,135.58467037343112,0.0
Tumour epithelial (proliferative),545.2744592365528,140.74948635091235,0.0
Tumour epithelial (proliferative),566.6485139308212,153.73110748687145,0.0
Tumour epithelial,568.510354613475,143.6155016382162,0.0
Tumour epithelial (proliferative),558.0664989126998,168.4954668118718,0.0
Tumour epithelial (proliferative),550.1903190783153,163.7355013486368,0.0
Tumour epithelial,556.1828269616639,173.23839751167574,0.0
Tumour epithelial (proliferative),531.423969554216,168.45441765322036,0.0
Tumour epithelial (proliferative),544.095570743916,176.9434346550802,0.0
Tumour epithelial (proliferative),542.7821888898588,164.79850883129197,0.0
Tumour epithelial (proliferative),545.8796474924784,204.17475491535436,2.2938123
Tumour epithelial,536.9955323385985,219.1958786399473,0.0
Tumour epithelial,538.2939032037388,207.56000381504106,0.0
Tumour epithelial (proliferative),505.3787883173189,233.0706536164553,0.0
Tumour epithelial (proliferative),531.3701084687184,224.41442822106697,0.0
Tumour epithelial (proliferative),524.4582651579947,213.01565371897698,0.0
Tumour epithelial,526.8810578914433,212.33335487348847,0.0
Tumour epithelial (proliferative),547.57445506916,181.6993206988219,0.0
Tumour epithelial,533.2209538410191,186.63750580117087,0.0
Tumour epithelial,534.731518260741,205.47408189443837,0.0
Tumour epithelial,527.5469593827967,201.43904202335048,0.0
Tumour epithelial (proliferative),531.6909484377742,195.668161352162,0.0
Tumour epithelial (proliferative),530.5300348872796,199.49376446387265,0.0
Tumour epithelial,539.1006402790057,195.79183469078535,0.0
Tumour epithelial,547.0080212984209,197.7355984031856,0.0
Tumour epithelial,542.861195772077,192.44701347568665,0.0
Tumour epithelial (proliferative),653.2532193438071,216.83902589815222,2.8530085
Tumour epithelial (proliferative),612.371890559967,180.70464349267965,0.0
Tumour epithelial (proliferative),597.4168980498163,213.05439226893103,0.0
Tumour epithelial (proliferative),597.7164804188562,210.12291504694548,0.0
Tumour epithelial (proliferative),615.4044290258063,196.89751672579632,0.0
Tumour epithelial (proliferative),599.163367649925,193.3686754469916,0.0
Tumour epithelial (proliferative),598.144182056358,169.63727401872393,0.0
Tumour epithelial (proliferative),601.8759266492577,162.65886924228326,0.0
Tumour epithelial (proliferative),637.392723188001,187.61784129815695,0.0
Tumour epithelial (proliferative),634.723125575207,180.34751899945869,0.0
Tumour epithelial (proliferative),624.91613737236,192.55102273753366,0.0
Tumour epithelial (proliferative),625.8192188626915,198.16811248087083,0.0
Tumour epithelial (proliferative),643.6146665473832,195.00147903442132,0.0
Tumour epithelial (proliferative),586.7619323902622,208.97745867187473,0.0
Tumour epithelial (proliferative),586.8957883423866,201.576292179975,0.0
Tumour epithelial,589.2026044544591,199.95921666691987,0.0
Tumour epithelial (proliferative),572.0436418221182,203.05533671001825,0.0
Tumour epithelial,582.9044588137602,214.85561532755136,0.0
Tumour epithelial (proliferative),575.6135481948066,203.13569808698998,0.0
Tumour epithelial (proliferative),582.3611630004598,220.6064972820832,0.0
Tumour epithelial (proliferative),573.652685978046,198.08277931139165,0.0
Tumour epithelial (proliferative),577.0133308789135,188.61777713098977,0.0
Tumour epithelial (proliferative),575.0762121584222,181.61146976262415,0.0
Tumour epithelial (proliferative),568.655556451065,209.319938686524,0.0
Tumour epithelial (proliferative),568.871542590957,198.03122883459142,0.0
Tumour epithelial,565.4414200768438,201.93516954875955,0.0
Tumour epithelial,555.4486270642625,220.17514647636284,0.0
Tumour epithelial,564.9781828710995,208.9790840655791,0.0
Tumour epithelial,556.2512528495712,204.8698816229214,0.0
Tumour epithelial (proliferative),558.066945099207,192.3064806611886,0.0
Tumour epithelial (proliferative),555.0177702507463,199.3104933560892,0.0
Tumour epithelial (proliferative),552.1476755439493,198.22208511299522,0.0
Tumour epithelial (proliferative),562.8363282847878,197.89753223479113,0.0
Tumour epithelial,554.3993876223972,180.97949438104143,0.0
Tumour epithelial (proliferative),551.1999435324449,185.68586965772954,0.0
Tumour epithelial (proliferative),571.243820637711,178.81236651615006,0.0
Tumour epithelial (proliferative),569.0646457371284,185.17766322616453,0.0
Tumour epithelial (proliferative),562.0222928730836,183.86992244437553,0.0
Tumour epithelial (proliferative),586.9614096293923,176.9714965993291,0.0
Tumour epithelial (proliferative),555.701200497735,164.21186918587512,0.0
Tumour epithelial (proliferative),541.1524289318166,161.91885298505738,0.0
Tumour epithelial (proliferative),580.5586651232478,164.6532113823076,0.0
Tumour epithelial (proliferative),567.9362081902563,172.92891936331804,0.0
Tumour epithelial (proliferative),573.508982052301,157.42459158678898,0.0
Tumour epithelial,695.1206362435283,248.1837555024365,0.0
Tumour epithelial (proliferative),692.8556182460298,255.0230935057595,0.0
Tumour epithelial (proliferative),708.4499163446653,251.0786613660738,0.0
Tumour epithelial (proliferative),703.1573635442998,258.157633394164,0.0
Tumour epithelial (proliferative),643.8405006608957,240.6366860227214,0.0
Tumour epithelial (proliferative),601.2342148406811,231.3630978538572,0.0
Tumour epithelial (proliferative),613.2500493468315,227.9568941235701,0.0
Tumour epithelial (proliferative),610.9303575669833,232.8060172120592,3.2775297
Tumour epithelial (proliferative),622.545835294423,229.3410921503938,0.0
Tumour epithelial (proliferative),626.7395422744753,226.321540898957,0.0
Tumour epithelial (proliferative),611.7205857414881,254.5443353836618,0.0
Tumour epithelial (proliferative),613.3044522302306,243.1550104743825,0.0
Tumour epithelial (proliferative),612.7323773872234,237.99860829960625,0.0
Tumour epithelial (proliferative),624.1204912188407,245.7619029476992,0.0
Tumour epithelial (proliferative),641.9410847002528,204.65081998317714,0.0
Tumour epithelial,602.4020442820355,223.35891029763778,0.0
Tumour epithelial (proliferative),660.5351106212247,205.53662768159168,0.0
Tumour epithelial (proliferative),658.688567761671,203.6045444945375,0.0
Tumour epithelial (proliferative),656.3965714157265,227.4215181207703,0.0
Tumour epithelial (proliferative),599.8148955616572,150.8871784316681,0.0
Tumour epithelial (proliferative),591.6479296065153,153.7690014695085,0.0
Tumour epithelial,657.2895180982543,401.4235155356416,0.0
Tumour epithelial (proliferative),667.5028228567278,418.00355117504523,0.0
Tumour epithelial (proliferative),648.215933031189,419.2175609198825,0.0
Tumour epithelial (proliferative),651.9656525662313,417.94290168054704,0.0
Tumour epithelial (proliferative),645.7796272206688,434.044338550177,0.0
Tumour epithelial (proliferative),652.5802426092702,430.8198761453633,0.0
Tumour epithelial (proliferative),658.466621844863,429.90522567631245,0.0
Tumour epithelial,637.872023108,420.36661865747465,0.0
Tumour epithelial,652.693988298111,445.8496686363795,0.0
Tumour epithelial,639.316105738167,417.8615045134696,0.0
Tumour epithelial (proliferative),648.8140779143956,423.0450443890158,0.0
Tumour epithelial (proliferative),653.2178431278886,420.8797331406176,0.0
Tumour epithelial,667.6864923453212,432.2492664912614,0.0
Tumour epithelial (proliferative),667.4736295109789,429.6021375561455,0.0
Tumour epithelial (proliferative),663.7020468370897,460.017078220603,0.0
Tumour epithelial (proliferative),650.0103039398792,457.1124996709014,0.0
Tumour epithelial (proliferative),659.0892432450295,454.9542955361517,0.0
Tumour epithelial,666.0624053300119,438.3298643392935,0.0
Tumour epithelial (proliferative),661.1161410648383,449.8888994735875,0.0
Tumour epithelial (proliferative),631.7629649349091,502.4348821120407,0.0
Tumour epithelial (proliferative),627.821417072287,496.22944765342027,0.0
Tumour epithelial,652.8896729519307,491.457068644149,0.0
Tumour epithelial (proliferative),661.5207047449014,472.0093923237372,0.0
Tumour epithelial (proliferative),663.6233267890548,465.2253177063626,0.0
Tumour epithelial,666.815791247218,491.8890409239328,0.0
Tumour epithelial (proliferative),667.9360062141737,481.5901002265645,0.0
Tumour epithelial (proliferative),662.469615963603,481.9654705608786,0.0
Tumour epithelial (proliferative),649.9878990031308,476.1648228755749,0.0
Tumour epithelial (proliferative),631.6496016916458,463.4743543707184,0.0
Tumour epithelial (proliferative),629.6973126299138,462.6033983088967,0.0
Tumour epithelial (proliferative),611.2262110916427,493.5981583393057,0.0
Tumour epithelial (proliferative),613.4091467070706,488.207301090291,0.0
Tumour epithelial (proliferative),618.5314952902171,488.1376959951863,0.0
Tumour epithelial (proliferative),629.8147871631352,483.469724628572,0.0
Tumour epithelial,521.1571861558223,403.4847378460309,0.0
Tumour epithelial,503.2621113981924,407.10605127842814,0.0
Tumour epithelial,523.7190297271562,420.896018948126,0.0
Tumour epithelial (proliferative),516.8887748062988,431.1499585492087,0.0
Tumour epithelial,517.3410804426195,435.4683109170605,0.0
Tumour epithelial (proliferative),516.3830542709875,416.36945683379145,0.0
Tumour epithelial (proliferative),520.8708937706004,424.6666136376066,0.0
Tumour epithelial,531.5925324424982,426.6093415599011,0.0
Tumour epithelial,524.38639725989,426.3456772046811,3.0502548
Tumour epithelial,527.2012923216682,423.17848602509775,0.0
Tumour epithelial,540.2611076429932,420.0181469954446,0.0
Tumour epithelial,540.89670032233,407.3238540348131,0.0
Tumour epithelial,535.2267852836007,399.6928218156048,0.0
Tumour epithelial,526.8639434518503,405.1466869735124,0.0
Tumour epithelial,543.5708235411241,435.02798857550135,0.0
Tumour epithelial,534.3103181980567,391.1722211831366,2.546684
Tumour epithelial,550.2306352162767,391.77352124235756,0.0
Tumour epithelial (proliferative),621.9623189545557,476.60183068879576,0.0
Tumour epithelial,619.151312089482,480.164757429695,0.0
Tumour epithelial (proliferative),617.1610971746481,483.369013959831,0.0
Tumour epithelial (proliferative),607.7988294375016,497.9436324726951,0.0
Tumour epithelial (proliferative),622.9014459405663,487.8511167757812,0.0
Tumour epithelial (proliferative),630.1740310422648,492.3107827845185,0.0
Tumour epithelial (proliferative),600.2844431194301,484.4868386419272,0.0
Tumour epithelial (proliferative),605.2851740089322,501.4100554462057,0.0
Tumour epithelial,616.696617020777,511.5544243893352,0.0
Tumour epithelial (proliferative),602.6473512495356,521.984288956067,0.0
Tumour epithelial (proliferative),592.564428562524,516.3246680774655,0.0
Tumour epithelial (proliferative),586.410592386401,519.6509247468232,0.0
Tumour epithelial,625.9032612783467,519.6027684745233,0.0
Tumour epithelial,665.9000571823641,517.4854860165658,0.0
Tumour epithelial,473.2465713985019,418.6640028169192,0.0
Tumour epithelial,474.04664754662724,412.0801384593647,0.0
Tumour epithelial,489.0619389761633,412.9212637661416,0.0
Tumour epithelial,442.9577421632242,415.3115804959677,0.0
Tumour epithelial,440.9411703740078,417.7599970831087,0.0
Tumour epithelial,416.8209333400516,418.37634000171124,0.0
Tumour epithelial,419.9810174059865,412.7501512406761,0.0
Tumour epithelial,493.374363437564,404.1442015034963,0.0
Tumour epithelial,202.9195680320305,392.76539384759815,0.0
Tumour epithelial,124.24127030594032,416.5106748632825,0.0
Tumour epithelial,121.38516673318665,417.8744757926397,0.0
Tumour epithelial (proliferative),112.8654903441974,419.22485925631975,0.0
Tumour epithelial,102.41459127070334,380.27864135368884,0.0
Tumour epithelial,192.34915471556837,418.4695611112263,0.0
Tumour epithelial,195.9749300130364,406.6753219467712,0.0
Tumour epithelial,212.31147530143312,414.8322805759686,0.0
Tumour epithelial,212.52500741553607,409.42198234343095,0.0
Tumour epithelial,218.85390805475865,383.72747183063456,0.0
Tumour epithelial,264.4620092127536,384.7749583969363,0.0
Tumour epithelial,394.8565738969154,387.2671968731656,0.0
Tumour epithelial,371.31825967958696,405.7473814939023,0.0
Tumour epithelial,375.5250335502038,413.1661245471345,0.0
Tumour epithelial,455.3532813869003,281.25519501865864,0.0
Tumour epithelial (proliferative),444.892789303504,274.5437850610086,2.8827543
Tumour epithelial (proliferative),429.9667989163136,278.34899107525274,0.0
Tumour epithelial (proliferative),446.1821408271083,285.8410043270406,0.0
Tumour epithelial (proliferative),431.16815608662864,284.7996687604436,0.0
Tumour epithelial,349.21048314488905,329.78263075155354,0.0
Tumour epithelial (proliferative),316.1701810727682,327.19376102607646,0.0
Tumour epithelial,361.0858645127033,330.75719769441235,0.0
Tumour epithelial,383.7084765356428,296.2186650724438,0.0
Tumour epithelial,398.40738986119385,317.3923820250329,0.0
Tumour epithelial (proliferative),410.0900186579492,283.7701571362843,0.0
Tumour epithelial (proliferative),366.084236987811,288.5241787578357,0.0
Tumour epithelial,382.45736956978834,284.8125762986842,0.0
Tumour epithelial (proliferative),438.53217755181385,302.8594819505807,0.0
Tumour epithelial,429.3872663845452,309.1894343151414,0.0
Tumour epithelial,439.7416298201859,318.05831538685095,0.0
Tumour epithelial,228.9080835825283,300.9643685026846,0.0
Tumour epithelial,226.802083269107,314.0285819481508,0.0
Tumour epithelial (proliferative),319.393241177131,279.8373736514799,0.0
Tumour epithelial,261.0619405469388,299.4444660367787,0.0
Tumour epithelial,246.2383499631235,316.01771326718176,0.0
Tumour epithelial,280.5873170605123,312.4512170342259,2.7877176
Tumour epithelial,272.37774029394416,316.32395656336314,0.0
Tumour epithelial,270.24821957750675,309.76071239652873,0.0
Tumour epithelial,304.18841609348,301.1076899828519,0.0
Tumour epithelial,296.8700012634114,294.0230768824936,0.0
Tumour epithelial,305.1382196851958,319.61333910495705,0.0
Tumour epithelial (proliferative),296.3334938591115,312.440954744563,0.0
Tumour epithelial (proliferative),378.97284417227615,295.35758885470744,0.0
Tumour epithelial,369.24285501236545,322.3104090584012,0.0
Tumour epithelial (proliferative),350.25099007940145,315.7162824111839,0.0
Tumour epithelial (proliferative),350.0294903491006,301.4921433996316,0.0
Tumour epithelial (proliferative),362.14256164332977,310.8316237544522,0.0
Tumour epithelial,324.6192325117795,303.4175337890795,0.0
Tumour epithelial (proliferative),323.08320359068915,306.8124075691333,0.0
Tumour epithelial (proliferative),307.53252022312086,304.0016237973131,0.0
Tumour epithelial,319.32542082805475,320.68530218821866,0.0
Tumour epithelial (proliferative),307.659364672991,310.8498855307777,0.0
Tumour epithelial (proliferative),332.39046290560555,307.0878321258613,0.0
Tumour epithelial (proliferative),331.6414432420761,311.03428804006126,0.0
Tumour epithelial (proliferative),340.3081062146837,275.8589835315589,0.0
Tumour epithelial (proliferative),354.51353726340335,290.75150993071816,0.0
Tumour epithelial (proliferative),344.7880099685635,289.3123034816643,0.0
Tumour epithelial (proliferative),541.5358306232582,240.7116134854462,0.0
Tumour epithelial (proliferative),556.4884009780847,237.5288217133474,0.0
Tumour epithelial (proliferative),533.4229807173323,223.63567341388705,0.0
Tumour epithelial (proliferative),525.247218513908,232.2686333699776,0.0
Tumour epithelial (proliferative),526.7745149276454,218.73659337183722,0.0
Tumour epithelial,528.5289521439519,225.44526246951514,0.0
Tumour epithelial (proliferative),540.2553072184012,234.5992885897141,0.0
Tumour epithelial,530.2018647113217,233.3160083896526,0.0
Tumour epithelial (proliferative),533.843989557228,237.9855573442741,0.0
Tumour epithelial,536.6008803730856,225.87677262755946,0.0
Tumour epithelial (proliferative),535.7413020671944,228.9576585884875,0.0
Tumour epithelial (proliferative),496.0326789058217,219.83650685272093,0.0
Tumour epithelial (proliferative),497.160638395722,225.8482804320359,2.6877544
Tumour epithelial (proliferative),530.5480735703516,253.1936332153339,0.0
Tumour epithelial (proliferative),494.6307609005739,256.11964465260775,0.0
Tumour epithelial (proliferative),520.4679236137769,254.92947401543455,0.0
Tumour epithelial (proliferative),527.1317190970284,244.8216923658856,0.0
Tumour epithelial (proliferative),502.642422080787,242.0431296339696,0.0
Tumour epithelial (proliferative),504.3867244892896,238.5202321968485,0.0
Tumour epithelial (proliferative),524.5856832762311,242.06770176232385,0.0
Tumour epithelial (proliferative),495.8559890490176,247.8371163921319,0.0
Tumour epithelial (proliferative),500.0153715384896,239.686818690076,0.0
Tumour epithelial (proliferative),519.7348391826431,258.42771964803944,2.6026897
Tumour epithelial (proliferative),525.3279782716895,262.29843540266245,0.0
Tumour epithelial (proliferative),494.4214675582882,258.0649062768532,0.0
Tumour epithelial (proliferative),497.29618348248,258.248193319869,0.0
Tumour epithelial (proliferative),500.5136343850396,258.43944797908273,0.0
Tumour epithelial (proliferative),558.1451552198052,249.07106111269624,3.367682
Tumour epithelial (proliferative),545.3392837619388,245.0121502634795,0.0
Tumour epithelial (proliferative),548.2169636393563,250.6641700362282,0.0
Tumour epithelial (proliferative),541.664396078227,251.918511854259,0.0
Tumour epithelial (proliferative),538.9458454315132,255.4607068578114,3.575773
Tumour epithelial (proliferative),531.7520122483147,238.00498239256456,0.0
Tumour epithelial (proliferative),541.8846209899363,248.405685484012,0.0
Tumour epithelial (proliferative),532.4648589343059,265.17399589417136,0.0
Tumour epithelial (proliferative),547.207785371734,263.24465356708924,0.0
Tumour epithelial (proliferative),485.2055171249992,287.3919486256534,2.8347206
Tumour epithelial (proliferative),497.3476861535831,280.7164248113586,0.0
Tumour epithelial (proliferative),480.9597656759426,281.5982168312094,0.0
Tumour epithelial (proliferative),497.3691987173173,274.8719233665018,0.0
Tumour epithelial (proliferative),483.880884996871,277.00115724875604,0.0
Tumour epithelial (proliferative),491.8386213506566,272.14352474616754,0.0
Tumour epithelial (proliferative),481.3808063863029,273.4329718811662,0.0
Tumour epithelial (proliferative),470.396013286622,268.1719549057119,0.0
Tumour epithelial (proliferative),462.007898176292,268.3331238461624,0.0
Tumour epithelial (proliferative),457.9142963261496,272.5928664292627,0.0
Tumour epithelial (proliferative),458.05153054754174,267.6742019865985,0.0
Tumour epithelial (proliferative),458.6791556106804,288.5314452238081,0.0
Tumour epithelial (proliferative),478.56508269244,281.924602261139,0.0
Tumour epithelial (proliferative),468.712870300054,280.7783809949132,0.0
Tumour epithelial (proliferative),484.0012278719235,310.25948517051546,0.0
Tumour epithelial (proliferative),467.8850031066302,313.55272403834914,0.0
Tumour epithelial (proliferative),465.1836625109041,324.99501766011196,0.0
Tumour epithelial (proliferative),467.2030389010222,322.58806454766466,0.0
Tumour epithelial,453.7354091122252,323.6564262684048,0.0
Tumour epithelial (proliferative),447.6965934435348,316.5184301395208,0.0
Tumour epithelial,455.1233359834297,315.335079781813,0.0
Tumour epithelial (proliferative),476.580700072663,305.7272182429832,0.0
Tumour epithelial (proliferative),458.7382115819391,306.4189029403528,0.0
Tumour epithelial (proliferative),468.0268904158821,310.93437413294,0.0
Tumour epithelial (proliferative),464.0368675763122,311.0753371987127,0.0
Tumour epithelial (proliferative),478.245645023835,320.2414422250676,0.0
Tumour epithelial (proliferative),474.6411273263828,321.64065124080815,0.0
Tumour epithelial (proliferative),478.33249204039174,316.087828289723,0.0
Tumour epithelial (proliferative),464.662930986676,291.8392488940515,0.0
Tumour epithelial (proliferative),469.1011800430733,291.19830197663,0.0
Tumour epithelial (proliferative),474.383868934586,296.5077620585674,0.0
Tumour epithelial (proliferative),481.160230899481,297.47337340081975,0.0
Tumour epithelial (proliferative),456.105010039937,295.0815587591484,0.0
Tumour epithelial (proliferative),448.51815028492973,290.959560324877,0.0
Tumour epithelial (proliferative),460.8634616560943,290.35022890852855,0.0
Tumour epithelial (proliferative),510.959306702308,273.6277641619718,0.0
Tumour epithelial (proliferative),494.8526112059873,272.5620795602741,0.0
Tumour epithelial (proliferative),502.0943456977677,274.32850007134215,0.0
Tumour epithelial (proliferative),512.5780076090674,275.7076944351937,0.0
Tumour epithelial (proliferative),507.79979630473923,281.491291421834,0.0
Tumour epithelial (proliferative),509.8213398864631,287.70424731014515,0.0
Tumour epithelial (proliferative),507.3612587092084,312.65107671893327,0.0
Tumour epithelial (proliferative),496.2574294235312,314.5495046951676,0.0
Tumour epithelial,494.7773331681499,295.0090853222126,0.0
Tumour epithelial (proliferative),504.730415581601,314.4591837979486,0.0
Tumour epithelial,552.602753910707,351.1566854458219,0.0
Tumour epithelial (proliferative),533.8188118900425,376.0754688455935,0.0
Tumour epithelial,554.531490698958,330.13674348585175,0.0
Tumour epithelial,559.467620156328,339.8768037126365,0.0
Tumour epithelial,529.6754921148255,365.42165052277204,0.0
Tumour epithelial,481.52648628086473,339.42743015907655,0.0
Tumour epithelial (proliferative),497.505444954301,319.6618459523697,0.0
Tumour epithelial,75.6855336003106,362.39182104644,0.0
Tumour epithelial,220.72782764356836,350.49212251398984,0.0
Tumour epithelial,208.42869657588653,364.21914601572456,0.0
Tumour epithelial,207.97747453536869,372.0960907412639,0.0
Tumour epithelial,190.92511860775528,374.2571950883097,0.0
Tumour epithelial,194.03261640678417,361.616890695035,0.0
Tumour epithelial,223.98078224390562,360.9414599347091,0.0
Tumour epithelial,220.86939624817214,321.3000834540464,0.0
Tumour epithelial,205.56806739713247,339.84228799926734,0.0
Tumour epithelial,266.7575750507546,362.75240348509084,0.0
Tumour epithelial,246.33574610352625,324.4786523895603,0.0
Tumour epithelial,270.6357006884416,327.915563312674,0.0
Tumour epithelial,252.448501250533,326.3327485492697,2.8332133
Tumour epithelial,242.97870256518,361.50986967426525,0.0
Tumour epithelial,262.8619843983619,361.8523815593793,0.0
Tumour epithelial,253.01420200058186,365.5227755075554,1.7826512
Tumour epithelial,214.46381527066123,355.0452008550309,0.0
Tumour epithelial,244.3462642093826,351.10052968685926,0.0
Tumour epithelial,296.325781206632,324.3143601435602,0.0
Tumour epithelial,286.7597337176087,320.7468759261958,0.0
Tumour epithelial,286.0487673890403,345.0254772997009,0.0
Tumour epithelial,373.7517608892056,361.6181336431619,0.0
Tumour epithelial,362.3360153646141,345.2434712788746,0.0
Tumour epithelial,383.6163071514659,360.2916530280755,0.0
Tumour epithelial,378.4162583751577,378.4685583058565,0.0
Tumour epithelial,371.00082985026376,347.8284528076471,0.0
Tumour epithelial,391.4898417372726,355.6155228224745,0.0
Tumour epithelial,451.5658909624746,379.4057093230501,0.0
Tumour epithelial,446.96481570145755,377.51171134142174,0.0
Tumour epithelial,440.6253021974594,379.8979805222194,0.0
Tumour epithelial,412.6058412781242,368.73923842570645,0.0
Tumour epithelial,442.85355761382084,362.3740691975511,0.0
Tumour epithelial (proliferative),478.0544541055508,328.4807222648214,0.0
Tumour epithelial,455.1026201813152,337.2412756267047,0.0
Tumour epithelial,457.1247374314053,343.06643169943305,0.0
Tumour epithelial,462.6668837767852,335.5685224116588,0.0
Tumour epithelial (proliferative),466.7847071801692,332.98564433356256,0.0
Tumour epithelial (proliferative),632.9734689286192,266.47494826695976,0.0
Tumour epithelial,636.1874778209813,270.1119100975696,0.0
Tumour epithelial (proliferative),632.9269699204884,260.10826519172684,0.0
Tumour epithelial,649.2575235615044,283.7233075530408,2.887543
Tumour epithelial,649.1343123446205,303.77314443522295,0.0
Tumour epithelial,608.5978219898241,273.097216534588,0.0
Tumour epithelial (proliferative),603.138220148254,323.24440489958045,0.0
Tumour epithelial,624.842930914734,309.5577612767366,0.0
Tumour epithelial,615.0385242195352,333.7751076169124,0.0
Tumour epithelial,629.798023298655,329.66464629089546,0.0
Tumour epithelial,631.7067773054816,282.7019228974033,0.0
Tumour epithelial (proliferative),583.6612867411636,287.2365163688653,0.0
Tumour epithelial,585.2024149366207,314.7515634419456,0.0
Tumour epithelial (proliferative),584.153239235685,319.2965148144649,0.0
Tumour epithelial,563.357505995523,313.4025504082517,0.0
Tumour epithelial (proliferative),584.5409115694086,290.1899523410922,0.0
Tumour epithelial (proliferative),573.75062391635,260.5375603524681,0.0
Tumour epithelial (proliferative),582.228167550885,251.53109448425374,0.0
Tumour epithelial (proliferative),582.6455431577942,256.89438378122395,0.0
Tumour epithelial (proliferative),584.693857929943,246.14047626372485,0.0
Tumour epithelial,584.5178373528995,248.4863018247021,0.0
Tumour epithelial (proliferative),562.5539878372,254.2214716400917,0.0
Tumour epithelial (proliferative),552.7747269387218,266.72745795950266,0.0
Tumour epithelial (proliferative),556.1681665478599,267.2060248588116,0.0
Tumour epithelial (proliferative),566.584039980548,266.4032397211789,0.0
Tumour epithelial,590.4263665615225,237.58583797485934,0.0
Tumour epithelial (proliferative),588.4778700851007,228.4192389563001,0.0
Tumour epithelial,595.6838140449202,228.2771922947245,0.0
Tumour epithelial,559.7409412623796,236.57634100258906,0.0
Tumour epithelial (proliferative),560.381760697942,231.9879661217914,0.0
Tumour epithelial (proliferative),585.5030490309987,239.7834021336266,0.0
Tumour epithelial (proliferative),581.4832591773136,231.8455210794059,0.0
Tumour epithelial (proliferative),585.2860430362335,231.70427117945,0.0
Tumour epithelial (proliferative),568.1353029838087,226.7097072248849,0.0
Tumour epithelial (proliferative),569.525524528478,224.29955113072606,0.0
Tumour epithelial (proliferative),570.9730491688425,222.6118187972282,0.0
Tumour epithelial (proliferative),581.7772004740855,228.4929075356656,2.9020646
Tumour epithelial (proliferative),584.772418625654,228.6581718308419,0.0
Tumour epithelial,623.3687944362687,338.5455743982962,0.0
Tumour epithelial (proliferative),571.0673857446252,334.54930494762715,0.0
Tumour epithelial,575.305201447949,332.8602977955376,0.0
Tumour epithelial,619.3894800728687,347.9954540431545,0.0
Tumour epithelial,617.5782496883038,334.9908383668484,0.0
Tumour epithelial (proliferative),888.0706249127701,418.7565546466736,0.0
Tumour epithelial (proliferative),898.7144040391822,427.0607548232077,0.0
Tumour epithelial (proliferative),820.1662214694112,411.7913920483538,0.0
Tumour epithelial,799.1533706878573,425.37365989900565,0.0
Tumour epithelial,813.3021519854101,433.1964885753291,3.6385603
Tumour epithelial (proliferative),817.0023527857825,434.7722599660145,0.0
Tumour epithelial (proliferative),833.912693922285,429.5560209935922,0.0
Tumour epithelial (proliferative),831.4891681681462,436.19161111550324,0.0
Tumour epithelial (proliferative),827.7257602684762,417.66515057988926,0.0
Tumour epithelial (proliferative),897.6200479705965,431.3899112786238,0.0
Tumour epithelial (proliferative),897.1618622335217,435.1343403165105,0.0
Tumour epithelial (proliferative),856.0223109763245,435.59454982809956,0.0
Tumour epithelial,862.5375024498696,434.0374226593172,0.0
Tumour epithelial (proliferative),887.8415161090003,435.91239397346504,0.0
Tumour epithelial (proliferative),843.5799301370213,381.5588779243628,0.0
Tumour epithelial (proliferative),816.6126327746961,401.8465959557486,0.0
Tumour epithelial (proliferative),816.1599207899492,403.8316159848214,0.0
Tumour epithelial,831.4965860188264,409.24749154869755,0.0
Tumour epithelial (proliferative),835.5352511552843,392.58726981987854,0.0
Tumour epithelial (proliferative),842.4567512168398,425.034749376413,0.0
Tumour epithelial (proliferative),842.6572244079945,423.4339915413311,0.0
Tumour epithelial (proliferative),846.7875808716575,420.6631095914299,0.0
Tumour epithelial (proliferative),848.3862830617602,414.6524036726854,0.0
Tumour epithelial,891.142730560648,404.17285305134385,0.0
Tumour epithelial (proliferative),889.101889412493,411.7810341472966,0.0
Tumour epithelial,872.0123765067407,391.23379492111377,0.0
Tumour epithelial,819.4197992487624,419.7315040351099,0.0
Tumour epithelial (proliferative),821.7747078922051,420.1018707064518,0.0
Tumour epithelial (proliferative),801.0974052992083,390.26913969280514,0.0
Tumour epithelial (proliferative),809.6081499904398,399.3321756360244,0.0
Tumour epithelial (proliferative),810.3749693085553,407.19353570428075,0.0
Tumour epithelial (proliferative),808.8110138926913,411.8479939938235,0.0
Tumour epithelial,750.5256864079608,402.72583833841605,0.0
Tumour epithelial,797.9090202605386,382.5772030153803,0.0
Tumour epithelial (proliferative),801.2531721958767,379.54020268447016,0.0
Tumour epithelial,789.6030672084411,432.8976392269793,0.0
Tumour epithelial,764.5183342985001,428.54553603691335,0.0
Tumour epithelial (proliferative),766.9530306505483,438.72789457407436,0.0
Tumour epithelial,756.8618694483882,430.910866322343,0.0
Tumour epithelial,750.0825754007323,410.2195407248378,0.0
Tumour epithelial,757.192047463628,424.7175426403434,0.0
Tumour epithelial,759.6428862060932,422.5544941949453,0.0
Tumour epithelial,802.8731319859954,421.32282821261356,0.0
Tumour epithelial (proliferative),802.7448374299773,298.38439063688435,0.0
Tumour epithelial (proliferative),835.6415072848991,322.50755975360136,0.0
Tumour epithelial (proliferative),851.596172696548,338.91938307983554,0.0
Tumour epithelial (proliferative),806.026682606648,306.2078567225036,0.0
Tumour epithelial,817.187440510059,304.44557937185846,0.0
Tumour epithelial (proliferative),832.8598053122012,333.0426924655393,0.0
Tumour epithelial,823.8989381114873,307.8490900478707,0.0
Tumour epithelial (proliferative),810.6243158574676,368.4960986498122,0.0
Tumour epithelial (proliferative),814.762137977508,389.6010072689164,0.0
Tumour epithelial (proliferative),834.9758368544155,395.1503882098041,0.0
Tumour epithelial (proliferative),813.669538768294,387.6665975379325,0.0
Tumour epithelial (proliferative),839.9408409528867,345.32340240457165,0.0
Tumour epithelial (proliferative),854.0599906857996,358.7354182323073,0.0
Tumour epithelial (proliferative),861.521225036215,348.6309829815615,0.0
Tumour epithelial (proliferative),856.75151517837,348.3565782797068,0.0
Tumour epithelial (proliferative),858.8579298078337,392.5661715721866,0.0
Tumour epithelial (proliferative),858.0768643919563,380.5951469395331,0.0
Tumour epithelial (proliferative),863.1799871172175,350.20653127899334,0.0
Tumour epithelial,748.232749883305,387.7478034822212,0.0
Tumour epithelial,731.4515797406023,384.5384795481835,0.0
Tumour epithelial,734.993902226014,376.41466620236923,0.0
Tumour epithelial,703.711399704235,478.839583503665,0.0
Tumour epithelial,694.7981549455355,482.954347342429,0.0
Tumour epithelial,696.6770463268529,532.958979118409,3.331867
Tumour epithelial,677.092661647718,534.1553963666813,0.0
Tumour epithelial,669.1840536154083,520.6780142156583,0.0
Tumour epithelial,686.7559937305173,532.7835003392671,0.0
Tumour epithelial,708.5277440196861,535.0947464459456,0.0
Tumour epithelial,698.847950841822,514.50817906621,0.0
Tumour epithelial,697.6061500516867,522.0343574562543,0.0
Tumour epithelial,695.0613571790161,516.663291765875,0.0
Tumour epithelial,702.8144851488406,496.4375299180439,0.0
Tumour epithelial (proliferative),699.5160992009431,498.1492925819945,0.0
Tumour epithelial,677.745464378042,474.7176169398583,0.0
Tumour epithelial (proliferative),666.0979727687192,472.9262737253234,0.0
Tumour epithelial,679.1996021398506,435.73509857783,0.0
Tumour epithelial (proliferative),673.5785763941117,488.2546606009711,0.0
Tumour epithelial,677.459044510961,493.4803651014364,0.0
Tumour epithelial,676.2692563193651,435.12245263314327,0.0
Tumour epithelial (proliferative),669.963923888856,425.5460791135276,0.0
Tumour epithelial,672.5245563825277,422.1099330815689,0.0
Tumour epithelial (proliferative),676.2092761046276,478.3292098804942,0.0
Tumour epithelial,679.6563696412421,486.9822641646358,0.0
Tumour epithelial,683.5038518270321,481.3859061586454,0.0
Tumour epithelial (proliferative),713.8957660806778,300.5232812699705,0.0
Tumour epithelial,717.7133537704934,303.9734503064374,0.0
Tumour epithelial (proliferative),715.3639268469948,295.1580797451128,0.0
Tumour epithelial (proliferative),712.830193025607,283.744214577944,0.0
Tumour epithelial (proliferative),712.392006005189,280.05801287923134,0.0
Tumour epithelial,670.904835620895,274.4621329302129,0.0
Tumour epithelial,659.4250304620725,268.4295320021567,0.0
Tumour epithelial (proliferative),669.9804646600827,277.9562832080921,0.0
Tumour epithelial,653.8510773928306,299.5432963480971,0.0
Tumour epithelial,660.3494651638143,301.8196124253641,2.7045107
Tumour epithelial,655.3551721082,285.9566303733041,2.978419
Tumour epithelial,670.2408463574291,300.1485483449522,0.0
Tumour epithelial,665.1739842534845,290.4718466021729,0.0
Tumour epithelial (proliferative),689.9848383242397,267.3586843851628,0.0
Tumour epithelial (proliferative),703.3589920398032,261.4524976557021,0.0
Tumour epithelial (proliferative),683.7221963813187,285.0341078994498,0.0
Tumour epithelial,678.6578042383953,296.86844010861256,0.0
Tumour epithelial,682.9164154199955,301.0630394616791,0.0
Tumour epithelial,690.124335348632,459.0800228148037,0.0
Tumour epithelial,718.6487519121235,357.1920272338501,0.0
Tumour epithelial,673.5618444000961,450.579532445619,0.0
Tumour epithelial (proliferative),664.1306408476056,447.2364163003866,0.0
Tumour epithelial,650.2766772846064,397.1116966130721,0.0
Tumour epithelial,656.2329165790222,406.45219682276604,0.0
Tumour epithelial,683.945289634859,460.8918587381996,0.0
Tumour epithelial (proliferative),669.3194712203073,459.048662277449,0.0
Tumour epithelial,667.5733203248466,452.5832923079892,0.0
Tumour epithelial,684.582874218245,453.908020047512,0.0
Tumour epithelial,693.5570553056257,300.7851927496269,0.0
Tumour epithelial (proliferative),708.9213283246286,289.7960015258046,0.0
Tumour epithelial (proliferative),706.6332998515506,294.3515020221699,0.0
Tumour epithelial (proliferative),695.3001466364663,286.4342092882045,0.0
Tumour epithelial (proliferative),721.225478990515,334.40142599099465,0.0
Tumour epithelial (proliferative),717.2082387740132,345.03443290030725,0.0
Tumour epithelial (proliferative),720.1946288068344,312.49838532211726,0.0
Tumour epithelial,811.6029144141226,353.55108159514134,0.0
Tumour epithelial (proliferative),802.9868776748363,361.7731834543725,0.0
Tumour epithelial (proliferative),803.389417580385,342.0218453454274,0.0
Tumour epithelial (proliferative),722.6710754677596,342.6177911665633,0.0
Tumour epithelial,725.044245887528,348.981844928451,0.0
Tumour epithelial,735.2758602280242,360.0895942812975,0.0
Tumour epithelial,724.7976322309714,363.76888008915046,0.0
Tumour epithelial,729.8220269405814,360.8748825337597,0.0
Tumour epithelial,737.641604829496,368.1370778639361,0.0
Tumour epithelial,747.9939126201576,366.0340733742052,0.0
Tumour epithelial,743.2275093230347,350.95277821208595,0.0
Tumour epithelial,732.2537115337068,352.514685950587,0.0
Tumour epithelial,746.5197761416923,355.5722108608229,0.0
Tumour epithelial,738.7343793262664,353.7604705488214,0.0
Tumour epithelial (proliferative),764.3108097670103,340.38003835169405,0.0
Tumour epithelial (proliferative),794.3444203202378,354.96995468765823,0.0
Tumour epithelial,775.9243433960978,358.5885272600834,0.0
Tumour epithelial (proliferative),790.530003741669,343.05409782955877,0.0
Tumour epithelial (proliferative),784.2608124182332,344.64602754589345,0.0
Tumour epithelial (proliferative),796.420462396755,357.3050080315359,0.0
Tumour epithelial (proliferative),790.6887027210983,366.918160067521,2.7163024
Tumour epithelial,748.454695800113,260.5672636256538,0.0
Tumour epithelial (proliferative),722.7062923313542,268.81825606121845,0.0
Tumour epithelial (proliferative),737.484037251567,251.30465483191026,0.0
Tumour epithelial,725.1583421514814,219.4313376338268,0.0
Tumour epithelial,752.8666039173602,230.8700617635329,0.0
Tumour epithelial (proliferative),774.905078126369,314.4781148540347,0.0
Tumour epithelial (proliferative),754.6680978749312,332.1799589836338,0.0
Tumour epithelial,728.1659419786214,309.06781662149706,0.0
Tumour epithelial,736.6519312863261,324.3569390845216,0.0
Tumour epithelial (proliferative),734.997248624817,303.64913645671925,0.0
Tumour epithelial (proliferative),722.5434661267345,295.30121000249136,0.0
Tumour epithelial (proliferative),766.3674746009344,219.47117571481613,0.0
Tumour epithelial,770.93209005023,209.98869258447613,0.0
Tumour epithelial,251.7214722077097,478.1113433831796,0.0
Tumour epithelial,239.1836950996692,470.0141100050015,0.0
Tumour epithelial,237.3879856314578,484.8696666650027,0.0
Tumour epithelial,215.22660297498064,484.3617789380856,0.0
Tumour epithelial,235.66538700947805,470.1021680992202,2.9385843
Tumour epithelial,218.238043193128,470.301390374632,2.8407748
Tumour epithelial,227.8618399643535,472.5582335979112,0.0
Tumour epithelial,231.74073049319546,490.5936977529477,0.0
Tumour epithelial,230.28934952659125,482.748145435228,0.0
Tumour epithelial,211.85260434936532,453.6429215213765,0.0
Tumour epithelial,214.4369803393068,455.8585562336805,0.0
Tumour epithelial,178.8439177783176,428.2937912355254,3.3596034
Tumour epithelial,209.11161689543846,444.7060926187315,0.0
Tumour epithelial,203.7597372248636,440.9356572815749,0.0
Tumour epithelial,214.09399039722084,465.7637054680852,0.0
Tumour epithelial,213.63059383915265,463.4504515221248,0.0
Tumour epithelial (proliferative),185.6069578889298,494.7223889848253,0.0
Tumour epithelial (proliferative),177.68204811387923,477.77883882401,0.0
Tumour epithelial (proliferative),178.63911817156753,495.2938582890015,0.0
Tumour epithelial (proliferative),173.77543028066864,489.7889685169627,0.0
Tumour epithelial,205.53970268346805,474.8484770682922,0.0
Tumour epithelial (proliferative),195.45002345792068,479.13072019953523,0.0
Tumour epithelial (proliferative),193.72952828661715,471.595363115631,0.0
Tumour epithelial (proliferative),190.15264228213925,495.2686168808866,0.0
Tumour epithelial (proliferative),193.16325386820208,486.9763999991142,0.0
Tumour epithelial (proliferative),195.94159350686454,484.5578779079476,0.0
Tumour epithelial,205.26415064488086,489.809397484894,3.4496002
Tumour epithelial,220.87054358490462,431.6251471792497,0.0
Tumour epithelial,218.69289846663207,438.7513831066257,0.0
Tumour epithelial,218.32402970713542,465.8606872924456,0.0
Tumour epithelial,121.30421575261627,481.06672345375875,4.1207604
Tumour epithelial,72.53392707801027,487.4955380001027,0.0
Tumour epithelial,69.97797954266278,476.7392242625118,0.0
Tumour epithelial (proliferative),124.09377379488534,425.11990725833584,0.0
Tumour epithelial,134.55837716823973,455.826526416565,0.0
Tumour epithelial (proliferative),127.06461104088838,454.133790420095,0.0
Tumour epithelial (proliferative),122.65061540819734,444.63948334731725,0.0
Tumour epithelial (proliferative),164.42055649135375,493.218007435273,0.0
Tumour epithelial,165.76306795023024,482.053624266492,0.0
Tumour epithelial (proliferative),174.2023032860858,472.8091497672147,0.0
Tumour epithelial,345.14330191005894,464.5919559595614,0.0
Tumour epithelial,353.6244150366505,461.4194742828226,2.876409
Tumour epithelial,226.4682082799514,476.1303709031353,0.0
Tumour epithelial (proliferative),236.90272593454264,493.0641368312596,0.0
Tumour epithelial,225.22175440195645,470.99638960034,0.0
Tumour epithelial,499.667122969713,428.2949385722579,0.0
Tumour epithelial,495.5946512377275,440.8951180503601,3.0637722
Tumour epithelial,444.9269544417605,427.6535135978645,0.0
Tumour epithelial (proliferative),484.58391557970623,421.3287242486,0.0
Tumour epithelial,477.2766872827794,435.98336949855565,3.1731794
Tumour epithelial (proliferative),483.3881676111945,437.9103215407784,0.0
Tumour epithelial,424.4492246992878,425.3257267199593,2.7791758
Tumour epithelial,375.1643873706233,431.5955076469937,0.0
Tumour epithelial,387.7599775017955,436.98458014998016,2.4218729
Tumour epithelial,415.1121027588618,446.70822708739735,0.0
Tumour epithelial,372.3064353109117,438.4109109312583,3.0994813
Tumour epithelial,211.7044704290145,630.8324116019033,0.0
Tumour epithelial,204.19553396042238,628.445951198317,0.0
Tumour epithelial,185.5882180556324,595.1292047145947,0.0
Tumour epithelial (proliferative),196.12688838916222,598.3064350905875,0.0
Tumour epithelial (proliferative),223.14877189005912,603.3197229432176,0.0
Tumour epithelial,213.55130012275146,595.1227668807069,0.0
Tumour epithelial,206.21790617423082,600.0191538684818,2.6108298
Tumour epithelial (proliferative),222.27960057426574,599.919781759262,0.0
Tumour epithelial (proliferative),231.0940787625762,617.0200071249922,0.0
Tumour epithelial (proliferative),124.95688972236833,701.4439759846208,0.0
Tumour epithelial (proliferative),125.9656536739484,712.998867958492,0.0
Tumour epithelial (proliferative),128.88594436279215,707.8303709423272,0.0
Tumour epithelial (proliferative),140.43369735254993,706.0648746747381,0.0
Tumour epithelial (proliferative),119.11809309070918,699.8309480205942,0.0
Tumour epithelial (proliferative),115.72911534664188,705.0231566625637,0.0
Tumour epithelial (proliferative),122.6032558975172,710.086863590494,0.0
Tumour epithelial (proliferative),99.3640778627216,726.401800703762,0.0
Tumour epithelial (proliferative),115.99842077412993,719.7525381524553,0.0
Tumour epithelial (proliferative),104.27812108799102,716.141805714369,0.0
Tumour epithelial (proliferative),92.30923177647855,708.330673498624,0.0
Tumour epithelial (proliferative),97.16622686977124,711.2603341041164,0.0
Tumour epithelial (proliferative),99.411246150613,708.1103848459852,0.0
Tumour epithelial (proliferative),105.92684397258412,698.6041900898402,0.0
Tumour epithelial (proliferative),120.74259442206072,686.4854458528783,0.0
Tumour epithelial (proliferative),112.77159995492168,684.0493312651469,0.0
Tumour epithelial (proliferative),120.3523087102242,695.663056117023,4.4768424
Tumour epithelial (proliferative),128.5725302120327,694.3396669370214,0.0
Tumour epithelial (proliferative),108.5689055037982,693.5688478755745,0.0
Tumour epithelial (proliferative),136.34650146583078,666.0176596954205,0.0
Tumour epithelial (proliferative),124.35211578248511,673.3030567239653,0.0
Tumour epithelial (proliferative),134.70300533746348,670.3747984189235,0.0
Tumour epithelial,102.93656574305828,669.3138306460152,4.333204
Tumour epithelial (proliferative),131.82013057428495,685.7858254097757,0.0
Tumour epithelial (proliferative),135.54674402235327,696.3185678368543,0.0
Tumour epithelial (proliferative),138.31979316386034,690.2429099108648,0.0
Tumour epithelial,248.3813200157029,623.7513042526721,0.0
Tumour epithelial,232.7601391800159,620.56330165958,0.0
Tumour epithelial,242.87486859088935,610.4404134097198,0.0
Tumour epithelial,237.5778061197559,612.21489714838,0.0
Tumour epithelial (proliferative),232.19851784946036,595.5619418855335,0.0
Tumour epithelial,243.658563320112,598.152883191222,0.0
Tumour epithelial (proliferative),232.4504220031722,597.162922813869,0.0
Tumour epithelial,262.8973606142804,664.9196584424244,2.7215946
Tumour epithelial,253.4408837832103,642.2657496230597,0.0
Tumour epithelial,254.4225578397176,629.0108233162812,0.0
Tumour epithelial,246.4186093119841,523.9571344675894,0.0
Tumour epithelial,234.4861798121931,535.021316895066,3.5557365
Tumour epithelial (proliferative),216.81706664993487,529.7935089439244,0.0
Tumour epithelial,207.85853396076686,541.7239306044336,0.0
Tumour epithelial (proliferative),228.695061395862,539.2825892604762,0.0
Tumour epithelial (proliferative),221.91984676769948,539.9350414156876,0.0
Tumour epithelial (proliferative),221.5458787338362,527.5837065266772,0.0
Tumour epithelial (proliferative),228.71035921896194,521.716035253917,0.0
Tumour epithelial,229.5117739266086,518.319504209694,3.5928004
Tumour epithelial,230.8744912601629,527.0020386737679,0.0
Tumour epithelial,237.5612972189939,525.1725146424127,0.0
Tumour epithelial (proliferative),200.07946343260215,516.3242218909585,0.0
Tumour epithelial,244.42963734527714,511.6019751228042,0.0
Tumour epithelial (proliferative),202.73663156412738,504.9457329397082,0.0
Tumour epithelial (proliferative),203.08261732990374,507.7975977406446,0.0
Tumour epithelial (proliferative),206.42614779117838,500.1231898188551,0.0
Tumour epithelial,217.15839932785167,510.6795163898793,0.0
Tumour epithelial,224.4340439941701,508.9591487004351,0.0
Tumour epithelial,256.7816733845128,497.9067902153962,3.6530964
Tumour epithelial (proliferative),208.31740491283466,526.3489491092607,0.0
Tumour epithelial (proliferative),201.1201615899033,530.6956343203123,0.0
Tumour epithelial (proliferative),186.73759449787252,517.164932881693,0.0
Tumour epithelial (proliferative),192.6586806696233,530.3630341497483,0.0
Tumour epithelial (proliferative),195.80665395893737,525.1667142178206,0.0
Tumour epithelial (proliferative),197.35447495200063,520.9465866224562,0.0
Tumour epithelial (proliferative),199.9839157791573,522.3796420718053,0.0
Tumour epithelial (proliferative),182.26635951041598,516.5649713819932,0.0
Tumour epithelial (proliferative),175.86179838777838,517.7286895333896,0.0
Tumour epithelial,177.14120632636775,531.4773530807178,0.0
Tumour epithelial (proliferative),193.66425757472422,503.064100698419,0.0
Tumour epithelial (proliferative),192.70858981748674,513.8507232480265,0.0
Tumour epithelial (proliferative),199.81487483390325,506.9389436782325,0.0
Tumour epithelial (proliferative),201.51133967475397,506.1947683253513,0.0
Tumour epithelial (proliferative),177.5178514792735,509.5683526349242,0.0
Tumour epithelial (proliferative),174.9328380800362,510.844669138429,2.5911927
Tumour epithelial (proliferative),180.0314112964483,496.68172141927624,0.0
Tumour epithelial (proliferative),181.57566279745492,501.0128538435094,0.0
Tumour epithelial (proliferative),185.33440167403305,503.4077599202656,0.0
Tumour epithelial (proliferative),179.5715842304368,509.72999963234673,3.7992601
Tumour epithelial (proliferative),190.1562117741959,511.846867774262,0.0
Tumour epithelial (proliferative),158.71714559412882,501.2996242857032,0.0
Tumour epithelial (proliferative),70.9008844620946,496.0801345258722,2.8109076
Tumour epithelial (proliferative),69.74940456917825,510.1240779294934,0.0
Tumour epithelial (proliferative),59.99481141044856,508.54980445065326,0.0
Tumour epithelial (proliferative),77.51394216539808,498.5396739052254,0.0
Tumour epithelial (proliferative),62.18252759559523,536.8226993060103,0.0
Tumour epithelial (proliferative),56.87125089716473,544.2478801931304,0.0
Tumour epithelial,61.27938236433414,522.107914488993,3.4841766
Tumour epithelial,60.76046745659919,524.7342957515298,0.0
Tumour epithelial (proliferative),64.73241974263233,522.4518605450228,0.0
Tumour epithelial (proliferative),64.5330381148968,533.020744079175,2.488029
Tumour epithelial,137.09692342981106,536.1984843826043,0.0
Tumour epithelial (proliferative),239.5964176187189,562.7839337386466,0.0
Tumour epithelial,214.20948896162517,561.6044078367138,0.0
Tumour epithelial (proliferative),236.71099321835706,564.989752347795,0.0
Tumour epithelial,191.16688795366346,586.9261932637737,0.0
Tumour epithelial (proliferative),232.1420433858498,587.1216866948047,0.0
Tumour epithelial (proliferative),218.49109468357238,577.3428082419039,0.0
Tumour epithelial (proliferative),220.74656747686575,580.0711749917733,0.0
Tumour epithelial (proliferative),227.6668564607591,579.1596796987368,0.0
Tumour epithelial (proliferative),232.5988108872414,577.149609484338,0.0
Tumour epithelial (proliferative),227.1497262990525,574.1080198064977,2.4982107
Tumour epithelial,243.79898458798326,579.4529517157481,0.0
Tumour epithelial,238.63290972714276,571.9744834114966,0.0
Tumour epithelial (proliferative),240.0737734403658,587.5620727772933,0.0
Tumour epithelial,245.569580129939,560.4663772799393,0.0
Tumour epithelial (proliferative),202.2354366348165,544.458097778895,0.0
Tumour epithelial (proliferative),220.96430649232119,546.442671621461,0.0
Tumour epithelial,211.5970032217376,550.4923878415851,0.0
Tumour epithelial (proliferative),210.73854038211417,543.5866317896366,0.0
Tumour epithelial,237.7193109834301,544.407678703595,0.0
Tumour epithelial (proliferative),230.3785868280074,556.5922035798866,0.0
Tumour epithelial (proliferative),236.9781314542393,548.9724853756792,0.0
Tumour epithelial (proliferative),240.020549764164,550.6952114795181,0.0
Tumour epithelial (proliferative),245.86457315204896,556.6461921472433,0.0
Tumour epithelial,68.42155352410585,648.7212397484341,0.0
Tumour epithelial (proliferative),129.64344156995614,640.7705148969023,0.0
Tumour epithelial (proliferative),135.78003582462694,635.3732516844644,0.0
Tumour epithelial (proliferative),125.49167612156944,630.0553459293573,0.0
Tumour epithelial,267.51653829929904,659.7958438178974,0.0
Tumour epithelial,243.60476597554396,627.8314248962075,0.0
Tumour epithelial (proliferative),129.48064723580123,626.4117869125356,0.0
Tumour epithelial (proliferative),126.98977918955798,638.6031958092223,0.0
Tumour epithelial (proliferative),120.61307285314814,637.8300820743104,0.0
Tumour epithelial (proliferative),124.52007313193624,644.24503296847,0.0
Tumour epithelial (proliferative),129.06817968046985,651.1261850215994,0.0
Tumour epithelial,141.48427535393643,653.7823332982514,0.0
Tumour epithelial,129.88699566189266,602.255249419182,0.0
Tumour epithelial (proliferative),133.83051949333182,645.4060102598943,0.0
Tumour epithelial,74.67925554498426,551.5451967755071,0.0
Tumour epithelial,81.2168439876615,566.8984744841568,0.0
Tumour epithelial (proliferative),48.56421424926427,591.1239796633193,0.0
Tumour epithelial,54.26042242144632,573.2078703989271,0.0
Tumour epithelial,62.15091209452208,571.2367458925033,4.378773
Tumour epithelial,158.94157740719047,558.4729434481617,0.0
Tumour epithelial,147.42505747292833,546.9184976607976,0.0
Tumour epithelial,156.43726002480517,592.0132293719313,0.0
Tumour epithelial (proliferative),215.14571573533985,586.9857272920042,0.0
Tumour epithelial,200.6478413016935,571.9572096195795,0.0
Tumour epithelial (proliferative),206.36278930717293,569.281939064053,0.0
Tumour epithelial,223.17388581631482,574.0154042358135,0.0
Tumour epithelial,187.07688746604268,570.2617646336022,0.0
Tumour epithelial,187.2912482122302,582.3532277527028,0.0
Tumour epithelial,185.49859830863878,585.47474855624,0.0
Tumour epithelial,436.6888854796687,501.3745198779632,0.0
Tumour epithelial,441.6375400297017,539.9595179326473,0.0
Tumour epithelial,435.7029089104146,591.4313384257683,0.0
Tumour epithelial,416.07819215808604,591.174781184197,0.0
Tumour epithelial,430.7922758248778,589.347966142349,0.0
Tumour epithelial,410.7158908455244,630.2502019510924,0.0
Tumour epithelial (proliferative),431.6087652623709,639.3341130487502,0.0
Tumour epithelial,846.3840689169325,665.1464486698807,0.0
Tumour epithelial,729.3702471669296,672.8255734204592,0.0
Tumour epithelial,674.8817915699003,683.0867794875143,0.0
Tumour epithelial,698.1402353006622,690.1194437302626,0.0
Tumour epithelial,674.6882422372216,703.8354719216443,3.036935
Tumour epithelial,689.698593744715,693.9177657241117,0.0
Tumour epithelial,722.2031373684587,696.1120472250054,0.0
Tumour epithelial (proliferative),702.6453963978893,695.7424773152834,0.0
Tumour epithelial (proliferative),666.9151952269025,687.2097340357296,0.0
Tumour epithelial,658.5434615354752,697.970860213504,0.0
Tumour epithelial,655.2673052367699,710.3917364566893,0.0
Tumour epithelial,742.6133973369676,698.1933160577486,0.0
Tumour epithelial,751.9503599250697,705.9023353043016,0.0
Tumour epithelial,763.2299707593043,664.2927026590463,0.0
Tumour epithelial,775.6005076033515,672.6333945177666,4.0799
Tumour epithelial,782.7149992644519,704.4723712900372,0.0
Tumour epithelial,772.0267927101204,696.4889473416296,0.0
Tumour epithelial,684.4951826343713,824.3850588089277,0.0
Tumour epithelial,700.3930469101456,830.7138319662912,0.0
Tumour epithelial,646.3648964360996,848.5642243322834,0.0
Tumour epithelial,678.244731144233,830.8874622584751,0.0
Tumour epithelial,668.8236623995462,832.6223628798645,0.0
Tumour epithelial,663.3915328986263,832.7246033309156,0.0
Tumour epithelial,656.8806519054443,826.32737241518,2.9004393
Tumour epithelial,645.2940806895705,815.2129940056568,0.0
Tumour epithelial,662.5561124050471,814.3544036841743,0.0
Tumour epithelial (proliferative),671.5154418558349,817.791760793795,0.0
Tumour epithelial (proliferative),677.2755343746915,824.4119574812117,0.0
Tumour epithelial (proliferative),682.7077913574705,818.788159005036,0.0
Tumour epithelial,685.2100849653415,844.6008133308144,0.0
Tumour epithelial,686.6399533682114,836.7515640391788,0.0
Tumour epithelial,693.93162887832,839.345756132276,0.0
Tumour epithelial,659.1252568702438,854.9216809079592,0.0
Tumour epithelial,652.7638483569339,842.7145280016655,0.0
Tumour epithelial,662.563187648231,837.70665812805,3.5491512
Tumour epithelial,677.1373759098204,859.0617180253026,0.0
Tumour epithelial,681.9103445226903,849.108571870922,0.0
Tumour epithelial,680.3455365718933,861.2162889270661,0.0
Tumour epithelial,690.0392730781036,846.9102746914645,0.0
Tumour epithelial,572.6699283257356,844.5139981847223,0.0
Tumour epithelial,556.2591885953043,848.0164347834473,0.0
Tumour epithelial (proliferative),482.0002407399902,875.7792428498167,0.0
Tumour epithelial,518.2199403797096,877.1412590331456,0.0
Tumour epithelial,568.1252956578643,862.93825013975,0.0
Tumour epithelial,611.8996977536162,821.7612271835744,0.0
Tumour epithelial,574.7430064490272,826.3927706089321,0.0
Tumour epithelial,592.711319534748,831.8248363689223,0.0
Tumour epithelial,764.895457508378,793.6131689388056,0.0
Tumour epithelial,702.241501997587,877.2372528730975,0.0
Tumour epithelial,705.6861733788774,874.1006254692492,0.0
Tumour epithelial,696.1009239348172,870.856212153476,0.0
Tumour epithelial,698.927674809498,871.669801378673,0.0
Tumour epithelial,673.1078814996063,880.0593187894539,0.0
Tumour epithelial,660.1180855894281,873.827240622268,0.0
Tumour epithelial,653.8198762077998,867.180463967215,0.0
Tumour epithelial,707.2590764277314,859.7703896804061,0.0
Tumour epithelial,731.7194031914776,874.3119903917463,3.4704947
Tumour epithelial,759.9216730968567,741.5664052608462,0.0
Tumour epithelial,754.1293436028635,714.255074198713,0.0
Tumour epithelial,647.0276746219033,766.3828525981723,0.0
Tumour epithelial,636.1728174071773,786.308968336034,0.0
Tumour epithelial,663.3519179108905,768.4569187058726,2.3710601
Tumour epithelial,696.2488347619145,792.6432232133416,0.0
Tumour epithelial,719.3092035539975,811.5742155585539,0.0
Tumour epithelial,681.8534079373402,767.4560586295609,3.1579585
Tumour epithelial,701.3388188880652,761.3206754525521,0.0
Tumour epithelial,671.596902763842,763.3205471182177,0.0
Tumour epithelial,595.5518703206834,764.8554924435052,0.0
Tumour epithelial,625.839966535271,752.5899528457137,0.0
Tumour epithelial,597.9629347230888,756.5810911515513,0.0
Tumour epithelial,655.144380854069,808.787079671609,0.0
Tumour epithelial,583.9793858502475,790.417453693234,2.7032104
Tumour epithelial,577.7770428267119,816.7269685651115,0.0
Tumour epithelial,570.9696708995747,781.0644921318064,0.0
Tumour epithelial,513.8742750235313,791.2378631978962,0.0
Tumour epithelial,481.5932867750677,796.0757997532436,0.0
Tumour epithelial,569.908416292483,807.2205188452482,3.1493726
Tumour epithelial,535.854952144641,778.4213470047895,0.0
Tumour epithelial (proliferative),583.2971029399913,722.4267888531089,0.0
Tumour epithelial (proliferative),564.0650303138939,729.4350403198267,0.0
Tumour epithelial,561.1652960748406,734.1481721350507,0.0
Tumour epithelial,590.2331996744213,733.2347008731972,0.0
Tumour epithelial,513.440422386325,743.4413447045292,0.0
Tumour epithelial,541.6030454335034,731.2996537329172,0.0
Tumour epithelial,514.7778983117643,739.0655298886583,0.0
Tumour epithelial,533.3875088900193,724.0356736567126,0.0
Tumour epithelial,539.7273410986654,729.3623119191726,0.0
Tumour epithelial,523.618478410739,738.058678164966,0.0
Tumour epithelial,568.3652483872793,762.3906944374614,0.0
Tumour epithelial,577.4666244996428,741.2622335448763,0.0
Tumour epithelial (proliferative),642.7302611494196,712.2400321918067,0.0
Tumour epithelial,545.7411384524946,707.963398262367,0.0
Tumour epithelial,548.2743623464457,694.705029945391,0.0
Tumour epithelial,559.8849320223076,691.6394099370981,0.0
Tumour epithelial,634.4889095294543,672.1186865113841,0.0
Tumour epithelial,556.3604091914821,676.224431008612,0.0
Tumour epithelial,576.7431330784112,664.3846808204346,0.0
Tumour epithelial,633.710983354359,735.1427856002633,0.0
Tumour epithelial,602.0421948640749,719.134506099219,0.0
Tumour epithelial,662.6217336920528,723.6764935185125,0.0
Tumour epithelial,675.1992692049206,756.1103006456515,0.0
Tumour epithelial,679.6944707819003,730.0676690459377,0.0
Tumour epithelial (proliferative),666.6472920998652,713.7052449401303,0.0
Tumour epithelial,526.364979455075,440.11789302549016,0.0
Tumour epithelial,521.183064973233,442.39325298881346,0.0
Tumour epithelial,505.0228908369922,439.63703145271626,0.0
Tumour epithelial,501.34959667652026,457.24259490818025,0.0
Tumour epithelial,483.641505935822,449.5561718211644,0.0
Tumour epithelial,517.8150898654633,450.801605844286,0.0
Tumour epithelial,510.6984788184542,449.3377316554835,0.0
Tumour epithelial,524.3318987650964,454.2255136177649,0.0
Tumour epithelial,551.3337994845691,473.991065954007,0.0
Tumour epithelial,535.8867588685027,487.6403573921152,0.0
Tumour epithelial,547.4212856153721,485.4253282186422,0.0
Tumour epithelial (proliferative),544.781837462271,476.9491868845581,0.0
Tumour epithelial (proliferative),540.2301614216807,463.2117736113014,0.0
Tumour epithelial,500.4241102494403,461.8060948912082,0.0
Tumour epithelial,519.5671686673752,467.668507537278,0.0
Tumour epithelial (proliferative),516.348124241576,462.6549965913942,0.0
Tumour epithelial,531.121773807063,464.8389839321602,0.0
Tumour epithelial,509.3652416648322,472.5943747049849,0.0
Tumour epithelial,512.7045014838247,487.41834773437773,0.0
Tumour epithelial,518.4139040284305,478.6309275706752,0.0
Tumour epithelial,562.684975447493,460.6029211044,3.105571
Tumour epithelial (proliferative),538.6489083110512,460.4729852194452,0.0
Tumour epithelial,530.223249793197,450.12069336401595,0.0
Tumour epithelial,534.8496302032582,450.6442932300753,0.0
Tumour epithelial,557.4650076306903,452.5020226227709,0.0
Tumour epithelial,546.0636675561844,454.2260235452015,0.0
Tumour epithelial,487.1019691324166,485.609539505137,0.0
Tumour epithelial,484.459397673766,502.7418902993771,0.0
Tumour epithelial,481.813639168636,499.620975034671,0.0
Tumour epithelial,470.7659656419214,533.5460968207977,3.0774934
Tumour epithelial,464.891123514583,521.2730039228505,0.0
Tumour epithelial,467.1000016883513,498.4068696784392,2.665072
Tumour epithelial,465.1092768460808,510.8522861795141,0.0
Tumour epithelial,475.538758967235,514.3479662397033,0.0
Tumour epithelial,473.7139198942042,530.4094694169493,0.0
Tumour epithelial (proliferative),478.3341174340961,529.5363142930571,0.0
Tumour epithelial,483.553320359744,523.590401029234,0.0
Tumour epithelial,488.0196472956226,500.66355354939475,0.0
Tumour epithelial,488.086256567037,503.99946696958426,0.0
Tumour epithelial,491.490564004669,505.76183993162374,3.3979166
Tumour epithelial,465.6491625196486,524.506995596637,0.0
Tumour epithelial,496.1822469970881,489.443046492116,0.0
Tumour epithelial,496.0316909214132,498.855223377126,0.0
Tumour epithelial,443.1841499451029,510.982062712145,3.3622885
Tumour epithelial,446.3184508050215,488.8465270026137,0.0
Tumour epithelial,461.5982352218621,515.2744406511918,0.0
Tumour epithelial (proliferative),460.106793081015,493.5623359368801,2.603848
Tumour epithelial,495.71391051697725,469.913016890683,0.0
Tumour epithelial,486.3220032475746,475.7804650701896,0.0
Tumour epithelial,462.32230031146,489.9550455089911,0.0
Tumour epithelial,465.6274906035903,489.15442756296426,0.0
Tumour epithelial,471.4329507290776,490.74775957974975,0.0
Tumour epithelial,495.596563465615,485.0368591232989,0.0
Tumour epithelial,485.7576729275118,479.0587885605009,0.0
Tumour epithelial,473.9414431423505,482.2953617419353,0.0
Tumour epithelial,464.7966594569412,485.0896366129935,0.0
Tumour epithelial,473.5668376991914,476.7187634241157,0.0
Tumour epithelial,431.5975468587643,484.662827348506,0.0
Tumour epithelial,451.2279684242905,487.996382354301,0.0
Tumour epithelial,494.775930867699,461.4685547986015,0.0
Tumour epithelial,493.156720033503,465.1130061884374,0.0
Tumour epithelial,497.7916417281284,458.8098568847662,0.0
Tumour epithelial,473.3236660528323,450.22812870082805,0.0
Tumour epithelial,498.2865263054106,435.71954579101174,0.0
Tumour epithelial (proliferative),151.53889706821315,776.3933655891777,0.0
Tumour epithelial (proliferative),152.69700601780613,772.6086841542593,0.0
Tumour epithelial (proliferative),155.32937892772358,778.3716928206443,0.0
Tumour epithelial (proliferative),126.2602005095513,777.4979958988506,0.0
Tumour epithelial (proliferative),133.580591308437,783.795281037,0.0
Tumour epithelial (proliferative),120.16886231488442,765.6917096987042,0.0
Tumour epithelial (proliferative),117.7485554776895,771.8945307792118,0.0
Tumour epithelial (proliferative),124.67056546668164,774.6986217534258,0.0
Tumour epithelial (proliferative),134.85107551688472,765.5044388475895,0.0
Tumour epithelial (proliferative),129.06868960790652,769.680553331077,0.0
Tumour epithelial (proliferative),148.86655859544717,779.5976221193135,0.0
Tumour epithelial (proliferative),138.51688011813087,765.746335675357,0.0
Tumour epithelial (proliferative),138.62855422676023,774.7834609307007,0.0
Tumour epithelial (proliferative),146.24017733291052,767.6273305073503,0.0
Tumour epithelial (proliferative),143.66772089680103,770.2463178220553,0.0
Tumour epithelial,119.50965362113736,787.1654552068403,0.0
Tumour epithelial,124.85503171689474,790.206981143751,0.0
Tumour epithelial (proliferative),133.386627659716,788.0696202929747,0.0
Tumour epithelial (proliferative),122.20136933649657,785.1757183489784,0.0
Tumour epithelial (proliferative),127.4919302328126,808.0190652110638,0.0
Tumour epithelial (proliferative),134.34012822534766,801.6281446473569,0.0
Tumour epithelial (proliferative),138.5089762428626,798.2719297410953,0.0
Tumour epithelial (proliferative),126.04889932798378,800.6008958261978,0.0
Tumour epithelial (proliferative),122.73366983944395,798.5284232417371,0.0
Tumour epithelial (proliferative),132.1972219136978,796.8794453934257,0.0
Tumour epithelial (proliferative),142.57297043121355,809.7440859883676,0.0
Tumour epithelial (proliferative),138.55212885219026,808.594008395902,0.0
Tumour epithelial (proliferative),138.04717320803397,804.6664835377883,2.663829
Tumour epithelial (proliferative),151.57892637199126,812.1668787218163,0.0
Tumour epithelial (proliferative),149.03164760306706,790.467872768534,0.0
Tumour epithelial (proliferative),143.9623952142631,792.3026554265797,0.0
Tumour epithelial (proliferative),150.66284173202482,783.7936237728309,0.0
Tumour epithelial (proliferative),141.82280343095158,800.1046726893943,0.0
Tumour epithelial (proliferative),139.89094333715093,795.8731673380994,0.0
Tumour epithelial (proliferative),156.24501738118295,801.1982120773198,0.0
Tumour epithelial (proliferative),156.87267431478645,810.4783814971635,0.0
Tumour epithelial (proliferative),163.65630274565393,810.3261044163897,0.0
Tumour epithelial (proliferative),162.77285346163399,807.3472358132592,0.0
Tumour epithelial (proliferative),126.19594965253167,739.7773248493114,0.0
Tumour epithelial,121.25411538196406,731.5180301576686,0.0
Tumour epithelial (proliferative),114.83476636366323,734.5807180832007,0.0
Tumour epithelial (proliferative),108.4490725561822,739.9311954533247,0.0
Tumour epithelial (proliferative),130.90124133341686,732.7408361507883,0.0
Tumour epithelial (proliferative),101.29619292024056,730.5370572513867,0.0
Tumour epithelial,106.21552664266538,732.5121336954446,0.0
Tumour epithelial (proliferative),124.39794551085527,729.3047538597592,0.0
Tumour epithelial (proliferative),135.46553807806455,722.5933439021092,0.0
Tumour epithelial (proliferative),117.22817452857414,722.3958745022611,0.0
Tumour epithelial (proliferative),146.35344496477944,724.9709443164835,0.0
Tumour epithelial (proliferative),142.4821396065578,728.2242176214687,0.0
Tumour epithelial (proliferative),143.8815717155519,732.5184440474733,0.0
Tumour epithelial (proliferative),143.36405910826778,721.818764125817,0.0
Tumour epithelial (proliferative),139.46840471494545,742.0811770081583,0.0
Tumour epithelial (proliferative),146.56908052955862,737.5046420050306,0.0
Tumour epithelial (proliferative),147.9254875110842,742.3154886653052,0.0
Tumour epithelial (proliferative),147.52347346820443,751.2321435637373,0.0
Tumour epithelial (proliferative),113.85589690805757,747.5171309648531,0.0
Tumour epithelial,116.37226132613404,748.6443255635983,0.0
Tumour epithelial (proliferative),131.0797159362492,758.1394931389253,0.0
Tumour epithelial (proliferative),113.31116692384153,754.1789504792876,0.0
Tumour epithelial (proliferative),126.66323440730442,763.6251012797652,0.0
Tumour epithelial (proliferative),117.20184952465638,758.4815269670676,0.0
Tumour epithelial (proliferative),147.05485015391045,759.0282329201007,0.0
Tumour epithelial (proliferative),140.29435968048156,762.313121726159,0.0
Tumour epithelial (proliferative),142.07897822694554,757.062590133621,0.0
Tumour epithelial,274.09721561037435,751.5574772683287,0.0
Tumour epithelial,305.5697457784725,861.2986422080872,0.0
Tumour epithelial,311.37794676393185,797.169657845817,0.0
Tumour epithelial,317.7238662313531,793.8611211548833,0.0
Tumour epithelial,296.5137532079721,804.4339566266697,0.0
Tumour epithelial (proliferative),290.55576103799285,802.1559832852334,0.0
Tumour epithelial,298.20550122003374,820.0216734743256,0.0
Tumour epithelial,294.7320030033394,813.140712643985,0.0
Tumour epithelial,314.9879143108633,811.8664039797623,0.0
Tumour epithelial,289.1359955724618,835.6333569115047,0.0
Tumour epithelial (proliferative),314.5725784137007,841.3433968654062,0.0
Tumour epithelial,315.649162714357,814.186000148216,0.0
Tumour epithelial,307.9231246396053,817.8855237012116,0.0
Tumour epithelial (proliferative),173.28360526800645,869.865040698461,0.0
Tumour epithelial (proliferative),156.9054371525921,874.9848396444243,0.0
Tumour epithelial (proliferative),155.2286682589825,871.883970902072,0.0
Tumour epithelial (proliferative),146.83532639242668,876.4960733439068,0.0
Tumour epithelial (proliferative),154.26739129994175,865.146554645152,0.0
Tumour epithelial (proliferative),139.296367946001,863.1327237159077,0.0
Tumour epithelial (proliferative),146.55225292414872,871.1661205531085,0.0
Tumour epithelial (proliferative),161.0343196072585,866.944176341251,0.0
Tumour epithelial (proliferative),172.71924307747884,874.986114463016,2.7163024
Tumour epithelial,168.8404162895664,870.5709077526627,0.0
Tumour epithelial (proliferative),163.31796589142755,868.2587055320405,0.0
Tumour epithelial (proliferative),163.6508847666394,855.3027879259357,0.0
Tumour epithelial (proliferative),162.94597382638133,857.9946948640837,0.0
Tumour epithelial (proliferative),143.6454753123766,836.2575080939812,0.0
Tumour epithelial,135.475099217502,836.6548053080718,0.0
Tumour epithelial (proliferative),133.81171591910484,831.4237784399863,0.0
Tumour epithelial,147.4060626759126,853.0717279086726,2.8779912
Tumour epithelial (proliferative),135.2800519729781,849.249821770878,0.0
Tumour epithelial (proliferative),141.5932086025937,846.432855128888,0.0
Tumour epithelial (proliferative),148.52873166865743,838.4800268266802,0.0
Tumour epithelial (proliferative),147.27609492049294,836.020965504299,0.0
Tumour epithelial (proliferative),155.23485112915205,839.2464477639858,0.0
Tumour epithelial (proliferative),157.97571110121973,861.1010453263801,0.0
Tumour epithelial (proliferative),154.48583146562257,861.0679637839265,0.0
Tumour epithelial,151.36163354304293,852.0593307241063,0.0
Tumour epithelial,182.7082753752147,823.1650574167097,0.0
Tumour epithelial (proliferative),137.57389680588042,824.107148355946,0.0
Tumour epithelial (proliferative),134.875488292915,828.8839573598233,0.0
Tumour epithelial (proliferative),131.29503279638047,822.1764993398075,0.0
Tumour epithelial (proliferative),136.52618714632516,816.4236254812262,0.0
Tumour epithelial (proliferative),153.7816854165195,827.2284141957648,0.0
Tumour epithelial (proliferative),150.17853814905342,826.1865687017312,0.0
Tumour epithelial (proliferative),144.0185509732257,818.6098756249924,0.0
Tumour epithelial (proliferative),156.64575660547106,820.706059835258,0.0
Tumour epithelial (proliferative),151.18277649463312,822.3088255096217,0.0
Tumour epithelial,190.89707259873876,832.2436142762824,0.0
Tumour epithelial (proliferative),176.3917404763312,849.7137282563826,0.0
Tumour epithelial (proliferative),171.32070334149893,859.3891551805702,0.0
Tumour epithelial,183.911576643882,844.3668203783152,0.0
Tumour epithelial,298.77534513050546,877.0142233604867,0.0
Tumour epithelial (proliferative),275.6690031929608,862.4502495828629,0.0
Tumour epithelial (proliferative),277.2668608157467,873.2282671069765,0.0
Tumour epithelial (proliferative),298.8918635497831,843.6916764521725,0.0
Tumour epithelial,282.64767886835216,842.2544459719356,0.0
Tumour epithelial,281.365338847002,845.4722155791432,0.0
Tumour epithelial,290.53479027216,786.9219648558333,0.0
Tumour epithelial,289.5751068363589,778.6188801455671,0.0
Tumour epithelial,319.7960201111658,788.4889718687011,0.0
Tumour epithelial,457.6666946851846,534.0882771678305,0.0
Tumour epithelial,447.713229826156,528.4787566598812,0.0
Tumour epithelial,436.1780019290613,516.7195750066968,0.0
Tumour epithelial (proliferative),456.7947187684895,539.5183669590036,0.0
Tumour epithelial,449.2447012707812,523.128183678363,0.0
Tumour epithelial,413.3793693290784,586.3151089718617,0.0
Tumour epithelial,421.03659907034523,572.5081862148947,0.0
Tumour epithelial (proliferative),420.10865861747635,575.9111869634704,0.0
Tumour epithelial (proliferative),426.4405550803894,587.1071537628598,0.0
Tumour epithelial,443.2343777976143,585.870452247091,0.0
Tumour epithelial,422.9651765062724,576.0488673713696,0.0
Tumour epithelial (proliferative),429.42015670421006,569.725767156739,0.0
Tumour epithelial (proliferative),436.1524418162985,569.5205851044115,0.0
Tumour epithelial,436.3265182949896,576.8367690019446,0.0
Tumour epithelial,438.4496011775391,578.3475565149203,0.0
Tumour epithelial (proliferative),444.582052271787,566.504109352827,0.0
Tumour epithelial (proliferative),450.5435820633582,550.150354013443,0.0
Tumour epithelial,441.71715245075086,550.6367610470905,0.0
Tumour epithelial (proliferative),444.8763122732068,546.4443926265595,0.0
Tumour epithelial,442.6342250751258,559.7573869201881,0.0
Tumour epithelial,419.89828167938776,562.436609413349,0.0
Tumour epithelial (proliferative),435.2291225808244,552.1469111507703,0.0
Tumour epithelial (proliferative),430.861339122081,549.5777692429991,0.0
Tumour epithelial,483.3700333167282,605.9212452432168,0.0
Tumour epithelial,489.9318751831117,598.882716834947,0.0
Tumour epithelial (proliferative),490.746962320154,594.7204978741088,0.0
Tumour epithelial,477.4949362256715,618.2799103391292,0.0
Tumour epithelial,450.822862946326,597.7831220587112,0.0
Tumour epithelial,460.1917278696843,615.1550750072537,0.0
Tumour epithelial,463.9162378670762,605.649007732968,0.0
Tumour epithelial,443.26207323151806,588.7995391842171,0.0
Tumour epithelial,436.93218460788694,598.2940693502483,0.0
Tumour epithelial (proliferative),425.4527937651069,596.660070620389,0.0
Tumour epithelial,420.9016276519533,598.7935432744605,0.0
Tumour epithelial,409.04715330904224,601.9796973805948,0.0
Tumour epithelial,429.9133521468583,618.4298290055083,0.0
Tumour epithelial,431.8422801578981,592.3226915850566,0.0
Tumour epithelial,420.4506924456186,602.2427561969837,0.0
Tumour epithelial,456.2033622942835,606.2152184104535,2.713668
Tumour epithelial,446.1302875808925,619.4902231100506,0.0
Tumour epithelial (proliferative),442.6828275339328,614.7412051514715,0.0
Tumour epithelial,439.9135391072712,611.7735549519476,0.0
Tumour epithelial,434.6415268214638,610.7350877271818,0.0
Tumour epithelial,414.1602594573993,617.9051774141109,0.0
Tumour epithelial,413.9268720437313,676.3024499064215,0.0
Tumour epithelial,414.2716148613808,626.144712417583,0.0
Tumour epithelial,435.5213110020327,685.692699911655,0.0
Tumour epithelial,432.2613448994413,622.3650027751721,0.0
Tumour epithelial,432.8918383044113,631.7532768115884,0.0
Tumour epithelial (proliferative),437.2747602339306,620.462272286191,0.0
Tumour epithelial,443.6659357613558,626.2213927558713,0.0
Tumour epithelial,447.249642045299,623.5884461775876,0.0
Tumour epithelial (proliferative),425.2931227365016,630.2734673903902,0.0
Tumour epithelial,495.081026827148,540.2067689984997,0.0
Tumour epithelial (proliferative),495.7776514465602,556.9398466098321,0.0
Tumour epithelial (proliferative),487.6177926050669,547.2454886295583,0.0
Tumour epithelial,487.6319430914342,535.9616868292036,0.0
Tumour epithelial,477.7472546954257,544.5626329034111,0.0
Tumour epithelial,483.9478448433978,544.1733033055183,0.0
Tumour epithelial,487.28315272475623,545.3413558401262,0.0
Tumour epithelial,476.6427199971472,526.0135443377951,0.0
Tumour epithelial,486.8399939118306,522.7930338706155,0.0
Tumour epithelial,477.0656091944654,560.589333533105,0.0
Tumour epithelial,482.430364532816,567.9684297281366,0.0
Tumour epithelial (proliferative),479.502775507535,569.5058609496778,0.0
Tumour epithelial,490.926871093902,577.9600754039853,0.0
Tumour epithelial,489.2588347076451,589.3058333878947,0.0
Tumour epithelial (proliferative),491.7333213349856,583.8001468542361,0.0
Tumour epithelial (proliferative),498.43105886324,573.3110032229923,0.0
Tumour epithelial (proliferative),494.8845772821732,590.9535364176145,0.0
Tumour epithelial,499.5186066037846,578.7428777601938,0.0
Tumour epithelial,496.4603486728586,584.3632979671016,0.0
Tumour epithelial,462.3665683870552,570.1350476655913,0.0
Tumour epithelial (proliferative),472.4015260245556,574.4408111998503,0.0
Tumour epithelial,447.6989518579294,574.5410756820844,0.0
Tumour epithelial (proliferative),452.9466151086361,566.429213760567,0.0
Tumour epithelial,448.4346815376408,586.7318471694753,0.0
Tumour epithelial,461.4219596811004,592.7618665898832,0.0
Tumour epithelial,474.5263617826687,556.4865848595675,0.0
Tumour epithelial,462.1856078879692,559.9009952345385,0.0
Tumour epithelial,448.4934506747163,548.6686323643572,0.0
Tumour epithelial,459.0230379257806,557.9139992366486,0.0
Tumour epithelial (proliferative),460.1291661472986,536.2533015820457,0.0
Tumour epithelial,466.6095152352103,543.8443363679406,0.0
Tumour epithelial,543.038331815388,495.35065145726,0.0
Tumour epithelial (proliferative),547.1185480703177,489.6363089906115,0.0
Tumour epithelial (proliferative),559.0612717302364,554.1207765171661,0.0
Tumour epithelial (proliferative),526.2400153626274,551.3853982650426,0.0
Tumour epithelial,533.263150336403,550.5617379729714,0.0
Tumour epithelial,539.4603303446423,553.7550948041486,0.0
Tumour epithelial (proliferative),550.4762927588893,544.5398136506204,0.0
Tumour epithelial (proliferative),553.8764889065633,549.551189275363,0.0
Tumour epithelial (proliferative),565.7334810161929,532.3942344823039,0.0
Tumour epithelial (proliferative),555.514598926381,531.1551426816758,0.0
Tumour epithelial (proliferative),557.1679430283687,534.0247912019659,0.0
Tumour epithelial,575.7608534830729,539.8387288710877,0.0
Tumour epithelial,518.5913906468543,607.8640050359762,0.0
Tumour epithelial,539.9736679210388,608.3689606801324,0.0
Tumour epithelial,548.0723992110621,612.537872438577,0.0
Tumour epithelial,545.168521811586,614.8247057692251,0.0
Tumour epithelial,560.9530706497942,608.5824290533059,0.0
Tumour epithelial,561.625186881782,618.2090941663625,0.0
Tumour epithelial (proliferative),558.294054031311,657.2304626249717,0.0
Tumour epithelial,535.9750081855104,618.4627193251731,0.0
Tumour epithelial (proliferative),560.4741531753725,626.2291054083508,0.0
Tumour epithelial (proliferative),554.482123348996,629.6395638456876,0.0
Tumour epithelial,563.3931690456246,644.5025463239853,0.0
Tumour epithelial,580.0277031798216,657.498047047361,0.0
Tumour epithelial (proliferative),567.7452403652258,608.7236152123321,0.0
Tumour epithelial,584.2844818096963,619.2793681149901,0.0
Tumour epithelial,515.1970267942372,555.2644800166732,0.0
Tumour epithelial,514.064159252759,565.1951893638408,0.0
Tumour epithelial (proliferative),511.835393908961,575.3127233756159,0.0
Tumour epithelial,516.6719281638575,574.5336817342528,0.0
Tumour epithelial,536.8720024170667,569.5530929784987,0.0
Tumour epithelial (proliferative),501.8288965965193,578.8903105303192,0.0
Tumour epithelial,502.88782465968126,585.3333711744249,0.0
Tumour epithelial,507.85337055605373,581.7060023537173,0.0
Tumour epithelial (proliferative),510.1709588852257,584.9439778356025,0.0
Tumour epithelial,528.0513413585867,590.9397683768245,0.0
Tumour epithelial,564.736158561473,561.7141059765261,0.0
Tumour epithelial,574.813535787611,573.0870175964377,0.0
Tumour epithelial (proliferative),563.3819825124828,594.1649319318636,0.0
Tumour epithelial,582.4657937363702,587.9399290078612,0.0
Tumour epithelial (proliferative),541.404556178782,566.212494599985,0.0
Tumour epithelial,558.5613516195172,564.7935577665385,0.0
Tumour epithelial (proliferative),560.5955796462281,560.0486192274526,0.0
Tumour epithelial,537.9766008562748,594.919943242774,0.0
Tumour epithelial (proliferative),546.6232810474581,578.4540038673238,0.0
Tumour epithelial (proliferative),542.1126222950545,584.166083530972,0.0
Tumour epithelial (proliferative),549.5393967054141,581.706512281154,0.0
Tumour epithelial,544.1326360944684,573.398009591873,0.0
Tumour epithelial (proliferative),553.7666951553566,574.1457544368109,0.0
Tumour epithelial (proliferative),553.7414856177066,579.342169980133,0.0
Tumour epithelial (proliferative),539.8355094561678,533.5736966433072,0.0
Tumour epithelial (proliferative),546.2403255425236,530.6912680666358,0.0
Tumour epithelial (proliferative),516.8005892302207,536.5048870311095,0.0
Tumour epithelial (proliferative),508.651661958151,530.387861241821,0.0
Tumour epithelial (proliferative),536.7821914472843,538.4159675818662,0.0
Tumour epithelial,543.1727614358784,538.7736179377563,0.0
Tumour epithelial,503.7831934975332,552.9101450415967,0.0
Tumour epithelial,514.18781665615,550.7367705656062,0.0
Tumour epithelial,501.9350889852046,535.6031441002993,0.0
Tumour epithelial,512.5548696516288,513.8156019958263,0.0
Tumour epithelial (proliferative),542.2652499509409,523.267871925544,0.0
Tumour epithelial (proliferative),537.6179306455113,522.1543178857295,0.0
Tumour epithelial (proliferative),541.7981564189569,512.4263365651007,0.0
Tumour epithelial,549.1254631087023,501.4108840782902,0.0
Tumour epithelial,504.484630557129,498.6040203736394,0.0
Tumour epithelial,509.2473528155685,491.4863894717572,0.0
Tumour epithelial,532.1582969334765,493.500443494255,0.0
Tumour epithelial,525.6951260260875,489.6576622020218,0.0
Tumour epithelial,511.6343868875211,500.5017471996483,0.0
Tumour epithelial,516.379325426607,506.2341602198336,0.0
Tumour epithelial,542.1881552966103,503.8723675559959,0.0
Tumour epithelial (proliferative),879.6192509136371,445.73321395803146,0.0
Tumour epithelial (proliferative),877.0818121507173,447.6088226814751,2.6514962
Tumour epithelial,806.4168089661606,467.2078199687169,0.0
Tumour epithelial,812.1957209944766,461.5137789881407,0.0
Tumour epithelial (proliferative),765.2153732339547,466.1712968423033,0.0
Tumour epithelial (proliferative),775.4780453423903,454.96525897604,2.6478302
Tumour epithelial (proliferative),781.8282195168612,459.980841502135,0.0
Tumour epithelial (proliferative),845.1938743769107,451.1059687830447,0.0
Tumour epithelial,809.7368668301164,438.6996254718043,0.0
Tumour epithelial,809.0124830358707,450.5467058668837,0.0
Tumour epithelial,849.4557761840006,458.2999613185672,0.0
Tumour epithelial (proliferative),844.7758055873923,461.804915684011,0.0
Tumour epithelial,822.3671798326789,459.43904360068,0.0
Tumour epithelial,820.2460251132492,456.429356258096,0.0
Tumour epithelial,764.2474034773078,442.8877869909829,0.0
Tumour epithelial,775.1516917829255,446.5045110764502,0.0
Tumour epithelial,757.3865847807152,440.3809518418791,0.0
Tumour epithelial,751.7175780502328,443.06454058871645,0.0
Tumour epithelial (proliferative),660.5958875975821,439.3537667616495,0.0
Tumour epithelial (proliferative),637.7643328074696,444.1179869319342,0.0
Tumour epithelial (proliferative),658.5487839030955,445.4389539566117,0.0
Tumour epithelial (proliferative),646.6080999529235,442.87609053040444,0.0
Tumour epithelial,746.8110881251189,452.45581044882323,0.0
Tumour epithelial,750.0874993875427,455.010801870227,0.0
Tumour epithelial (proliferative),628.5231728365306,459.4618309830057,0.0
Tumour epithelial (proliferative),668.9602273411776,468.134071286952,0.0
Tumour epithelial (proliferative),682.5097482892562,464.0631612077411,0.0
Tumour epithelial,696.1576852326108,556.6154052782548,0.0
Tumour epithelial,685.1483040693432,549.7218237438566,0.0
Tumour epithelial,692.059063784264,551.2213928532256,0.0
Tumour epithelial,688.6346301481161,545.2411550988218,0.0
Tumour epithelial,680.0249515665557,544.8769394271848,0.0
Tumour epithelial (proliferative),600.4650211729387,543.664395723728,0.0
Tumour epithelial,603.2047019378091,578.147983664396,0.0
Tumour epithelial,597.8248718696123,572.4712164757367,0.0
Tumour epithelial,614.9145481114964,565.6906476094891,0.0
Tumour epithelial,692.6492251160403,591.6989865890872,0.0
Tumour epithelial,779.6487099763983,494.71690726488123,0.0
Tumour epithelial,770.2250119183662,494.56520385247376,0.0
Tumour epithelial,759.3391606766304,499.2957369414739,0.0
Tumour epithelial,745.3941272604895,494.0893778131369,0.0
Tumour epithelial,768.1269154802133,502.0733116889813,0.0
Tumour epithelial (proliferative),765.294300440011,493.113599792616,0.0
Tumour epithelial,758.9646349096332,517.3565699864841,0.0
Tumour epithelial,774.4088868600303,512.8381029702067,0.0
Tumour epithelial,701.4848334225074,564.8018440873842,0.0
Tumour epithelial,704.961359333357,579.8563680590787,0.0
Tumour epithelial,689.940952694222,561.8230392251833,0.0
Tumour epithelial,692.254158834485,573.9254020432426,0.0
Tumour epithelial,700.0321617020792,541.7189588119261,0.0
Tumour epithelial,735.1973951437075,528.6602589568688,0.0
Tumour epithelial,771.2949990328107,528.2772715814696,0.0
Tumour epithelial,768.5236390259375,521.724927113594,0.0
Tumour epithelial,797.5148782224622,530.9321769099946,0.0
Tumour epithelial,787.0060386439773,535.9584997827244,0.0
Tumour epithelial,800.5088056202068,521.45651405912,0.0
Tumour epithelial,793.0201068967573,528.3194362063887,0.0
Tumour epithelial,781.5012285481006,527.8773291188012,0.0
Tumour epithelial,771.8166548005178,533.033109819514,0.0
Tumour epithelial,800.6705800994883,501.5696308634166,0.0
Tumour epithelial,787.1647854291037,513.827425938264,0.0
Tumour epithelial,776.017851339796,512.1050504095377,0.0
Tumour epithelial,798.2161240592693,505.22192238759123,0.0
Tumour epithelial,781.7610525123131,495.86124817368426,0.0
Tumour epithelial,791.9220737732962,500.897833336077,0.0
Tumour epithelial,793.6339479838737,509.7946010644791,0.0
Tumour epithelial,793.2103735715624,487.215651578304,0.0
Tumour epithelial,763.8509986362312,485.2095970424686,0.0
Tumour epithelial,774.1365378031547,487.3669725451339,0.0
Tumour epithelial,779.295601161741,492.1878902722826,0.0
Tumour epithelial,772.065276296356,483.0163035259834,0.0
Tumour epithelial,762.2389267861483,483.8055755865446,0.0
Tumour epithelial,788.27043559365,481.12358036294677,0.0
Tumour epithelial,784.7358576311827,472.6902091926129,0.0
Tumour epithelial,776.6004593714167,469.926625579149,0.0
Tumour epithelial,791.7576699806693,480.0217227837108,0.0
Tumour epithelial,753.84676412679,481.1127444049177,0.0
Tumour epithelial (proliferative),849.5202341990413,470.3265680418172,0.0
Tumour epithelial,851.8743460808643,478.7138226495979,0.0
Tumour epithelial,848.3268446449242,491.8505732729294,0.0
Tumour epithelial,873.403442618727,481.162207366274,0.0
Tumour epithelial (proliferative),878.026580208996,473.8653369704045,0.0
Tumour epithelial,865.606476824582,479.3658604887669,0.0
Tumour epithelial (proliferative),858.7142497849375,489.9559697524701,0.0
Tumour epithelial (proliferative),867.7763774199101,489.635926545034,0.0
Tumour epithelial,811.0011283303136,486.79473834980274,0.0
Tumour epithelial,810.501479118545,471.221363211303,0.0
Tumour epithelial,695.3617841153731,597.6785231932656,0.0
Tumour epithelial,658.921955175339,606.7334321679631,0.0
Tumour epithelial,691.3270629489331,618.734956835422,0.0
Tumour epithelial,686.1211978128005,603.8952397964222,0.0
Tumour epithelial,601.9972893791837,626.3291149268665,3.1117015
Tumour epithelial,597.7192212788283,602.9599691366512,0.0
Tumour epithelial,698.8807933557897,637.9826141188024,0.0
Tumour epithelial,590.6734901455156,633.302117659525,0.0
Tumour epithelial (proliferative),606.2218469691542,630.5545648898511,0.0
Tumour epithelial,589.843487630951,666.917107952766,0.0
Tumour epithelial,651.004758052768,669.0825148125585,0.0
Tumour epithelial,589.190684900627,642.6509998014592,0.0
Tumour epithelial,725.4974279616305,655.2607404189988,0.0
Tumour epithelial,711.063214781405,665.8989103436076,0.0
Tumour epithelial,709.548985258232,642.1853723108555,0.0
Tumour epithelial,775.0540884845016,648.1808441474296,0.0
Tumour epithelial,806.0458367559877,622.9902375534515,0.0
Tumour epithelial,808.0950439011506,621.0358131705784,0.0
Tumour epithelial,815.9565075484176,621.9700002345464,0.0
Tumour epithelial,712.0206035437412,631.0215946809055,0.0
Tumour epithelial,707.066021087257,627.1425129292749,2.879576
Tumour epithelial,707.0433771220225,604.8159137833186,3.1345382
Tumour epithelial,709.4189537618828,595.5366367364891,0.0
Tumour epithelial (proliferative),902.7737331882493,439.0249910468606,0.0
Tumour epithelial (proliferative),902.646721418439,447.7345835355423,0.0
Tumour epithelial (proliferative),900.3116043336317,446.9952524933095,0.0
Tumour epithelial (proliferative),898.5096124000484,477.6824944089454,0.0
Tumour epithelial (proliferative),905.329975525396,457.2610479072946,0.0
Tumour epithelial (proliferative),913.3253349628683,484.3932669572996,0.0
Tumour epithelial (proliferative),892.8403666410799,489.4201634983956,0.0
Tumour epithelial (proliferative),874.0005835822927,495.4547722657336,0.0
Tumour epithelial (proliferative),886.7448573993333,486.4756831267752,0.0
Tumour epithelial (proliferative),891.2617109733309,488.7390916658016,0.0
Tumour epithelial,898.7266422976621,480.500544646738,0.0
Tumour epithelial (proliferative),887.4933790868505,483.645362760038,0.0
Tumour epithelial (proliferative),879.6509301556398,471.7544286054052,0.0
Tumour epithelial (proliferative),889.3075056999032,472.3118111641436,0.0
Tumour epithelial (proliferative),901.9975080992122,482.6104968977935,0.0
Tumour epithelial,909.5900547402807,470.4004119087391,0.0
Tumour epithelial (proliferative),884.6457172034585,442.69105061182506,0.0
Tumour epithelial,801.3905020286631,440.9520068300129,0.0
Tumour epithelial (proliferative),839.502271486891,444.10820269924324,0.0
Tumour epithelial (proliferative),886.2725291435074,454.8146710299002,0.0
Tumour epithelial,872.0151093990966,455.5953699354324,0.0
Tumour epithelial (proliferative),882.2674753959802,460.9918363862506,0.0
Tumour epithelial (proliferative),883.5413299060797,463.5690096511492,0.0
Tumour epithelial,873.1968423307162,463.6603822737063,0.0
Tumour epithelial,828.2587937921137,573.8290257577131,0.0
Tumour epithelial,866.6821448493755,570.5579049924447,0.0
Tumour epithelial,882.4027495837877,567.8303031337302,0.0
Tumour epithelial,895.1931200443411,512.6976179614059,0.0
Tumour epithelial,865.1250415834418,513.3251155426854,0.0
Tumour epithelial,863.3097238117674,501.4091949436562,0.0
Tumour epithelial,891.8208424238245,491.9949146079701,0.0
Tumour epithelial (proliferative),879.8892495237343,494.066271726163,0.0
Tumour epithelial (proliferative),871.4276490892114,501.7176373019083,0.0
Tumour epithelial,871.0481116916258,510.8135635647924,2.7229226
Tumour epithelial,878.8327635349372,510.1092581633653,0.0
Tumour epithelial,879.805725003132,501.8065877691412,0.0
Tumour epithelial,887.3441894573534,508.7056828939484,0.0
Tumour epithelial,809.1731659517332,511.0955215668027,0.0
Tumour epithelial,809.3754477917647,507.7110056878062,0.0
Tumour epithelial,813.9397445364123,494.8648818329081,3.3923461
Tumour epithelial,834.6101232709333,528.2658300846094,0.0
Tumour epithelial,844.9562959971225,523.4232085709376,0.0
Tumour epithelial,873.6219783958022,530.8491862196776,0.0
Tumour epithelial,888.1650650675634,527.8490281460663,0.0
Tumour epithelial,880.9498308672572,543.2862207885121,0.0
Tumour epithelial,890.4085266794385,538.8341080799305,0.0
Tumour epithelial,856.9329218639632,531.2437107033313,0.0
Tumour epithelial,864.9934085962367,515.9712564933927,0.0
Tumour epithelial,877.9356059672488,514.7459327335546,0.0
Tumour epithelial,913.7912313605185,499.4398233127961,0.0
Tumour epithelial,907.7489856330548,495.9207822019148,0.0
Tumour epithelial,902.793253847934,489.25698671866326,0.0
Tumour epithelial (proliferative),895.4722535264092,498.56048531873427,0.0
Tumour epithelial,903.5923738821158,532.0022277653686,0.0
Tumour epithelial,893.57104883593,536.3042305847824,0.0
Tumour epithelial,899.5689189249796,521.0582926015503,0.0
Tumour epithelial,912.2735897057088,521.6947457834362,0.0
Tumour epithelial,911.961771070093,524.8156610481423,0.0
Tumour epithelial,676.7806019917122,909.4350273379907,0.0
Tumour epithelial,643.710086718969,884.4838316755262,0.0
Tumour epithelial,653.1190128165703,880.056577929482,0.0
Tumour epithelial,649.9651434912697,902.4583276314164,0.0
Tumour epithelial,675.0643774626907,897.0841386354875,0.0
Tumour epithelial,621.8370042869956,948.900223889286,4.1207604
Tumour epithelial,650.5172036823877,935.9114159635164,2.3357363
Tumour epithelial,654.2251410380883,945.4518395988474,0.0
Tumour epithelial,736.313116375128,940.6154965667397,0.0
Tumour epithelial,680.3975172999682,927.682334472496,0.0
Tumour epithelial,714.5510865777203,903.0236459358878,2.0363026
Tumour epithelial,708.9586964445965,916.4485055609342,0.0
Tumour epithelial,690.9359645402444,890.5306787013441,0.0
Tumour epithelial,701.0006254509304,897.4835393002544,0.0
Tumour epithelial,709.032078189779,894.5733196782847,0.0
Tumour epithelial,708.749642130797,893.6931849226031,0.0
Tumour epithelial,734.629447525891,954.1551536059652,0.0
Tumour epithelial,716.1503943066542,1005.9369462396483,0.0
Tumour epithelial,734.6766954899442,963.7617403262033,2.595773
Tumour epithelial,728.424236160524,961.476054332288,0.0
Tumour epithelial,735.9196276815798,973.754788302503,0.0
Tumour epithelial,719.1371827202854,998.0048974804844,0.0
Tumour epithelial,740.8887749404737,955.4581456885003,0.0
Tumour epithelial,481.5555521447545,987.943200523024,0.0
Tumour epithelial (proliferative),472.127121322701,979.0585435712424,0.0
Tumour epithelial,724.3193521658455,916.6918684300822,0.0
Tumour epithelial,727.903903017106,921.2853585204788,0.0
Tumour epithelial,720.8455352445033,911.248775489274,0.0
Tumour epithelial,523.4270325287366,899.1517031683702,0.0
Tumour epithelial,477.8090515266564,883.0128185026103,0.0
Tumour epithelial,534.2515490609812,890.7284030649105,0.0
Tumour epithelial,647.3854205891878,982.2313120821644,0.0
Tumour epithelial,668.3875788298043,932.140502569388,0.0
Tumour epithelial,625.8649848501321,923.836780449826,0.0
Tumour epithelial,644.9042092937763,927.6072476574473,2.9385843
Tumour epithelial,610.440221688955,948.57406155261,0.0
Tumour epithelial,608.2071538324101,964.9874146611542,0.0
Tumour epithelial,650.2786851238883,885.598851756721,2.5664275
Tumour epithelial,639.711809429018,912.351876016637,0.0
Tumour epithelial,440.4360553775276,974.2137229955002,0.0
Tumour epithelial (proliferative),431.55987596938076,973.4730533937462,0.0
Tumour epithelial (proliferative),428.3287207669609,983.9889044744853,0.0
Tumour epithelial (proliferative),436.64586035220026,981.99967754406,0.0
Tumour epithelial (proliferative),441.1163304485018,969.432197162834,0.0
Tumour epithelial,433.1814770884363,964.3436312723662,0.0
Tumour epithelial (proliferative),428.02677998352635,966.783060388436,0.0
Tumour epithelial (proliferative),428.2061150889081,969.7166729315624,0.0
Tumour epithelial,298.1286296589567,961.7931654569628,0.0
Tumour epithelial,299.4081013384756,964.483988799308,0.0
Tumour epithelial,265.8911445949333,964.1172872314172,0.0
Tumour epithelial,285.53495175567195,959.1034894513504,0.0
Tumour epithelial,273.3042784463622,963.0646057793545,0.0
Tumour epithelial,279.5979303515254,948.2325376519045,0.0
Tumour epithelial,311.98303940846296,974.077572369911,0.0
Tumour epithelial,276.1240496892536,982.321569238454,3.7019362
Tumour epithelial,273.9671203730955,966.7362108051925,0.0
Tumour epithelial,305.3335856343676,978.2078571250282,3.4262772
Tumour epithelial,309.4884743883039,973.824457138537,0.0
Tumour epithelial,431.9472614689212,961.7446586095502,0.0
Tumour epithelial,426.49011365314016,962.1378764041475,0.0
Tumour epithelial (proliferative),437.9245033996346,952.4819542044122,0.0
Tumour epithelial,422.3094416931876,999.738523283282,0.0
Tumour epithelial,240.52078857953114,1014.3139066873013,2.1852262
Tumour epithelial,284.00370340430027,1004.01541217644,0.0
Tumour epithelial,272.6133905106124,1001.074533167341,0.0
Tumour epithelial,278.667631484262,996.5531340683024,0.0
Tumour epithelial,279.9807583746007,990.5164218502885,0.0
Tumour epithelial,274.5066873420154,984.463073249653,0.0
Tumour epithelial,285.0025237708654,994.3372443922804,0.0
Tumour epithelial,436.7127564577976,1016.26131956792,0.0
Tumour epithelial,414.76124081197236,1014.3233403448795,0.0
Tumour epithelial,436.4629557547619,997.5041487376805,0.0
Tumour epithelial,438.6825742751649,963.876091553875,0.0
Tumour epithelial (proliferative),445.6090779996926,957.3663578974257,0.0
Tumour epithelial (proliferative),444.1484545982988,954.4001737392822,0.0
Tumour epithelial (proliferative),451.1725456860181,953.9771889305696,0.0
Tumour epithelial,456.8625709880306,985.4172112245805,0.0
Tumour epithelial (proliferative),461.1656892737121,990.4260372121397,0.0
Tumour epithelial (proliferative),454.760586353173,992.4248252820025,0.0
Tumour epithelial,441.3217993350125,997.1822570432865,0.0
Tumour epithelial (proliferative),441.7721290025162,991.0224610902476,0.0
Tumour epithelial (proliferative),451.5914192047726,998.6699065988234,0.0
Tumour epithelial (proliferative),461.699902004547,975.0312641583314,0.0
Tumour epithelial (proliferative),452.7310114143217,984.5896627358047,0.0
Tumour epithelial (proliferative),460.4987360570207,973.2632819944884,0.0
Tumour epithelial (proliferative),447.2953124213453,968.8239812127532,0.0
Tumour epithelial (proliferative),443.2273344248954,981.0930903026012,0.0
Tumour epithelial (proliferative),446.06170234066127,983.1025231077044,0.0
Tumour epithelial (proliferative),447.4231448556239,978.920608199625,0.0
Tumour epithelial (proliferative),471.2757974671908,973.2767950715602,0.0
Tumour epithelial (proliferative),463.43081881783723,984.054047704519,0.0
Tumour epithelial (proliferative),469.0513346361395,978.1905195921818,0.0
Tumour epithelial (proliferative),470.7844186410356,988.6936862279338,0.0
Tumour epithelial,484.313112240373,1011.289144614871,0.0
Tumour epithelial (proliferative),492.1922878984478,983.1002921751692,3.575773
Tumour epithelial,708.0969828175643,977.3094287225563,0.0
Tumour epithelial (proliferative),708.220544609561,949.2103872526368,0.0
Tumour epithelial (proliferative),710.1991427399784,951.3791086407678,0.0
Tumour epithelial,706.1429090098042,1013.191747621993,0.0
Tumour epithelial,708.3361387853597,1019.724937940529,0.0
Tumour epithelial,682.2148349433082,993.7249490227063,0.0
Tumour epithelial (proliferative),675.611736760252,1030.730064396747,0.0
Tumour epithelial,687.9933326555819,990.4687436349602,0.0
Tumour epithelial,691.3919990209457,1037.1657310930211,0.0
Tumour epithelial,689.4954195316693,987.382726529201,0.0
Tumour epithelial,699.2786642382465,980.1346816853918,0.0
Tumour epithelial,714.2791359016546,1030.6878041604334,0.0
Tumour epithelial,722.1698964736811,1028.480200805257,0.0
Tumour epithelial,714.8780297407837,1024.0352908217183,0.0
Tumour epithelial,726.873435279003,1024.9446189231487,0.0
Tumour epithelial (proliferative),751.8808345061271,1091.9247350656653,0.0
Tumour epithelial,756.8112910207642,1077.9603722126285,0.0
Tumour epithelial,750.4814502028303,1078.9676063818986,0.0
Tumour epithelial,718.518911638563,1059.949097740369,0.0
Tumour epithelial,733.443993717507,1068.6631202236565,0.0
Tumour epithelial,234.4128777431727,1116.880966261567,0.0
Tumour epithelial,240.462274406174,1127.44513296693,2.2531729
Tumour epithelial,476.20832556203925,1107.1732226860809,2.7006152
Tumour epithelial,473.3984022927684,1100.392080151467,0.0
Tumour epithelial (proliferative),493.7245879751575,1118.2072875243293,0.0
Tumour epithelial,473.3350119382982,1120.6252359471298,0.0
Tumour epithelial (proliferative),479.526614615199,1130.4738469769943,3.8840153
Tumour epithelial (proliferative),479.8039513998145,1128.9119392384932,0.0
Tumour epithelial,510.0967325727262,986.993396931308,0.0
Tumour epithelial,498.97148633470925,1037.3324136238805,0.0
Tumour epithelial,469.3075413025982,1015.1043579550598,0.0
Tumour epithelial,471.0577078766226,1017.0261469819862,0.0
Tumour epithelial,512.593050468449,1031.1567461793754,0.0
Tumour epithelial (proliferative),491.0998002358604,1130.637278720445,0.0
Tumour epithelial,640.2675028531223,953.395234243477,0.0
Tumour epithelial,634.6732482978083,957.8889697790764,0.0
Tumour epithelial,630.0369243027318,965.0189664212978,0.0
Tumour epithelial,622.515112166364,985.9031083307914,2.1148846
Tumour epithelial,621.4194055868327,976.088534957324,0.0
Tumour epithelial,664.7589989314346,965.3369061780576,2.3340514
Tumour epithelial,658.3403191928943,975.49612675778,3.4349554
Tumour epithelial,647.25899045536,1032.0792049123002,0.0
Tumour epithelial (proliferative),611.7725983400278,1027.2712265938567,0.0
Tumour epithelial (proliferative),615.015481873491,1000.9699343018954,0.0
Tumour epithelial,610.9003993300793,988.1774484392413,0.0
Tumour epithelial,630.0570345660153,1000.2568645226506,0.0
Tumour epithelial,630.460897095853,1021.0766918341952,0.0
Tumour epithelial,639.3052379096731,991.2493150586332,1.881255
Tumour epithelial,632.7016776048774,1000.6502097991072,0.0
Tumour epithelial,644.6623762069385,993.342439704279,0.0
Tumour epithelial (proliferative),650.2052555730087,1019.2656845428837,0.0
Tumour epithelial,655.854359198229,1027.1144239070827,0.0
Tumour epithelial (proliferative),630.2534522405252,1053.2964569197943,0.0
Tumour epithelial,657.0655962126293,1010.1799886991978,0.0
Tumour epithelial,679.5723590960519,1022.6096611906655,0.0
Tumour epithelial,677.03427495622,990.1216105324514,0.0
Tumour epithelial,676.087323771103,1010.8096216016183,0.0
Tumour epithelial,594.8097665480137,990.723133684926,4.426577
Tumour epithelial,284.9976794602171,915.413034159859,0.0
Tumour epithelial,276.9751185810454,882.0146992862707,0.0
Tumour epithelial (proliferative),179.6826846706999,911.332531070746,0.0
Tumour epithelial (proliferative),185.47138093170685,911.4843619650125,0.0
Tumour epithelial (proliferative),142.5839338711018,898.4411830263089,0.0
Tumour epithelial (proliferative),151.55081662204518,903.9833931126185,0.0
Tumour epithelial (proliferative),155.55706152819397,907.4025203163785,0.0
Tumour epithelial (proliferative),168.99568919403052,908.0656172068302,0.0
Tumour epithelial (proliferative),166.19943835415526,901.259169523172,0.0
Tumour epithelial (proliferative),167.0165970714089,911.0560866591447,0.0
Tumour epithelial,149.7620549151583,910.8716841498613,0.0
Tumour epithelial (proliferative),158.28173130414757,913.6387416439875,0.0
Tumour epithelial (proliferative),164.4483475366519,911.9526665746588,0.0
Tumour epithelial (proliferative),169.8045615904384,917.6034274640482,0.0
Tumour epithelial (proliferative),179.46201357248367,904.4520164269125,0.0
Tumour epithelial (proliferative),176.93353837778645,900.841283988826,0.0
Tumour epithelial (proliferative),172.59762538383453,905.2051792508648,0.0
Tumour epithelial (proliferative),162.67450120728748,892.0469479342637,2.6852047
Tumour epithelial (proliferative),139.89687124360216,894.1001707579903,0.0
Tumour epithelial (proliferative),160.6297559271954,896.5483961223426,0.0
Tumour epithelial (proliferative),150.5046367447999,882.4565514101398,0.0
Tumour epithelial (proliferative),143.66854952888562,888.1329998941511,0.0
Tumour epithelial (proliferative),160.06424639993529,886.7769116172734,0.0
Tumour epithelial (proliferative),145.21120750665264,886.0622483147891,0.0
Tumour epithelial (proliferative),163.71175735439112,888.98910431938,0.0
Tumour epithelial (proliferative),170.46619243950963,894.4325797057655,0.0
Tumour epithelial (proliferative),202.60245690735522,896.9693412213086,0.0
Tumour epithelial (proliferative),201.6384390883424,891.6219871567341,0.0
Tumour epithelial (proliferative),210.99567129205187,899.9068419611395,0.0
Tumour epithelial (proliferative),202.34373247417795,914.2451091071102,0.0
Tumour epithelial (proliferative),188.4727500829801,903.8904588372865,0.0
Tumour epithelial (proliferative),197.7602497097258,904.1995386048343,0.0
Tumour epithelial (proliferative),191.5377326819772,911.124225712869,0.0
Tumour epithelial (proliferative),200.70546310203648,911.9119998615848,0.0
Tumour epithelial (proliferative),211.92061592123034,898.4399719486469,0.0
Tumour epithelial,225.09306146512844,894.0942428515391,0.0
Tumour epithelial,295.26545084301927,935.8715141415976,0.0
Tumour epithelial (proliferative),216.81560060855446,953.344177758881,0.0
Tumour epithelial (proliferative),197.19531385083195,952.6214193583398,0.0
Tumour epithelial,202.31473035121772,952.5922897535204,0.0
Tumour epithelial (proliferative),207.35549054449808,947.1917120127442,0.0
Tumour epithelial (proliferative),193.72774354058885,952.5587620245598,2.9873166
Tumour epithelial (proliferative),191.40202824289506,959.080925162278,0.0
Tumour epithelial (proliferative),178.76220190659225,946.9640931532034,2.451389
Tumour epithelial (proliferative),185.78683479221294,956.2740295871622,0.0
Tumour epithelial (proliferative),180.35980456565977,951.00890132175,0.0
Tumour epithelial (proliferative),185.18027610630142,946.1681601655008,0.0
Tumour epithelial (proliferative),189.87090737338255,926.8726971849331,0.0
Tumour epithelial (proliferative),194.22498653226558,927.6996720053424,0.0
Tumour epithelial (proliferative),167.03960754698838,935.374717336428,0.0
Tumour epithelial (proliferative),177.610403309028,942.9147593786565,0.0
Tumour epithelial,166.23800161655294,940.1452159882765,0.0
Tumour epithelial (proliferative),172.88586186740872,945.6781836397965,0.0
Tumour epithelial (proliferative),175.77026641289726,935.975858043325,0.0
Tumour epithelial (proliferative),164.33737457824796,931.1671148337264,3.2250404
Tumour epithelial (proliferative),159.2057198193823,926.971304402998,0.0
Tumour epithelial (proliferative),176.9977254938765,926.9291716485437,0.0
Tumour epithelial (proliferative),195.71473953847874,921.4296042441252,0.0
Tumour epithelial (proliferative),157.43780139646904,920.5021099777632,0.0
Tumour epithelial (proliferative),166.30524829726298,920.4267044580666,0.0
Tumour epithelial (proliferative),171.9322975608475,921.8548837263025,0.0
Tumour epithelial (proliferative),179.20003835189766,922.7028293125448,0.0
Tumour epithelial (proliferative),189.1906004319435,924.6464177373888,0.0
Tumour epithelial (proliferative),197.57387123162522,939.999185518602,0.0
Tumour epithelial (proliferative),186.6788891017266,937.9035749767025,0.0
Tumour epithelial (proliferative),198.3033224297727,941.858380952678,0.0
Tumour epithelial (proliferative),215.97689745710176,924.1991476345052,0.0
Tumour epithelial (proliferative),216.05803966046088,943.482053651945,0.0
Tumour epithelial (proliferative),206.70099867954016,939.5917534967076,0.0
Tumour epithelial (proliferative),216.12770849649505,927.6569018415925,0.0
Tumour epithelial (proliferative),215.38997097750178,945.4896379700901,0.0
Tumour epithelial,275.85672023058265,943.9646999707472,0.0
Tumour epithelial (proliferative),470.8070785415024,931.1897428637285,0.0
Tumour epithelial (proliferative),471.58921161795024,928.813417267946,0.0
Tumour epithelial,430.7320725168867,931.120902659779,0.0
Tumour epithelial (proliferative),451.10963338851974,919.1734303006064,0.0
Tumour epithelial (proliferative),444.80339264976385,935.8144022686912,3.1547291
Tumour epithelial (proliferative),456.2829428448679,926.6128254150234,0.0
Tumour epithelial (proliferative),450.1394964402669,933.7930499097562,0.0
Tumour epithelial,280.2598799052446,917.0229388183362,0.0
Tumour epithelial,285.6653656975987,886.160281864488,0.0
Tumour epithelial,278.36460710502456,886.1216548611606,0.0
Tumour epithelial,282.920681269756,891.5519358751225,0.0
Tumour epithelial,288.33043770439224,902.2743075677104,0.0
Tumour epithelial,289.3842027522579,893.5587553021127,0.0
Tumour epithelial,308.3677813643761,910.666310874745,0.0
Tumour epithelial,299.85256684045765,883.9881184661593,0.0
Tumour epithelial,309.678294876602,880.3824853024396,0.0
Tumour epithelial,462.6390289905576,907.202373797488,0.0
Tumour epithelial (proliferative),457.8492168370454,913.4442043269003,0.0
Tumour epithelial,466.88908295236126,881.2909847717856,0.0
Tumour epithelial (proliferative),436.6248895863674,908.2711179638058,0.0
Tumour epithelial (proliferative),446.6030221851446,909.2582099993275,0.0
Tumour epithelial,453.36064431674225,889.696628637751,0.0
Tumour epithelial,224.44182038757924,1191.999396811378,0.0
Tumour epithelial,604.4196040556604,1392.84464377199,0.0
Tumour epithelial,607.1345852103175,1398.9353445573608,0.0
Tumour epithelial,607.5118996429838,1419.7716170287376,0.0
Tumour epithelial,611.0071016462011,1408.7995083740439,0.0
Tumour epithelial,621.1653661119798,1395.7345300374225,0.0
Tumour epithelial (proliferative),447.96140513548727,1404.8928267999036,0.0
Tumour epithelial,554.0979886368641,1405.471721922376,0.0
Tumour epithelial,560.9695795505562,1402.0469217758832,0.0
Tumour epithelial,571.1301386897998,1393.007565588004,0.0
Tumour epithelial,535.370552950275,1403.831540322347,0.0
Tumour epithelial,554.839327518379,1427.047006731338,0.0
Tumour epithelial,592.6681987958851,1412.8185014661092,2.5787208
Tumour epithelial,589.8213057874563,1401.3990589676018,0.0
Tumour epithelial,577.8683835788042,1402.9836584770344,2.9259667
Tumour epithelial,542.5379655181616,1539.3248694457097,0.0
Tumour epithelial,547.5566076088767,1489.105430737035,0.0
Tumour epithelial,613.309424022738,1457.1949366417723,0.0
Tumour epithelial,551.706142124728,1429.0143067819865,0.0
Tumour epithelial,591.2676830910881,1433.8150186344576,2.6864786
Tumour epithelial,565.057731551219,1425.2773035623964,0.0
Tumour epithelial,566.797572094651,1449.9514174039637,0.0
Tumour epithelial,580.5249143010336,1443.502237630618,0.0
Tumour epithelial,573.9676936520448,1437.435375952911,0.0
Tumour epithelial,620.1307870839187,1564.4338239088922,0.0
Tumour epithelial,656.4301947560815,1439.7589877999285,0.0
Tumour epithelial,642.6294548692841,1454.644917012876,0.0
Tumour epithelial,643.3866971127297,1444.6462598347732,0.0
Tumour epithelial,598.1198011507925,1433.1034148965932,0.0
Tumour epithelial,620.1400932596378,1445.221585465189,0.0
Tumour epithelial,631.8460193661557,1442.3433000489404,0.0
Tumour epithelial,609.8482278054532,1447.9414109304944,0.0
Tumour epithelial,610.8170899351143,1481.3375786124768,0.0
Tumour epithelial,638.689436788972,1476.744279744869,3.2204132
Tumour epithelial,687.9457341164158,1479.1009093934106,0.0
Tumour epithelial,638.0744961708203,1531.9464744009038,3.6885383
Tumour epithelial,651.4824644495275,1524.4728504073005,0.0
Tumour epithelial,681.8996838522175,1503.9290213208503,0.0
Tumour epithelial,674.3992089920276,1495.0413685453786,0.0
Tumour epithelial,653.4569353547543,1502.240779059916,0.0
Tumour epithelial,614.4339415024408,1493.7566063687043,0.0
Tumour epithelial,645.499581446546,1492.9032428034475,0.0
Tumour epithelial,753.3398643842813,1100.0315614537458,3.2849236
Tumour epithelial,751.800409388226,1101.7797201884882,0.0
Tumour epithelial,729.0326433333935,1128.788791762539,0.0
Tumour epithelial,726.2391970944199,1132.8664265098207,0.0
Tumour epithelial,691.4115674863277,1214.1800929695187,0.0
Tumour epithelial,671.0060562170726,1226.275571767183,0.0
Tumour epithelial,685.9288117520866,1317.2401248931792,0.0
Tumour epithelial,663.9831762070154,1259.2792228047936,0.0
Tumour epithelial,684.6735934962741,1235.3974087179424,0.0
Tumour epithelial,652.3302825539106,1234.8812346701795,0.0
Tumour epithelial,662.997868917522,1222.7226523522284,3.0053785
Tumour epithelial,647.0353872743829,1215.9959445714783,0.0
Tumour epithelial,668.9859786767291,1205.9846666893181,0.0
Tumour epithelial,709.8069607354868,1143.3895440565323,2.9891067
Tumour epithelial,700.8237762418025,1138.6787069147733,2.8109076
Tumour epithelial (proliferative),692.7096833877497,1128.3158340650334,3.636759
Tumour epithelial,692.4224189533517,1134.7048424008526,0.0
Tumour epithelial,693.9697140837459,1153.1568216602489,0.0
Tumour epithelial,702.343662772476,1148.2115453794838,0.0
Tumour epithelial,644.0101471449808,1134.7701131127455,0.0
Tumour epithelial,681.7441241135703,1151.0444472538693,0.0
Tumour epithelial,684.9770321915538,1138.3309364029687,0.0
Tumour epithelial,664.000673092186,1144.5650542799015,0.0
Tumour epithelial,678.591513671629,1131.3644352451277,0.0
Tumour epithelial (proliferative),682.519851226595,1139.197940527156,0.0
Tumour epithelial,679.2112507947319,1133.8449772607785,0.0
Tumour epithelial,681.448190912749,1122.0919147368338,0.0
Tumour epithelial,694.5060462004893,1118.343693113637,0.0
Tumour epithelial,733.2833665749578,1111.6672131853984,0.0
Tumour epithelial,747.9440512779914,1100.8494850621544,0.0
Tumour epithelial,731.5713808177535,1121.0784339564648,0.0
Tumour epithelial,733.4855049978977,1119.353986847527,0.0
Tumour epithelial,695.010045730702,1191.32501777639,0.0
Tumour epithelial,703.0152531417946,1158.703684834418,0.0
Tumour epithelial (proliferative),479.5542463081733,1170.8052827613224,0.0
Tumour epithelial (proliferative),474.283891286535,1174.899745114014,0.0
Tumour epithelial (proliferative),472.5471103077231,1177.3915055332714,0.0
Tumour epithelial (proliferative),476.2499165185922,1190.8113933658105,0.0
Tumour epithelial (proliferative),468.1414328663426,1192.4092509885963,0.0
Tumour epithelial (proliferative),471.4082192483994,1191.7838249875283,0.0
Tumour epithelial (proliferative),463.393562244496,1198.995856206123,0.0
Tumour epithelial (proliferative),467.5681469456734,1185.036847591171,0.0
Tumour epithelial (proliferative),468.9021808609154,1181.4960389528371,0.0
Tumour epithelial (proliferative),473.1117912028986,1180.848303626415,0.0
Tumour epithelial (proliferative),458.8952054915019,1199.3164730819253,0.0
Tumour epithelial (proliferative),455.46654901876923,1200.794370275236,0.0
Tumour epithelial (proliferative),474.5236527931613,1188.673777551316,0.0
Tumour epithelial (proliferative),467.6158251610014,1197.8912258964501,0.0
Tumour epithelial (proliferative),470.7240241102558,1202.476110961353,0.0
Tumour epithelial (proliferative),486.54375794159375,1171.2430554656983,0.0
Tumour epithelial (proliferative),486.5312328489307,1178.2305911303015,0.0
Tumour epithelial (proliferative),490.1200384072406,1175.2527423820445,0.0
Tumour epithelial (proliferative),484.220050483182,1199.920099685076,0.0
Tumour epithelial (proliferative),478.4327883930905,1189.053163564194,0.0
Tumour epithelial (proliferative),478.69068419418323,1200.577778596513,0.0
Tumour epithelial (proliferative),490.014834002964,1201.5117106967627,0.0
Tumour epithelial (proliferative),485.8693470361412,1188.695194503656,0.0
Tumour epithelial (proliferative),448.6526436463498,1274.7561579168344,0.0
Tumour epithelial (proliferative),445.6860770426288,1250.4100548989009,0.0
Tumour epithelial (proliferative),448.2188228796081,1311.7256421112381,0.0
Tumour epithelial (proliferative),446.5548021719151,1322.7891552589542,0.0
Tumour epithelial (proliferative),438.3057697699351,1314.7803624205724,0.0
Tumour epithelial (proliferative),438.6977127459408,1303.0706437287442,0.0
Tumour epithelial (proliferative),441.7989958043354,1299.8159043823787,0.0
Tumour epithelial,491.0118058825712,1246.181609112226,0.0
Tumour epithelial (proliferative),456.1980399266632,1293.3380411907208,0.0
Tumour epithelial (proliferative),450.5189780645391,1298.0233819606465,0.0
Tumour epithelial (proliferative),450.787263637154,1310.151368632398,0.0
Tumour epithelial (proliferative),444.8594527973321,1289.2874325975822,0.0
Tumour epithelial (proliferative),476.7854359384835,1264.3857636374037,0.0
Tumour epithelial (proliferative),464.9771100285905,1268.9528012420233,0.0
Tumour epithelial (proliferative),450.9365448942372,1295.277932641649,0.0
Tumour epithelial (proliferative),456.1803199482392,1276.1928784696345,0.0
Tumour epithelial (proliferative),453.17875957417726,1276.435986375064,0.0
Tumour epithelial (proliferative),459.9968718479491,1263.9264464988287,0.0
Tumour epithelial (proliferative),459.8305717626672,1248.936492088802,0.0
Tumour epithelial (proliferative),460.4916289433722,1258.2475121185637,2.311635
Tumour epithelial (proliferative),456.4408609979097,1261.0836010394282,2.4284475
Tumour epithelial (proliferative),455.4307903572732,1248.605294218689,0.0
Tumour epithelial (proliferative),453.7361102624508,1240.571897381488,0.0
Tumour epithelial (proliferative),455.3333304759408,1246.3352247525208,0.0
Tumour epithelial (proliferative),459.5865396137589,1233.6951434524997,0.0
Tumour epithelial (proliferative),456.4076201031322,1242.0601206053911,0.0
Tumour epithelial (proliferative),454.9351090183712,1231.7099959415677,0.0
Tumour epithelial (proliferative),467.1742280008507,1243.195601524982,0.0
Tumour epithelial (proliferative),454.9478572042878,1210.998273246596,0.0
Tumour epithelial (proliferative),452.584853462788,1222.5728611677082,0.0
Tumour epithelial (proliferative),488.412100199065,1206.50096821894,0.0
Tumour epithelial (proliferative),489.5744479204752,1244.080453109453,0.0
Tumour epithelial (proliferative),488.940353152984,1240.4626454281827,0.0
Tumour epithelial (proliferative),487.1107653806991,1219.6536540746674,0.0
Tumour epithelial (proliferative),478.6296203836427,1222.8052605969679,0.0
Tumour epithelial (proliferative),488.1452806678306,1222.4054774866233,0.0
Tumour epithelial (proliferative),491.20490902874275,1232.986981724833,0.0
Tumour epithelial (proliferative),493.460126858318,1218.158291866651,0.0
Tumour epithelial (proliferative),482.86616126837475,1214.933255793471,0.0
Tumour epithelial (proliferative),482.1158030453241,1207.445863759078,0.0
Tumour epithelial (proliferative),436.7410893009972,1319.5924201585092,0.0
Tumour epithelial (proliferative),457.365678145229,1307.4218545457961,0.0
Tumour epithelial (proliferative),452.2768891615079,1322.861309991242,0.0
Tumour epithelial (proliferative),455.374124670874,1315.1463628382378,0.0
Tumour epithelial (proliferative),484.0553439211394,1237.5555491117627,0.0
Tumour epithelial (proliferative),477.4696629470919,1238.390045361863,0.0
Tumour epithelial (proliferative),461.5651536794085,1243.4769539881613,0.0
Tumour epithelial,463.9512635078822,1244.9366212756113,0.0
Tumour epithelial (proliferative),481.1436582577894,1240.8926417391494,0.0
Tumour epithelial (proliferative),484.5236166603207,1247.4871508319443,0.0
Tumour epithelial (proliferative),471.9943808368442,1229.3851092759585,0.0
Tumour epithelial (proliferative),496.8433041777931,1212.5091882414308,0.0
Tumour epithelial (proliferative),495.8165652840706,1219.9965802758238,0.0
Tumour epithelial (proliferative),474.2494074436307,1218.785247650029,0.0
Tumour epithelial (proliferative),470.3562070760972,1221.911230318637,0.0
Tumour epithelial (proliferative),464.941893164996,1205.530703788828,0.0
Tumour epithelial (proliferative),466.480726686988,1211.0521980730232,0.0
Tumour epithelial (proliferative),465.0668891279081,1213.3208652387402,0.0
Tumour epithelial (proliferative),462.2679611689903,1218.7027668871488,0.0
Tumour epithelial (proliferative),461.1035418673687,1222.1399327739807,0.0
Tumour epithelial (proliferative),472.0421546635668,1213.8154948523043,0.0
Tumour epithelial (proliferative),471.6687602980698,1207.615542113628,0.0
Tumour epithelial,674.6218719942933,1188.4060656470679,0.0
Tumour epithelial,690.509681138426,1181.1727449579923,0.0
Tumour epithelial,679.7916756995143,1179.212838855175,3.0483398
Tumour epithelial,684.3365473958715,1181.7767540067205,0.0
Tumour epithelial,687.8513497349358,1178.5106687748892,0.0
Tumour epithelial,660.9517532074439,1159.0435514709545,0.0
Tumour epithelial,669.9531835422212,1166.318558727977,0.0
Tumour epithelial,678.5085707870093,1164.362604562794,0.0
Tumour epithelial,674.31095967502,1167.845791400785,0.0
Tumour epithelial,661.030728219197,1200.8409011538315,0.0
Tumour epithelial,656.9202350227152,1155.1679754704508,0.0
Tumour epithelial,641.3435134854125,1174.7059726880816,0.0
Tumour epithelial,626.3313772318908,1166.8887850840263,0.0
Tumour epithelial,654.0159751776617,1166.9633619716385,0.0
Tumour epithelial,649.7339870101371,1178.525966597989,0.0
Tumour epithelial,656.9360109027872,1176.430929724456,0.0
Tumour epithelial,680.3056825556715,1171.9756937103248,0.0
Tumour epithelial,672.6788413025832,1174.8950282852247,0.0
Tumour epithelial,649.6948819498378,1191.3514065212375,3.199873
Tumour epithelial,666.4376163120021,1207.4652410016713,0.0
Tumour epithelial,662.0998548310922,1210.1483516915368,0.0
Tumour epithelial (proliferative),613.952442520371,1196.1777422274008,0.0
Tumour epithelial (proliferative),503.348862803355,1178.6647943426208,0.0
Tumour epithelial (proliferative),503.919407864052,1168.7783212005838,2.696737
Tumour epithelial (proliferative),496.9395211109986,1169.571130882737,0.0
Tumour epithelial (proliferative),499.3739146936313,1164.6630793048482,0.0
Tumour epithelial,588.3432492418215,1169.4410993863876,0.0
Tumour epithelial (proliferative),499.1741824907831,1206.9716312429807,0.0
Tumour epithelial (proliferative),503.8860713578802,1203.6513662210039,0.0
Tumour epithelial (proliferative),498.39510897895525,1200.109155282219,0.0
Tumour epithelial (proliferative),504.244837180038,1191.259619582638,0.0
Tumour epithelial (proliferative),503.4308336387986,1192.9143341146118,3.4496002
Tumour epithelial (proliferative),598.784905880526,1180.0534542345154,0.0
Tumour epithelial (proliferative),603.4741348471563,1156.1447414753802,0.0
Tumour epithelial (proliferative),602.8563577576382,1176.542986278663,0.0
Tumour epithelial (proliferative),495.3175694168302,1139.9027877264846,0.0
Tumour epithelial (proliferative),501.3886698663546,1144.0750140132675,0.0
Tumour epithelial (proliferative),496.2838819093082,1133.7672133266872,0.0
Tumour epithelial (proliferative),611.9499893470572,1159.940513832046,0.0
Tumour epithelial (proliferative),598.8913851033943,1134.6977034167394,0.0
Tumour epithelial,485.37847813742275,1051.6539806463004,0.0
Tumour epithelial,505.3684304162617,1053.575897155086,0.0
Tumour epithelial,455.9403672188242,1077.514313187407,0.0
Tumour epithelial,469.576432414044,1054.1074327668784,3.4063349
Tumour epithelial,478.6732829204071,1058.3680039820633,0.0
Tumour epithelial,459.0553227066143,1052.298592667173,0.0
Tumour epithelial,470.9611722387692,1082.6214914293128,0.0
Tumour epithelial,470.3322404865741,1075.2455185398308,0.0
Tumour epithelial (proliferative),465.1298651663361,1073.520434021597,0.0
Tumour epithelial,473.2497265745162,1062.390311602467,0.0
Tumour epithelial,462.1407980144722,1066.789646821354,0.0
Tumour epithelial,480.8369050341712,1090.685228948995,0.0
Tumour epithelial,489.1710634476094,1081.742121564786,0.0
Tumour epithelial,483.6575367796122,1062.6002104835839,0.0
Tumour epithelial,520.633458807904,1040.6775376083947,0.0
Tumour epithelial,493.9686838649955,1046.5227083330121,0.0
Tumour epithelial,484.3954336509292,1043.6494584502007,0.0
Tumour epithelial,473.595489247039,1043.570993365884,0.0
Tumour epithelial,456.5197085278038,1041.9070363991207,0.0
Tumour epithelial,250.32331491730724,1039.5567171026078,0.0
Tumour epithelial,274.2798333736296,1025.216792692468,0.0
Tumour epithelial,218.679767835138,1068.5654691195355,0.0
Tumour epithelial,223.6608027773991,1077.8989259565105,0.0
Tumour epithelial,212.6004129352327,1048.1651208655767,0.0
Tumour epithelial,243.6748809980852,1081.412580958842,0.0
Tumour epithelial (proliferative),229.6537887177195,1055.0479939238048,0.0
Tumour epithelial (proliferative),239.34062526830246,1063.808865990336,0.0
Tumour epithelial,229.6783927165385,1062.418293870554,0.0
Tumour epithelial,237.7767415609843,1060.3351765508528,3.5893703
Tumour epithelial,225.4589981418643,1043.7861827441561,0.0
Tumour epithelial (proliferative),217.98836997195153,1044.1318498052847,0.0
Tumour epithelial,244.90234007906446,1026.5305569921027,0.0
Tumour epithelial,246.34403242437205,1034.0483534499067,0.0
Tumour epithelial,244.7534412675586,1037.8241111546836,0.0
Tumour epithelial,227.7130686347068,1020.4641415009028,3.304933
Tumour epithelial,238.1753135936666,1033.5975775958962,0.0
Tumour epithelial,247.65773298307704,1060.75746020934,0.0
Tumour epithelial (proliferative),245.18490361990575,1068.4739371446544,0.0
Tumour epithelial,244.8549168274547,1056.7534462357266,2.7149842
Tumour epithelial,486.7169739177355,1063.0167574584084,0.0
Tumour epithelial (proliferative),486.5219904141412,1131.0243136448728,0.0
Tumour epithelial (proliferative),487.3158199511675,1137.143442884838,0.0
Tumour epithelial,468.1487630732446,1091.2451292744518,0.0
Tumour epithelial (proliferative),480.8231369933814,1136.3702654089966,0.0
Tumour epithelial,471.8743566664397,1137.3898653186056,0.0
Tumour epithelial (proliferative),473.6938733718503,1140.1823554436355,0.0
Tumour epithelial (proliferative),495.2537966167826,1144.4569496633287,0.0
Tumour epithelial (proliferative),484.67936762175674,1140.1138976852635,0.0
Tumour epithelial (proliferative),486.34322897712576,1149.5864372305884,0.0
Tumour epithelial,462.316021829896,1144.856732773673,0.0
Tumour epithelial (proliferative),478.100602538569,1167.7083659566042,0.0
Tumour epithelial (proliferative),460.260727425958,1165.9325436584227,0.0
Tumour epithelial (proliferative),465.0217605497633,1162.0026603859142,0.0
Tumour epithelial (proliferative),468.075652227013,1152.1899992403344,0.0
Tumour epithelial (proliferative),474.8224384005816,1167.261797003946,0.0
Tumour epithelial (proliferative),463.4320298954992,1170.5612824828788,0.0
Tumour epithelial (proliferative),483.567407105182,1151.0666290973643,0.0
Tumour epithelial (proliferative),488.893121124163,1161.1234180032468,0.0
Tumour epithelial,468.675581856248,1146.300209865009,0.0
Tumour epithelial (proliferative),474.1563775569043,1156.2515712733614,0.0
Tumour epithelial (proliferative),493.3101444510091,1163.1182541354754,0.0
Tumour epithelial (proliferative),487.22757063416,1168.6658822007998,0.0
Tumour epithelial (proliferative),485.1660933600522,1164.2770642352937,0.0
Tumour epithelial,236.28890078265866,1087.7833593888008,0.0
Tumour epithelial,252.8106134714939,1091.8931195645923,0.0
Tumour epithelial,215.0137082701735,1211.5979479121127,0.0
Tumour epithelial,226.34754670025086,1206.8576624608863,0.0
Tumour epithelial,254.18945726023264,1093.9727311331662,0.0
Tumour epithelial,607.8349386741103,1059.9877884846258,0.0
Tumour epithelial,610.6040358779833,1048.8976953692736,0.0
Tumour epithelial,631.2886049369527,1059.5935508351552,0.0
Tumour epithelial (proliferative),496.58818110713725,1069.1859233280961,3.3125494
Tumour epithelial (proliferative),445.9763213654849,1365.2886750221173,0.0
Tumour epithelial (proliferative),445.0291948928115,1373.5327993725193,0.0
Tumour epithelial (proliferative),451.4270313473781,1373.149206458289,0.0
Tumour epithelial,442.8712775922449,1349.3304958917251,0.0
Tumour epithelial (proliferative),446.5383251416179,1328.4219412062012,0.0
Tumour epithelial (proliferative),446.0798047646628,1379.3149940587089,0.0
Tumour epithelial (proliferative),454.6070663242724,1325.5521970745167,0.0
Tumour epithelial,602.9516185769,1342.4624107291602,0.0
Tumour epithelial,614.8381227369263,1368.871552673976,0.0
Tumour epithelial,692.4333983284723,1324.913257996377,0.0
Tumour epithelial,578.7044096112145,1381.6445975531071,0.0
Tumour epithelial,680.9174998682736,1368.2825864846293,2.9713638
Tumour epithelial,675.0302282596666,1375.3149957636592,0.0
Tumour epithelial,685.6268072277226,1352.156896191293,0.0
Tumour epithelial,551.0628367929119,1372.060638862871,0.0
Tumour epithelial,555.0107906189571,1382.2557455859487,0.0
Tumour epithelial (proliferative),560.0307075282639,1339.4534564072665,2.4680264
Tumour epithelial (proliferative),544.0500278497288,1360.6914242168752,0.0
Tumour epithelial,540.913942243782,1306.0798530143563,0.0
Tumour epithelial,567.9173408750999,1319.6388235552456,0.0
Tumour epithelial,704.6734734248955,1023.4859077496424,0.0
Tumour epithelial,709.8986839331566,1032.1702269597447,3.5458758
Tumour epithelial,710.0383243746405,1065.2685970187156,0.0
Tumour epithelial,707.4502992164804,1066.9919605318503,2.4190707
Tumour epithelial,701.679259192968,1049.6046460192783,0.0
Tumour epithelial,706.4862017213056,1058.6319551714664,0.0
Tumour epithelial,705.0479354509631,1034.069706661317,0.0
Tumour epithelial,700.1621931984284,1042.0496248585978,0.0
Tumour epithelial,658.326328058851,1090.2538303375775,0.0
Tumour epithelial (proliferative),681.0675300812795,1093.6904862969727,0.0
Tumour epithelial,657.7105269381498,1037.4849456683726,0.0
Tumour epithelial (proliferative),657.2904423417333,1043.8550866890353,0.0
Tumour epithelial,657.5692451677292,1050.1008054151523,1.5595276
Tumour epithelial,662.7197353712867,1035.7622833054634,3.3125494
Tumour epithelial,653.536643387198,1069.3499924808427,0.0
Tumour epithelial,699.14133440546,1053.2211788819568,2.4920871
Tumour epithelial (proliferative),644.726945768606,1048.6665707586058,0.0
Tumour epithelial (proliferative),636.9568627115125,1043.7210395141224,0.0
Tumour epithelial (proliferative),640.4520965851947,1034.7443406600232,0.0
Tumour epithelial (proliferative),616.5155290398318,1034.2041362818077,0.0
Tumour epithelial,552.9677982144285,1296.3280007155986,0.0
Tumour epithelial,543.5354791956703,1293.296737068351,0.0
Tumour epithelial,567.7839629799474,1281.2688236560448,0.0
Tumour epithelial (proliferative),572.171123681284,1294.9518340459024,0.0
Tumour epithelial,679.8484051268432,1283.136687856544,0.0
Tumour epithelial,620.5283711321924,1279.0915609833496,0.0
Tumour epithelial,665.784048690523,1260.8389633516888,0.0
Tumour epithelial,672.0315202922035,1273.538196234363,0.0
Tumour epithelial (proliferative),372.9351758403181,139.40060079907758,0.0
Tumour epithelial,547.4875124412088,222.18542384878293,0.0
Tumour epithelial,662.3819721854264,514.0162903126183,0.0
Tumour epithelial (proliferative),636.0802018364932,261.9611343385418,0.0
Tumour epithelial (proliferative),886.1256222360511,402.29039217797,0.0
Tumour epithelial (proliferative),885.8099771527562,406.75815328476426,0.0
Tumour epithelial,866.7329702731017,376.426936331314,0.0
Tumour epithelial,688.2774737844303,402.76315865268685,0.0
Tumour epithelial,117.71292429805263,576.2425760563722,0.0
Tumour epithelial,129.013744926606,776.6831955959915,0.0
Tumour epithelial,846.8342153292637,457.5599291261091,0.0
Tumour epithelial,908.2386912598082,557.3444740308247,0.0
Tumour epithelial,666.1150872083123,897.3827648905836,3.5184834
Tumour epithelial,724.6606370380653,993.1028375499765,0.0
Tumour epithelial,685.6567973350913,1012.4306809227724,0.0
Tumour epithelial (proliferative),650.8289605689781,1014.2464687838025,3.4857092
Tumour epithelial (proliferative),465.6766348602988,1178.2137635248916,0.0
Tumour epithelial,238.375332630698,1056.584978958839,0.0
CD8 T cell,377.3518371582031,248.47406005859375,2.3693016
CD8 T cell,846.9207763671875,377.05096435546875,0.0
CD8 T cell,927.1078491210938,528.998291015625,0.0
CD8 T cell,939.4752807617188,518.2703247070312,0.0
CD8 T cell,936.7822875976562,496.6268310546875,0.0
CD8 T cell,918.8682861328125,489.6648254394531,0.0
CD8 T cell,891.8171997070312,456.628173828125,0.0
CD8 T cell,927.3964233398438,379.7214660644531,3.8035388
CD8 T cell,886.8060913085938,274.2756042480469,0.0
CD8 T cell,875.5855102539062,460.19427490234375,0.0
CD8 T cell,880.5386962890625,459.1490783691406,0.0
CD8 T cell,751.8359375,276.7840881347656,0.0
CD8 T cell,818.28564453125,516.5642700195312,0.0
CD8 T cell,848.9984741210938,311.7188415527344,2.0345666
CD8 T cell,747.3226928710938,261.781494140625,0.0
CD8 T cell,355.2083435058594,369.15802001953125,0.0
CD8 T cell,586.2366943359375,508.1986389160156,0.0
CD8 T cell,520.615234375,1448.4124755859375,0.0
CD8 T cell,650.9127807617188,1403.404052734375,0.0
CD8 T cell,608.1702270507812,1331.64404296875,0.0
CD8 T cell,476.4474182128906,1216.2509765625,0.0
CD8 T cell,497.3661804199219,1202.94287109375,2.3510587
CD8 T cell,231.1483612060547,794.2444458007812,0.0
CD8 T cell,224.2647247314453,786.231689453125,0.0
CD8 T cell,182.44114685058594,782.2742309570312,0.0
CD8 T cell,147.5396270751953,817.2398071289062,3.2021327
CD8 T cell,175.44749450683594,752.7819213867188,0.0
CD8 T cell,176.845458984375,745.6741333007812,4.855061
CD8 T cell,174.50083923339844,742.0366821289062,0.0
CD8 T cell,166.70042419433594,833.0646362304688,0.0
CD8 T cell,152.0634307861328,823.2196655273438,0.0
CD8 T cell,166.9710693359375,916.2594604492188,0.0
CD8 T cell,206.73870849609375,806.0457153320312,0.0
CD8 T cell,144.90542602539062,915.6367797851562,0.0
CD8 T cell,201.98776245117188,796.0685424804688,3.0676718
CD8 T cell,690.029296875,173.5553741455078,0.0
CD8 T cell,686.2627563476562,273.9300842285156,0.0
CD8 T cell,881.012451171875,343.48480224609375,0.0
CD8 T cell,905.3237915039062,341.4562072753906,0.0
CD8 T cell,911.775146484375,314.6404724121094,0.0
CD8 T cell,867.1981201171875,245.05731201171875,4.0799
CD8 T cell,749.5945434570312,267.3370361328125,0.0
CD8 T cell,833.5693969726562,310.161865234375,0.0
CD8 T cell,790.8053588867188,280.8887023925781,0.0
CD8 T cell,801.6100463867188,256.390869140625,0.0
CD8 T cell,762.5315551757812,301.46612548828125,2.297024
CD8 T cell,816.2102661132812,263.09423828125,0.0
CD8 T cell,700.5930786132812,295.1809387207031,0.0
CD8 T cell,712.05908203125,310.77886962890625,0.0
CD8 T cell,863.1904296875,393.99554443359375,0.0
CD8 T cell,939.4684448242188,478.5936584472656,0.0
CD8 T cell,929.9248046875,473.69586181640625,2.3198662
CD8 T cell,921.1326293945312,502.8634033203125,0.0
CD8 T cell,932.75048828125,461.2760925292969,0.0
CD8 T cell,901.8169555664062,469.026123046875,0.0
CD8 T cell,907.2464599609375,464.5216979980469,0.0
CD8 T cell,907.23876953125,384.2545166015625,0.0
CD8 T cell,943.2578735351562,373.33056640625,0.0
CD8 T cell,770.6559448242188,606.7223510742188,0.0
CD8 T cell,896.4172973632812,530.5239868164062,0.0
CD8 T cell,896.0036010742188,572.2277221679688,0.0
CD8 T cell,868.5388793945312,369.0026550292969,3.304933
CD8 T cell,889.8072509765625,457.550537109375,0.0
CD8 T cell,870.3836059570312,459.7005615234375,0.0
CD8 T cell,858.347900390625,427.513427734375,0.0
CD8 T cell,868.17822265625,453.7713928222656,0.0
CD8 T cell,882.9619140625,470.5429382324219,0.0
CD8 T cell,230.8260040283203,391.484130859375,0.0
CD8 T cell,207.92214965820312,446.07366943359375,0.0
CD8 T cell,229.743896484375,390.23663330078125,3.2181082
CD8 T cell,374.2629089355469,311.2283630371094,0.0
CD8 T cell,378.5616760253906,610.6483764648438,0.0
CD8 T cell,350.7074279785156,367.95794677734375,0.0
CD8 T cell,150.72496032714844,579.8950805664062,0.0
CD8 T cell,134.21463012695312,660.4400634765625,0.0
CD8 T cell,185.84730529785156,852.2532958984375,0.0
CD8 T cell,187.8566436767578,875.9346923828125,0.0
CD8 T cell,171.622314453125,848.3138427734375,0.0
CD8 T cell,169.5692138671875,839.1104125976562,0.0
CD8 T cell,94.8512954711914,1108.9097900390625,0.0
CD8 T cell,151.56805419921875,910.220458984375,0.0
CD8 T cell,156.10531616210938,919.242431640625,0.0
CD8 T cell,144.2769012451172,901.5198364257812,0.0
CD8 T cell,116.0566635131836,872.0234375,0.0
CD8 T cell,105.82927703857422,853.2237548828125,0.0
CD8 T cell,196.3024139404297,779.8236083984375,0.0
CD8 T cell,206.72064208984375,807.7286376953125,0.0
CD8 T cell,180.78187561035156,802.91796875,0.0
CD8 T cell,141.763427734375,767.3563842773438,0.0
CD8 T cell,161.56881713867188,810.5550537109375,0.0
CD8 T cell,155.5151824951172,807.3401489257812,0.0
CD8 T cell,144.80516052246094,811.6698608398438,2.7963428
CD8 T cell,302.1759338378906,774.511962890625,0.0
CD8 T cell,176.93556213378906,743.05224609375,0.0
CD8 T cell,161.578857421875,737.712158203125,0.0
CD8 T cell,165.42881774902344,775.9957275390625,0.0
CD8 T cell,138.79173278808594,755.9998779296875,0.0
CD8 T cell,201.78543090820312,752.2120971679688,3.5825472
CD8 T cell,178.56964111328125,745.9558715820312,0.0
CD8 T cell,217.44638061523438,435.3090515136719,0.0
CD8 T cell,219.0210723876953,574.1930541992188,0.0
CD8 T cell,838.297607421875,393.9714660644531,0.0
CD8 T cell,857.1300659179688,339.7410888671875,0.0
CD8 T cell,875.2011108398438,455.1266174316406,0.0
CD8 T cell,780.5584106445312,511.71697998046875,0.0
CD8 T cell,789.5211791992188,473.00567626953125,0.0
CD8 T cell,801.9075927734375,470.3221130371093,0.0
CD8 T cell,804.8274536132812,476.1946716308593,0.0
CD8 T cell,612.5162963867188,353.9815979003906,0.0
CD8 T cell,549.2200927734375,166.2877655029297,0.0
CD8 T cell,565.139404296875,140.9622344970703,2.9036927
CD8 T cell,485.7271423339843,162.18057250976562,0.0
CD8 T cell,382.23699951171875,280.74847412109375,0.0
CD8 T cell,371.1014099121094,215.47935485839844,0.0
CD8 T cell,375.8515625,245.9859619140625,0.0
CD8 T cell,353.4501037597656,220.13429260253906,0.0
CD8 T cell,680.6028442382812,927.9141845703125,0.0
CD8 T cell,613.2035522460938,1182.855712890625,5.687374
CD8 T cell,544.2901000976562,1207.283447265625,0.0
CD8 T cell,545.2606811523438,1174.7388916015625,0.0
CD8 T cell,525.9142456054688,1186.152587890625,0.0
CD8 T cell,471.9892883300781,1179.9600830078125,0.0
CD8 T cell,505.9747009277343,875.4326782226562,0.0
CD8 T cell,503.2415771484375,800.850830078125,0.0
CD8 T cell,454.7951965332031,770.9249267578125,0.0
CD8 T cell,495.19952392578125,1234.8363037109375,0.0
CD8 T cell,433.48516845703125,1236.336181640625,0.0
CD8 T cell,462.34918212890625,1388.1776123046875,0.0
CD8 T cell,447.3072814941406,1413.2908935546875,0.0
CD8 T cell,426.3006591796875,1362.7607421875,0.0
CD8 T cell,497.18707275390625,1421.1494140625,3.5458758
CD8 T cell,497.6272888183593,1370.3770751953125,0.0
CD8 T cell,424.8976745605469,1337.7392578125,0.0
CD8 T cell,616.3956909179688,1479.6309814453125,0.0
CD8 T cell,607.474365234375,1485.7664794921875,0.0
CD8 T cell,535.3133544921875,1527.869384765625,0.0
CD8 T cell,533.1951904296875,1535.925537109375,2.7707157
CD8 T cell,531.56103515625,1532.6190185546875,0.0
CD8 T cell,553.5250854492188,1538.156005859375,0.0
CD8 T cell,560.375732421875,1503.31005859375,3.6494415
CD8 T cell,579.7364501953125,1453.5391845703125,0.0
CD8 T cell,507.21173095703125,1500.0726318359375,0.0
CD8 T cell,495.4196472167969,1571.414794921875,0.0
CD8 T cell,504.9810485839843,1540.18359375,3.7174826
CD8 T cell,466.5516052246093,1563.6412353515625,0.0
CD8 T cell,525.9716796875,1378.5106201171875,0.0
CD8 T cell,568.0188598632812,1388.04296875,0.0
CD8 T cell,640.1482543945312,1374.0943603515625,0.0
CD8 T cell,637.797607421875,1387.7039794921875,0.0
CD8 T cell,649.7540283203125,1405.6636962890625,0.0
CD8 T cell,653.1470947265625,1396.9508056640625,0.0
CD8 T cell,655.6328735351562,1397.7967529296875,0.0
CD8 T cell,660.8785400390625,1393.60302734375,0.0
CD8 T cell,673.6458129882812,1367.483154296875,0.0
CD8 T cell,644.3248901367188,1352.881591796875,0.0
CD8 T cell,634.4784545898438,1350.366943359375,4.4768424
CD8 T cell,601.2496948242188,1340.696044921875,0.0
CD8 T cell,255.71337890625,786.8577270507812,0.0
CD8 T cell,234.6807098388672,804.5390014648438,0.0
CD8 T cell,225.5054626464844,782.1834106445312,0.0
CD8 T cell,260.9071044921875,774.0966186523438,0.0
CD8 T cell,327.1622619628906,1664.2386474609375,0.0
CD8 T cell,302.5138244628906,1621.1572265625,0.0
CD8 T cell,332.47808837890625,1622.374755859375,0.0
CD8 T cell,343.4926452636719,1567.4456787109375,0.0
CD8 T cell,221.7449493408203,796.1416015625,0.0
CD8 T cell,250.32513427734375,1109.9693603515625,0.0
CD8 T cell,250.4398956298828,801.2630004882812,0.0
CD8 T cell,353.11297607421875,824.1085205078125,2.876409
CD8 T cell,394.1517028808594,1609.128662109375,0.0
CD8 T cell,361.36566162109375,1612.108154296875,0.0
CD8 T cell,368.1463623046875,1027.642333984375,0.0
CD8 T cell,391.0591735839844,1194.8056640625,0.0
CD8 T cell,381.2483825683594,975.0889892578125,0.0
CD8 T cell,409.9854736328125,800.0299072265625,0.0
CD8 T cell,336.3272399902344,1071.3118896484375,0.0
CD8 T cell,353.2794494628906,1105.98095703125,0.0
CD8 T cell,306.64495849609375,1196.67724609375,0.0
CD8 T cell,269.4397888183594,1265.3365478515625,0.0
CD8 T cell,313.91082763671875,995.1292114257812,0.0
CD8 T cell,288.7704772949219,1091.6314697265625,0.0
CD8 T cell,881.7100219726562,286.6361083984375,0.0
CD8 T cell,828.541748046875,250.54420471191406,0.0
CD8 T cell,173.18429565429688,863.576904296875,0.0
CD8 T cell,112.5665054321289,818.5313720703125,0.0
CD8 T cell,121.5123291015625,712.9363403320312,0.0
CD8 T cell,660.8994750976562,643.5757446289062,0.0
CD8 T cell,482.3140563964843,651.50439453125,0.0
CD8 T cell,546.7936401367188,1192.5902099609375,0.0
CD8 T cell,531.9559326171875,1188.05517578125,4.7997656
CD8 T cell,473.6498107910156,787.6890869140625,0.0
CD8 T cell,624.7846069335938,1456.2235107421875,0.0
CD8 T cell,636.689208984375,1424.150390625,0.0
CD8 T cell,632.4002685546875,1425.7373046875,0.0
CD8 T cell,604.9517822265625,1480.1778564453125,0.0
CD8 T cell,567.0645751953125,1521.4991455078125,0.0
CD8 T cell,587.7112426757812,1496.8858642578125,0.0
CD8 T cell,551.2906494140625,1340.6680908203125,0.0
CD8 T cell,611.3772583007812,1371.3111572265625,0.0
CD8 T cell,657.9450073242188,1404.1468505859375,3.9821382
CD8 T cell,648.4283447265625,1381.98828125,0.0
CD8 T cell,629.553466796875,1352.9459228515625,0.0
CD8 T cell,561.1347045898438,1335.39697265625,0.0
CD8 T cell,355.29534912109375,1552.3936767578125,0.0
CD8 T cell,340.0189208984375,1069.0733642578125,0.0
CD8 T cell,635.857076712488,201.05586342516247,0.0
CD8 T cell,564.7353617998532,263.584010276189,0.0
CD8 T cell,736.770425674421,264.99650927574754,0.0
CD8 T cell,847.7336078132955,417.10875600555954,0.0
CD8 T cell,531.271118805076,1186.0806690540217,0.0
CD8 T cell,548.4556734206445,1152.8529049079973,4.776153
CD8 T cell,559.4862325077661,1133.7052571431325,4.4184456
CD8 T cell,482.7517144293086,1255.6454798911277,0.0
CD8 T cell,493.565873060496,1260.7740750853734,0.0
CD8 T cell,503.81962143879,1196.6496800700331,0.0
CD8 T cell,486.73000893783524,1232.032907490835,3.1324384
CD8 T cell,555.0115236396473,1436.1388854451934,0.0
CD8 T cell,684.1648452668076,1454.3712134612467,1.6027516
CD8 T cell,669.0450346479878,1401.3911550923335,0.0
CD8 T cell,551.5500405881793,1347.3354047957782,0.0
CD8 T cell,605.4748670153713,1209.006879124565,0.0
CD8 T cell,705.0742126491837,672.3975530783097,0.0
CD8 T cell,490.582797556013,885.182814709333,0.0
CD8 T cell,726.2520408917308,728.0064148650837,0.0
CD8 T cell,696.0634920739196,686.4788167962017,0.0
CD8 T cell,566.678376556331,1028.8987874898282,0.0
CD8 T cell,521.0827048796046,1017.7749754227268,0.0
CD8 T cell,578.9208100671486,992.717906076225,0.0
CD8 T cell,538.038174594252,939.3962600656766,0.0
CD8 T cell,536.6810027215713,979.3628427690718,0.0
CD8 T cell,595.1461593038878,904.7100397098643,0.0
CD8 T cell,639.541557406102,981.012904213186,0.0
CD8 T cell,516.220833605199,1137.4399656892579,0.0
CD8 T cell,550.8002879039597,1082.8679138630805,0.0
CD8 T cell,561.0130508645317,1054.1332478433596,0.0
CD8 T cell,623.1427372295027,824.225451521252,3.11994
CD8 T cell,253.08272349988354,886.1894752102368,0.0
CD8 T cell,255.8330808704591,849.0829480172296,0.0
CD8 T cell,142.86738978495728,804.4374623777967,0.0
CD8 T cell,686.3816751215412,678.079801986913,2.964363
CD8 T cell,683.0617447394447,673.3429585458842,0.0
CD8 T cell,432.68302301909745,509.78707963478826,0.0
CD8 T cell,172.71095675663307,479.517914476287,0.0
CD8 T cell,150.05264981312706,699.18812074575,0.0
CD8 T cell,143.11406718244336,660.3259133883095,0.0
CD8 T cell,836.253029795702,451.8025615319922,0.0
CD8 T cell,676.9026499366312,594.1455546892704,0.0
CD8 T cell,565.1967186481747,134.60035106834613,0.0
CD8 T cell,649.9539888285926,206.22724471839075,0.0
CD8 T cell,696.2764505196564,180.92556955461424,0.0
CD8 T cell,699.3305652901595,194.69493296882445,0.0
CD8 T cell,716.2350741316052,186.2454990842356,0.0
CD8 T cell,79.58150669828085,421.5756566098044,0.0
CD8 T cell,138.02543755104617,363.2889746303203,0.0
CD8 T cell,313.7104186001614,283.3685892799116,2.7269187
CD8 T cell,316.7297626935771,233.54072703689735,0.0
CD8 T cell,334.3995132651311,258.8791169761137,0.0
CD8 T cell,494.875589811102,168.9329526820645,0.0
CD8 T cell,323.5118613421346,208.0617086717886,0.0
CD8 T cell,337.3646775684013,261.9326899487154,0.0
CD8 T cell,314.7856643412965,260.7009761606865,0.0
CD8 T cell,293.941551735581,222.4726245422514,0.0
CD8 T cell,327.2331205521179,235.4316017129761,0.0
CD8 T cell,381.18204105069225,273.53505297989335,0.0
CD8 T cell,480.7847330833077,219.7018700742093,0.0
CD8 T cell,513.2027962008395,250.1083650654971,0.0
CD8 T cell,655.919629910122,171.21424055183897,0.0
CD8 T cell,604.0246015150348,163.5768023692076,0.0
CD8 T cell,572.229064186275,188.44194777673516,0.0
CD8 T cell,672.4196388124342,255.58366311097694,0.0
CD8 T cell,678.1023020370798,207.97215266572454,0.0
CD8 T cell,703.8251772635406,185.5093550884819,0.0
CD8 T cell,630.9343328503305,202.77226324174026,0.0
CD8 T cell,732.578105059587,193.4621196497602,0.0
CD8 T cell,745.0132433357664,194.48105027960878,0.0
CD8 T cell,700.8354248966838,180.07920155637916,0.0
CD8 T cell,692.909335914436,171.34973783289996,0.0
CD8 T cell,637.7731290557521,470.0429527756378,0.0
CD8 T cell,158.1999516914926,394.7154838472595,0.0
CD8 T cell,133.0022698543307,393.8082591965051,0.0
CD8 T cell,397.492898744467,408.4019362473147,0.0
CD8 T cell,390.7740310980558,292.9329795047657,0.0
CD8 T cell,302.0117908300807,283.5266030443478,3.8840153
CD8 T cell,266.20576982335484,284.2527715846217,0.0
CD8 T cell,292.7580101550844,275.18160867288066,0.0
CD8 T cell,355.1566832428955,308.5911619500756,0.0
CD8 T cell,315.0248840500214,304.9053426969404,0.0
CD8 T cell,333.03979175526723,286.6758511522535,0.0
CD8 T cell,439.4475610415549,324.3709939594947,0.0
CD8 T cell,519.0153634399754,331.04645403285986,0.0
CD8 T cell,82.44468551421824,341.95128413637906,0.0
CD8 T cell,128.30360723012214,353.8691807042251,0.0
CD8 T cell,131.28483424764718,348.252616823557,0.0
CD8 T cell,281.35998460891705,327.6308007097621,0.0
CD8 T cell,640.2917244063639,271.0257638050006,0.0
CD8 T cell,565.0704797371357,261.6335218957177,0.0
CD8 T cell,818.7317557519953,413.7206706345064,0.0
CD8 T cell,890.3415309786387,435.7147970917578,0.0
CD8 T cell,849.5906997966953,422.2095920249719,0.0
CD8 T cell,814.5047202333873,299.6943942216735,0.0
CD8 T cell,859.6293544081115,382.0787489460415,0.0
CD8 T cell,701.2553023350793,269.5145619759828,0.0
CD8 T cell,728.0139676672633,225.5643145907437,0.0
CD8 T cell,791.5681681970192,283.1398230836383,0.0
CD8 T cell,773.1558357958235,302.036968995242,0.0
CD8 T cell,66.87959669656424,448.6152600891254,3.5657017
CD8 T cell,78.11629394995713,455.743089539741,0.0
CD8 T cell,74.55808403784702,454.83835078524027,0.0
CD8 T cell,142.8762497741693,472.090120211054,0.0
CD8 T cell,194.27763654010113,597.4638437424302,0.0
CD8 T cell,147.86244773172666,708.2587737300543,0.0
CD8 T cell,142.4619974728096,669.2535317266297,0.0
CD8 T cell,241.88988000604374,508.4919914275215,0.0
CD8 T cell,189.09071839528698,502.9607447811002,0.0
CD8 T cell,72.23791420102695,649.8815158896329,3.7096777
CD8 T cell,45.99379752290145,578.671934105568,0.0
CD8 T cell,707.9436858819174,677.252763425574,0.0
CD8 T cell,688.584736935485,675.4024917216395,0.0
CD8 T cell,734.1005571626762,702.0474751059123,2.1852262
CD8 T cell,505.7796231530014,869.148018981582,0.0
CD8 T cell,612.9243969375921,859.8665747431468,0.0
CD8 T cell,726.0382538139095,731.4826539417501,0.0
CD8 T cell,614.2239788803945,769.2259530212912,0.0
CD8 T cell,563.695747238355,786.665088909614,0.0
CD8 T cell,505.0063500657656,774.7658684341358,0.0
CD8 T cell,530.5907481227074,760.4065667814027,0.0
CD8 T cell,555.4296322672468,700.4305589451811,0.0
CD8 T cell,567.8627786393768,668.6406626886894,0.0
CD8 T cell,698.6187225238092,738.6030257036044,0.0
CD8 T cell,231.48359958325776,808.0793641304492,0.0
CD8 T cell,139.4678310465792,719.4413549342313,0.0
CD8 T cell,233.2675169794963,856.4813577139248,0.0
CD8 T cell,229.6263801179988,824.1736938864307,0.0
CD8 T cell,286.2206766761255,856.8323152722087,0.0
CD8 T cell,275.99299833803104,748.5444435269418,0.0
CD8 T cell,282.5005648028747,792.3069898097914,0.0
CD8 T cell,484.393680775366,593.8151217103123,0.0
CD8 T cell,562.6552403038426,662.256562404448,0.0
CD8 T cell,578.3088971431521,573.7127623021538,0.0
CD8 T cell,635.1857253716554,560.8409827230985,0.0
CD8 T cell,866.8925138198479,470.206766964666,0.0
CD8 T cell,669.0691287193702,595.1766917071341,0.0
CD8 T cell,674.4274143533681,657.2337134123804,0.0
CD8 T cell,700.9155153747048,658.730732884566,0.0
CD8 T cell,904.3610855090783,474.7334884313245,0.0
CD8 T cell,882.2144150559104,481.942173251116,0.0
CD8 T cell,854.0035640278862,452.2786425350472,0.0
CD8 T cell,830.2863449564508,521.93721627957,0.0
CD8 T cell,691.8557780245915,946.5957343211434,0.0
CD8 T cell,722.449464190832,963.345894501604,0.0
CD8 T cell,574.2481537422099,981.3265095867342,0.0
CD8 T cell,583.4058768363246,958.8474421372155,0.0
CD8 T cell,533.3893573769773,962.8244299566858,3.2923765
CD8 T cell,591.007269523277,914.553615206292,0.0
CD8 T cell,264.90806823797516,1014.137153089568,0.0
CD8 T cell,676.9701037753623,1037.4750020833576,0.0
CD8 T cell,691.3567024811892,968.9321495702554,0.0
CD8 T cell,509.7401020717096,1129.9469644530616,4.4597983
CD8 T cell,575.3955223451682,1113.871629494096,0.0
CD8 T cell,609.604036304221,1024.9011476091732,0.0
CD8 T cell,540.4769663010259,987.808834643463,0.0
CD8 T cell,569.5045537626453,1003.6582717479866,0.0
CD8 T cell,559.5816845498166,1029.092942361338,0.0
CD8 T cell,568.735168872114,1027.505665732863,0.0
CD8 T cell,179.3732224575746,931.4998424861498,0.0
CD8 T cell,473.7008848741044,940.9088323246805,0.0
CD8 T cell,461.026001026531,937.8831141383065,0.0
CD8 T cell,464.3015517864054,916.0025102766423,0.0
CD8 T cell,566.5805660998858,1389.5524247590295,0.0
CD8 T cell,487.910618435571,1488.0148234318704,0.0
CD8 T cell,555.6540959507731,1440.360829657051,0.0
CD8 T cell,443.77824727928095,1670.6366661065706,0.0
CD8 T cell,421.87182834113565,1644.7366867072635,5.4650774
CD8 T cell,382.47604566215614,1566.286007840714,0.0
CD8 T cell,673.0177836956407,1411.8771754180277,0.0
CD8 T cell,676.1728162929061,1456.2492762104794,0.0
CD8 T cell,675.4479544416886,1435.3854676575227,0.0
CD8 T cell,664.7145396330504,1469.0015415465666,0.0
CD8 T cell,625.896186035163,1222.4653939604314,0.0
CD8 T cell,668.8585605584929,1126.951140762662,0.0
CD8 T cell,699.467289584115,1186.5491648864565,3.997759
CD8 T cell,483.8340035431626,1185.0246093326912,0.0
CD8 T cell,462.8039586458535,1299.1640896364634,0.0
CD8 T cell,461.958371474006,1285.9832302898603,0.0
CD8 T cell,461.73623433440923,1276.351465902437,0.0
CD8 T cell,494.0720397823143,1202.0225305064407,0.0
CD8 T cell,456.8044073897862,1312.4426000871874,0.0
CD8 T cell,502.77035012646,1302.4014914499824,0.0
CD8 T cell,493.2319980713402,1312.1954127622646,0.0
CD8 T cell,510.2326282345972,1216.077787925063,0.0
CD8 T cell,477.9870799429816,1220.4528378497787,0.0
CD8 T cell,499.992074228727,1154.0906262786395,0.0
CD8 T cell,559.2653064458315,1159.705437283744,4.686998
CD8 T cell,538.883092486339,1195.7343603212219,0.0
CD8 T cell,613.345182684234,1181.577244897126,0.0
CD8 T cell,540.6215625997849,1120.5733508304493,0.0
CD8 T cell,543.6937797942896,1111.2548093709966,0.0
CD8 T cell,514.4954622527822,1142.503545135329,0.0
CD8 T cell,632.1452830305477,1120.664627841612,0.0
CD8 T cell,549.2953645565058,1151.5691625861964,0.0
CD8 T cell,559.8451576822478,1130.2104694559575,0.0
CD8 T cell,573.1698484364548,1138.2476907489333,0.0
CD8 T cell,621.719720976563,1149.2001671973157,0.0
CD8 T cell,134.6925518250119,1086.9809885672103,0.0
CD8 T cell,274.269379861178,1152.3543233567993,0.0
CD8 T cell,434.9211901500091,1346.0566342664847,3.7174826
CD8 T cell,504.3656899825272,1346.4226346841501,0.0
CD8 T cell,497.4873106598346,1360.1857036815638,0.0
CD8 T cell,492.1267303523717,1367.1613835332648,0.0
CD8 T cell,651.4587846941874,1324.5722440231082,0.0
CD8 T cell,648.2597549202773,1355.3325967849757,0.0
CD8 T cell,607.5869864580326,1098.2585437564658,0.0
CD8 T cell,711.314640878145,1095.2144044414424,0.0
CD8 T cell,606.6848929521096,1265.2646235744935,0.0
CD8 T cell,586.528736199383,1241.3881637257275,0.0
CD8 T cell,543.073038751546,1048.3038211283492,0.0
CD8 T cell,562.8987943957791,1056.4430279086575,0.0
CD8 T cell,544.7001853314752,1097.7020854412065,0.0
CD8 T cell,542.3868676445852,1065.9578276902962,0.0
CD8 T cell,549.7417422863753,1230.9639721017286,0.0
CD8 T cell,553.1151672436243,1083.3319478304445,0.0
CD8 T cell,534.628194213887,1066.4870686286235,0.0
CD8 T cell,651.9694451515413,1264.025754867119,0.0
CD8 T cell,666.551362000843,178.28022536552663,0.0
CD8 T cell,717.5927878021872,179.09967875624528,0.0
CD8 T cell,711.158842111012,169.92912780005193,5.105548
CD8 T cell,186.85851104129142,388.1080672162241,0.0
CD8 T cell,151.0297345227044,329.4040733707603,0.0
CD8 T cell,150.58762743511693,437.3777023331831,0.0
CD8 T cell,748.4677626906774,726.5776619284815,0.0
CD8 T cell,619.8949456444617,691.620160176364,0.0
CD8 T cell,219.61733316837388,800.9603309281162,0.0
CD8 T cell,230.49408539241176,818.75087056123,0.0
CD8 T cell,602.7256251110634,879.4342752339633,0.0
CD8 T cell,557.3175748605647,996.6867987976382,0.0
CD8 T cell,476.211130162941,936.4524489738168,0.0
CD8 T cell,499.513826034066,1241.2911500309021,0.0
CD8 T cell,566.9311093421273,1206.4789138573044,0.0
CD8 T cell,513.7770063649878,1135.3278462465967,0.0
CD8 T cell,578.5961775127826,1144.232836554915,0.0
CD8 T cell,204.77022218154244,1182.9455076915538,0.0
CD8 T cell,562.8229108191106,1075.2563544978598,0.0
CD8 T cell,620.555970954702,1362.6657357697782,0.0
CD8 T cell,558.53343309236,1033.7344293717106,0.0
CD8 T cell,553.0395067602094,1211.134168908467,0.0
